2026-07-24 13:42:37,667 | INFO | 01_build_trial_table | Using remote ONE discovery at https://openalyx.internationalbrainlab.org
2026-07-24 13:48:22,111 | INFO | 01_build_trial_table | Discovered 230 candidate subjects
2026-07-24 14:04:00,514 | WARNING | 01_build_trial_table | Failed KS020 c7b0e1a3-4d4d-4a76-9339-e73d0ed5425b: trials 
 The ALF object was not found.  This may occur if the object or namespace or incorrectly formatted e.g. the object "_ibl_trials.intervals.npy" would be found with the filters `object="trials", namespace="ibl"` 
2026-07-24 14:10:19,509 | INFO | 01_build_trial_table | Using remote ONE discovery at https://openalyx.internationalbrainlab.org
2026-07-24 14:10:19,652 | INFO | 01_build_trial_table | Querying ONE for all sessions containing _ibl_leftCamera.dlc.pqt
2026-07-24 14:10:24,968 | INFO | 01_build_trial_table | ONE returned 828 DLC sessions; resolving subject identities
2026-07-24 14:10:27,351 | INFO | 01_build_trial_table | Subject discovery 10/828 sessions | 5 unique subjects | elapsed=8s
2026-07-24 14:10:27,419 | INFO | 01_build_trial_table | Subject discovery 20/828 sessions | 7 unique subjects | elapsed=8s
2026-07-24 14:10:28,635 | INFO | 01_build_trial_table | Subject discovery 30/828 sessions | 10 unique subjects | elapsed=9s
2026-07-24 14:10:32,628 | INFO | 01_build_trial_table | Subject discovery 40/828 sessions | 11 unique subjects | elapsed=13s
2026-07-24 14:10:36,577 | INFO | 01_build_trial_table | Subject discovery 50/828 sessions | 15 unique subjects | elapsed=17s
2026-07-24 14:10:39,320 | INFO | 01_build_trial_table | Subject discovery 60/828 sessions | 16 unique subjects | elapsed=20s
2026-07-24 14:10:40,930 | INFO | 01_build_trial_table | Subject discovery 70/828 sessions | 19 unique subjects | elapsed=21s
2026-07-24 14:10:44,902 | INFO | 01_build_trial_table | Subject discovery 80/828 sessions | 20 unique subjects | elapsed=25s
2026-07-24 14:10:49,034 | INFO | 01_build_trial_table | Subject discovery 90/828 sessions | 22 unique subjects | elapsed=29s
2026-07-24 14:10:52,963 | INFO | 01_build_trial_table | Subject discovery 100/828 sessions | 23 unique subjects | elapsed=33s
2026-07-24 14:10:56,959 | INFO | 01_build_trial_table | Subject discovery 110/828 sessions | 24 unique subjects | elapsed=37s
2026-07-24 14:11:00,961 | INFO | 01_build_trial_table | Subject discovery 120/828 sessions | 26 unique subjects | elapsed=41s
2026-07-24 14:11:03,697 | INFO | 01_build_trial_table | Subject discovery 130/828 sessions | 29 unique subjects | elapsed=44s
2026-07-24 14:11:07,738 | INFO | 01_build_trial_table | Subject discovery 140/828 sessions | 33 unique subjects | elapsed=48s
2026-07-24 14:11:11,304 | INFO | 01_build_trial_table | Subject discovery 150/828 sessions | 36 unique subjects | elapsed=52s
2026-07-24 14:11:14,490 | INFO | 01_build_trial_table | Subject discovery 160/828 sessions | 36 unique subjects | elapsed=55s
2026-07-24 14:11:16,469 | INFO | 01_build_trial_table | Subject discovery 170/828 sessions | 38 unique subjects | elapsed=57s
2026-07-24 14:11:19,460 | INFO | 01_build_trial_table | Subject discovery 180/828 sessions | 40 unique subjects | elapsed=1m 00s
2026-07-24 14:11:22,617 | INFO | 01_build_trial_table | Subject discovery 190/828 sessions | 41 unique subjects | elapsed=1m 03s
2026-07-24 14:11:25,432 | INFO | 01_build_trial_table | Subject discovery 200/828 sessions | 44 unique subjects | elapsed=1m 06s
2026-07-24 14:11:29,336 | INFO | 01_build_trial_table | Subject discovery 210/828 sessions | 46 unique subjects | elapsed=1m 10s
2026-07-24 14:11:33,339 | INFO | 01_build_trial_table | Subject discovery 220/828 sessions | 47 unique subjects | elapsed=1m 14s
2026-07-24 14:11:36,863 | INFO | 01_build_trial_table | Subject discovery 230/828 sessions | 50 unique subjects | elapsed=1m 17s
2026-07-24 14:11:40,804 | INFO | 01_build_trial_table | Subject discovery 240/828 sessions | 55 unique subjects | elapsed=1m 21s
2026-07-24 14:11:44,745 | INFO | 01_build_trial_table | Subject discovery 250/828 sessions | 58 unique subjects | elapsed=1m 25s
2026-07-24 14:11:48,824 | INFO | 01_build_trial_table | Subject discovery 260/828 sessions | 60 unique subjects | elapsed=1m 29s
2026-07-24 14:11:52,757 | INFO | 01_build_trial_table | Subject discovery 270/828 sessions | 63 unique subjects | elapsed=1m 33s
2026-07-24 14:11:56,658 | INFO | 01_build_trial_table | Subject discovery 280/828 sessions | 66 unique subjects | elapsed=1m 37s
2026-07-24 14:12:00,712 | INFO | 01_build_trial_table | Subject discovery 290/828 sessions | 72 unique subjects | elapsed=1m 41s
2026-07-24 14:12:05,107 | INFO | 01_build_trial_table | Subject discovery 300/828 sessions | 77 unique subjects | elapsed=1m 45s
2026-07-24 14:12:09,024 | INFO | 01_build_trial_table | Subject discovery 310/828 sessions | 80 unique subjects | elapsed=1m 49s
2026-07-24 14:12:12,941 | INFO | 01_build_trial_table | Subject discovery 320/828 sessions | 82 unique subjects | elapsed=1m 53s
2026-07-24 14:12:17,005 | INFO | 01_build_trial_table | Subject discovery 330/828 sessions | 85 unique subjects | elapsed=1m 57s
2026-07-24 14:12:20,941 | INFO | 01_build_trial_table | Subject discovery 340/828 sessions | 87 unique subjects | elapsed=2m 01s
2026-07-24 14:12:24,892 | INFO | 01_build_trial_table | Subject discovery 350/828 sessions | 89 unique subjects | elapsed=2m 05s
2026-07-24 14:12:28,790 | INFO | 01_build_trial_table | Subject discovery 360/828 sessions | 93 unique subjects | elapsed=2m 09s
2026-07-24 14:12:32,723 | INFO | 01_build_trial_table | Subject discovery 370/828 sessions | 97 unique subjects | elapsed=2m 13s
2026-07-24 14:12:36,662 | INFO | 01_build_trial_table | Subject discovery 380/828 sessions | 98 unique subjects | elapsed=2m 17s
2026-07-24 14:12:40,785 | INFO | 01_build_trial_table | Subject discovery 390/828 sessions | 100 unique subjects | elapsed=2m 21s
2026-07-24 14:12:44,703 | INFO | 01_build_trial_table | Subject discovery 400/828 sessions | 103 unique subjects | elapsed=2m 25s
2026-07-24 14:12:48,670 | INFO | 01_build_trial_table | Subject discovery 410/828 sessions | 105 unique subjects | elapsed=2m 29s
2026-07-24 14:12:52,632 | INFO | 01_build_trial_table | Subject discovery 420/828 sessions | 107 unique subjects | elapsed=2m 33s
2026-07-24 14:12:56,539 | INFO | 01_build_trial_table | Subject discovery 430/828 sessions | 108 unique subjects | elapsed=2m 37s
2026-07-24 14:13:00,616 | INFO | 01_build_trial_table | Subject discovery 440/828 sessions | 110 unique subjects | elapsed=2m 41s
2026-07-24 14:13:04,751 | INFO | 01_build_trial_table | Subject discovery 450/828 sessions | 113 unique subjects | elapsed=2m 45s
2026-07-24 14:13:10,603 | INFO | 01_build_trial_table | Subject discovery 460/828 sessions | 117 unique subjects | elapsed=2m 51s
2026-07-24 14:13:13,739 | INFO | 01_build_trial_table | Subject discovery 470/828 sessions | 120 unique subjects | elapsed=2m 54s
2026-07-24 14:13:16,124 | INFO | 01_build_trial_table | Subject discovery 480/828 sessions | 124 unique subjects | elapsed=2m 56s
2026-07-24 14:13:18,525 | INFO | 01_build_trial_table | Subject discovery 490/828 sessions | 126 unique subjects | elapsed=2m 59s
2026-07-24 14:13:22,487 | INFO | 01_build_trial_table | Subject discovery 500/828 sessions | 129 unique subjects | elapsed=3m 03s
2026-07-24 14:13:25,673 | INFO | 01_build_trial_table | Subject discovery 510/828 sessions | 132 unique subjects | elapsed=3m 06s
2026-07-24 14:13:28,813 | INFO | 01_build_trial_table | Subject discovery 520/828 sessions | 136 unique subjects | elapsed=3m 09s
2026-07-24 14:13:31,564 | INFO | 01_build_trial_table | Subject discovery 530/828 sessions | 138 unique subjects | elapsed=3m 12s
2026-07-24 14:13:35,504 | INFO | 01_build_trial_table | Subject discovery 540/828 sessions | 140 unique subjects | elapsed=3m 16s
2026-07-24 14:13:37,139 | INFO | 01_build_trial_table | Subject discovery 550/828 sessions | 142 unique subjects | elapsed=3m 17s
2026-07-24 14:13:41,024 | INFO | 01_build_trial_table | Subject discovery 560/828 sessions | 147 unique subjects | elapsed=3m 21s
2026-07-24 14:13:44,914 | INFO | 01_build_trial_table | Subject discovery 570/828 sessions | 150 unique subjects | elapsed=3m 25s
2026-07-24 14:13:48,913 | INFO | 01_build_trial_table | Subject discovery 580/828 sessions | 154 unique subjects | elapsed=3m 29s
2026-07-24 14:13:52,843 | INFO | 01_build_trial_table | Subject discovery 590/828 sessions | 157 unique subjects | elapsed=3m 33s
2026-07-24 14:13:55,360 | INFO | 01_build_trial_table | Subject discovery 600/828 sessions | 161 unique subjects | elapsed=3m 36s
2026-07-24 14:13:57,717 | INFO | 01_build_trial_table | Subject discovery 610/828 sessions | 162 unique subjects | elapsed=3m 38s
2026-07-24 14:14:01,776 | INFO | 01_build_trial_table | Subject discovery 620/828 sessions | 166 unique subjects | elapsed=3m 42s
2026-07-24 14:14:05,874 | INFO | 01_build_trial_table | Subject discovery 630/828 sessions | 170 unique subjects | elapsed=3m 46s
2026-07-24 14:14:09,788 | INFO | 01_build_trial_table | Subject discovery 640/828 sessions | 171 unique subjects | elapsed=3m 50s
2026-07-24 14:14:13,338 | INFO | 01_build_trial_table | Subject discovery 650/828 sessions | 175 unique subjects | elapsed=3m 54s
2026-07-24 14:14:17,261 | INFO | 01_build_trial_table | Subject discovery 660/828 sessions | 177 unique subjects | elapsed=3m 58s
2026-07-24 14:14:21,183 | INFO | 01_build_trial_table | Subject discovery 670/828 sessions | 182 unique subjects | elapsed=4m 02s
2026-07-24 14:14:24,345 | INFO | 01_build_trial_table | Subject discovery 680/828 sessions | 185 unique subjects | elapsed=4m 05s
2026-07-24 14:14:27,490 | INFO | 01_build_trial_table | Subject discovery 690/828 sessions | 187 unique subjects | elapsed=4m 08s
2026-07-24 14:14:31,417 | INFO | 01_build_trial_table | Subject discovery 700/828 sessions | 190 unique subjects | elapsed=4m 12s
2026-07-24 14:14:35,375 | INFO | 01_build_trial_table | Subject discovery 710/828 sessions | 193 unique subjects | elapsed=4m 16s
2026-07-24 14:14:39,320 | INFO | 01_build_trial_table | Subject discovery 720/828 sessions | 195 unique subjects | elapsed=4m 20s
2026-07-24 14:14:43,340 | INFO | 01_build_trial_table | Subject discovery 730/828 sessions | 199 unique subjects | elapsed=4m 24s
2026-07-24 14:14:47,287 | INFO | 01_build_trial_table | Subject discovery 740/828 sessions | 203 unique subjects | elapsed=4m 28s
2026-07-24 14:14:51,243 | INFO | 01_build_trial_table | Subject discovery 750/828 sessions | 205 unique subjects | elapsed=4m 32s
2026-07-24 14:14:55,159 | INFO | 01_build_trial_table | Subject discovery 760/828 sessions | 207 unique subjects | elapsed=4m 36s
2026-07-24 14:14:59,055 | INFO | 01_build_trial_table | Subject discovery 770/828 sessions | 209 unique subjects | elapsed=4m 39s
2026-07-24 14:15:03,673 | INFO | 01_build_trial_table | Subject discovery 780/828 sessions | 215 unique subjects | elapsed=4m 44s
2026-07-24 14:15:07,629 | INFO | 01_build_trial_table | Subject discovery 790/828 sessions | 218 unique subjects | elapsed=4m 48s
2026-07-24 14:15:11,536 | INFO | 01_build_trial_table | Subject discovery 800/828 sessions | 220 unique subjects | elapsed=4m 52s
2026-07-24 14:15:15,487 | INFO | 01_build_trial_table | Subject discovery 810/828 sessions | 224 unique subjects | elapsed=4m 56s
2026-07-24 14:15:19,458 | INFO | 01_build_trial_table | Subject discovery 820/828 sessions | 228 unique subjects | elapsed=5m 00s
2026-07-24 14:15:22,604 | INFO | 01_build_trial_table | Subject discovery 828/828 sessions | 230 unique subjects | elapsed=5m 03s
2026-07-24 14:15:22,604 | INFO | 01_build_trial_table | Discovered 230 candidate subjects
2026-07-24 14:15:22,604 | INFO | 01_build_trial_table | Subject 1/230 | CSHL024 | starting discovery
2026-07-24 14:15:23,417 | INFO | 01_build_trial_table | Subject CSHL024: querying left-camera DLC sessions
2026-07-24 14:15:23,834 | INFO | 01_build_trial_table | Subject CSHL024: checking task protocol for 1 DLC sessions
2026-07-24 14:15:23,840 | INFO | 01_build_trial_table | Subject CSHL024: protocol checks 1/1 (1 ChoiceWorld)
2026-07-24 14:15:23,840 | INFO | 01_build_trial_table | Subject CSHL024: querying raw left-camera video sessions
2026-07-24 14:15:24,257 | INFO | 01_build_trial_table | Subject CSHL024: found 1 raw-video sessions
2026-07-24 14:15:24,257 | INFO | 01_build_trial_table | Subject 1/230 | CSHL024 | 1 ChoiceWorld DLC sessions; 1 video sessions
2026-07-24 14:15:24,257 | INFO | 01_build_trial_table | Subject 1/230 | CSHL024 | session 1/1 | loading 89e258e9-cbca-4eca-bac4-13a2388b5113
2026-07-24 14:15:27,528 | INFO | 01_build_trial_table | Loaded 89e258e9-cbca-4eca-bac4-13a2388b5113 | trials=580 | choices=578 | session time=3s | cumulative sessions=1/1 | cumulative trials=580
2026-07-24 14:15:27,529 | INFO | 01_build_trial_table | Subject 1/230 | CSHL024 complete | elapsed=5s | total loaded sessions=1 | total trials=580
2026-07-24 14:15:27,529 | INFO | 01_build_trial_table | Subject 2/230 | CSHL025 | starting discovery
2026-07-24 14:15:28,418 | INFO | 01_build_trial_table | Subject CSHL025: querying left-camera DLC sessions
2026-07-24 14:15:28,838 | INFO | 01_build_trial_table | Subject CSHL025: checking task protocol for 1 DLC sessions
2026-07-24 14:15:28,845 | INFO | 01_build_trial_table | Subject CSHL025: protocol checks 1/1 (1 ChoiceWorld)
2026-07-24 14:15:28,845 | INFO | 01_build_trial_table | Subject CSHL025: querying raw left-camera video sessions
2026-07-24 14:15:29,252 | INFO | 01_build_trial_table | Subject CSHL025: found 1 raw-video sessions
2026-07-24 14:15:29,253 | INFO | 01_build_trial_table | Subject 2/230 | CSHL025 | 1 ChoiceWorld DLC sessions; 1 video sessions
2026-07-24 14:15:29,253 | INFO | 01_build_trial_table | Subject 2/230 | CSHL025 | session 1/1 | loading c875fc7d-0966-448a-813d-663088fbfae8
2026-07-24 14:15:31,299 | INFO | 01_build_trial_table | Loaded c875fc7d-0966-448a-813d-663088fbfae8 | trials=740 | choices=740 | session time=2s | cumulative sessions=2/2 | cumulative trials=1320
2026-07-24 14:15:31,299 | INFO | 01_build_trial_table | Subject 2/230 | CSHL025 complete | elapsed=4s | total loaded sessions=2 | total trials=1320
2026-07-24 14:15:31,299 | INFO | 01_build_trial_table | Subject 3/230 | CSHL045 | starting discovery
2026-07-24 14:15:32,491 | INFO | 01_build_trial_table | Subject CSHL045: querying left-camera DLC sessions
2026-07-24 14:15:32,913 | INFO | 01_build_trial_table | Subject CSHL045: checking task protocol for 5 DLC sessions
2026-07-24 14:15:32,949 | INFO | 01_build_trial_table | Subject CSHL045: protocol checks 5/5 (5 ChoiceWorld)
2026-07-24 14:15:32,949 | INFO | 01_build_trial_table | Subject CSHL045: querying raw left-camera video sessions
2026-07-24 14:15:33,358 | INFO | 01_build_trial_table | Subject CSHL045: found 5 raw-video sessions
2026-07-24 14:15:33,358 | INFO | 01_build_trial_table | Subject 3/230 | CSHL045 | 5 ChoiceWorld DLC sessions; 5 video sessions
2026-07-24 14:15:33,358 | INFO | 01_build_trial_table | Subject 3/230 | CSHL045 | session 1/5 | loading 034e726f-b35f-41e0-8d6c-a22cc32391fb
2026-07-24 14:15:36,417 | INFO | 01_build_trial_table | Loaded 034e726f-b35f-41e0-8d6c-a22cc32391fb | trials=589 | choices=585 | session time=3s | cumulative sessions=3/3 | cumulative trials=1909
2026-07-24 14:15:36,417 | INFO | 01_build_trial_table | Subject 3/230 | CSHL045 | session 2/5 | loading 46794e05-3f6a-4d35-afb3-9165091a5a74
2026-07-24 14:15:38,911 | INFO | 01_build_trial_table | Loaded 46794e05-3f6a-4d35-afb3-9165091a5a74 | trials=807 | choices=807 | session time=2s | cumulative sessions=4/4 | cumulative trials=2716
2026-07-24 14:15:38,911 | INFO | 01_build_trial_table | Subject 3/230 | CSHL045 | session 3/5 | loading 7939711b-8b4d-4251-b698-b97c1eaa846e
2026-07-24 14:15:41,241 | INFO | 01_build_trial_table | Loaded 7939711b-8b4d-4251-b698-b97c1eaa846e | trials=1019 | choices=1019 | session time=2s | cumulative sessions=5/5 | cumulative trials=3735
2026-07-24 14:15:41,241 | INFO | 01_build_trial_table | Subject 3/230 | CSHL045 | session 4/5 | loading dfd8e7df-dc51-4589-b6ca-7baccfeb94b4
2026-07-24 14:15:43,767 | INFO | 01_build_trial_table | Loaded dfd8e7df-dc51-4589-b6ca-7baccfeb94b4 | trials=528 | choices=513 | session time=3s | cumulative sessions=6/6 | cumulative trials=4263
2026-07-24 14:15:43,767 | INFO | 01_build_trial_table | Subject 3/230 | CSHL045 | session 5/5 | loading fa704052-147e-46f6-b190-a65b837e605e
2026-07-24 14:15:46,899 | INFO | 01_build_trial_table | Loaded fa704052-147e-46f6-b190-a65b837e605e | trials=1007 | choices=1006 | session time=3s | cumulative sessions=7/7 | cumulative trials=5270
2026-07-24 14:15:46,900 | INFO | 01_build_trial_table | Subject 3/230 | CSHL045 complete | elapsed=16s | total loaded sessions=7 | total trials=5270
2026-07-24 14:15:46,900 | INFO | 01_build_trial_table | Subject 4/230 | CSHL046 | starting discovery
2026-07-24 14:15:48,359 | INFO | 01_build_trial_table | Subject CSHL046: querying left-camera DLC sessions
2026-07-24 14:15:48,765 | INFO | 01_build_trial_table | Subject CSHL046: checking task protocol for 1 DLC sessions
2026-07-24 14:15:48,773 | INFO | 01_build_trial_table | Subject CSHL046: protocol checks 1/1 (1 ChoiceWorld)
2026-07-24 14:15:48,773 | INFO | 01_build_trial_table | Subject CSHL046: querying raw left-camera video sessions
2026-07-24 14:15:49,172 | INFO | 01_build_trial_table | Subject CSHL046: found 1 raw-video sessions
2026-07-24 14:15:49,172 | INFO | 01_build_trial_table | Subject 4/230 | CSHL046 | 1 ChoiceWorld DLC sessions; 1 video sessions
2026-07-24 14:15:49,172 | INFO | 01_build_trial_table | Subject 4/230 | CSHL046 | session 1/1 | loading c94463ed-57da-4f02-8406-46f2f03924f3
2026-07-24 14:15:51,526 | INFO | 01_build_trial_table | Loaded c94463ed-57da-4f02-8406-46f2f03924f3 | trials=807 | choices=807 | session time=2s | cumulative sessions=8/8 | cumulative trials=6077
2026-07-24 14:15:51,526 | INFO | 01_build_trial_table | Subject 4/230 | CSHL046 complete | elapsed=5s | total loaded sessions=8 | total trials=6077
2026-07-24 14:15:51,526 | INFO | 01_build_trial_table | Subject 5/230 | CSHL047 | starting discovery
2026-07-24 14:15:52,559 | INFO | 01_build_trial_table | Subject CSHL047: querying left-camera DLC sessions
2026-07-24 14:15:52,963 | INFO | 01_build_trial_table | Subject CSHL047: checking task protocol for 3 DLC sessions
2026-07-24 14:15:52,982 | INFO | 01_build_trial_table | Subject CSHL047: protocol checks 3/3 (3 ChoiceWorld)
2026-07-24 14:15:52,983 | INFO | 01_build_trial_table | Subject CSHL047: querying raw left-camera video sessions
2026-07-24 14:15:53,413 | INFO | 01_build_trial_table | Subject CSHL047: found 3 raw-video sessions
2026-07-24 14:15:53,413 | INFO | 01_build_trial_table | Subject 5/230 | CSHL047 | 3 ChoiceWorld DLC sessions; 3 video sessions
2026-07-24 14:15:53,413 | INFO | 01_build_trial_table | Subject 5/230 | CSHL047 | session 1/3 | loading 2d5f6d81-38c4-4bdc-ac3c-302ea4d5f46e
2026-07-24 14:15:56,843 | INFO | 01_build_trial_table | Loaded 2d5f6d81-38c4-4bdc-ac3c-302ea4d5f46e | trials=421 | choices=420 | session time=3s | cumulative sessions=9/9 | cumulative trials=6498
2026-07-24 14:15:56,843 | INFO | 01_build_trial_table | Subject 5/230 | CSHL047 | session 2/3 | loading 89f0d6ff-69f4-45bc-b89e-72868abb042a
2026-07-24 14:15:57,936 | INFO | 01_build_trial_table | Loaded 89f0d6ff-69f4-45bc-b89e-72868abb042a | trials=948 | choices=948 | session time=1s | cumulative sessions=10/10 | cumulative trials=7446
2026-07-24 14:15:57,936 | INFO | 01_build_trial_table | Subject 5/230 | CSHL047 | session 3/3 | loading b52182e7-39f6-4914-9717-136db589706e
2026-07-24 14:16:01,123 | INFO | 01_build_trial_table | Loaded b52182e7-39f6-4914-9717-136db589706e | trials=700 | choices=698 | session time=3s | cumulative sessions=11/11 | cumulative trials=8146
2026-07-24 14:16:01,123 | INFO | 01_build_trial_table | Subject 5/230 | CSHL047 complete | elapsed=10s | total loaded sessions=11 | total trials=8146
2026-07-24 14:16:01,123 | INFO | 01_build_trial_table | Subject 6/230 | CSHL049 | starting discovery
2026-07-24 14:16:02,793 | INFO | 01_build_trial_table | Subject CSHL049: querying left-camera DLC sessions
2026-07-24 14:16:03,219 | INFO | 01_build_trial_table | Subject CSHL049: checking task protocol for 4 DLC sessions
2026-07-24 14:16:03,246 | INFO | 01_build_trial_table | Subject CSHL049: protocol checks 4/4 (4 ChoiceWorld)
2026-07-24 14:16:03,247 | INFO | 01_build_trial_table | Subject CSHL049: querying raw left-camera video sessions
2026-07-24 14:16:03,663 | INFO | 01_build_trial_table | Subject CSHL049: found 4 raw-video sessions
2026-07-24 14:16:03,663 | INFO | 01_build_trial_table | Subject 6/230 | CSHL049 | 4 ChoiceWorld DLC sessions; 4 video sessions
2026-07-24 14:16:03,663 | INFO | 01_build_trial_table | Subject 6/230 | CSHL049 | session 1/4 | loading 4b7fbad4-f6de-43b4-9b15-c7c7ef44db4b
2026-07-24 14:16:07,240 | INFO | 01_build_trial_table | Loaded 4b7fbad4-f6de-43b4-9b15-c7c7ef44db4b | trials=842 | choices=842 | session time=4s | cumulative sessions=12/12 | cumulative trials=8988
2026-07-24 14:16:07,241 | INFO | 01_build_trial_table | Subject 6/230 | CSHL049 | session 2/4 | loading c99d53e6-c317-4c53-99ba-070b26673ac4
2026-07-24 14:16:09,602 | INFO | 01_build_trial_table | Loaded c99d53e6-c317-4c53-99ba-070b26673ac4 | trials=642 | choices=640 | session time=2s | cumulative sessions=13/13 | cumulative trials=9630
2026-07-24 14:16:09,603 | INFO | 01_build_trial_table | Subject 6/230 | CSHL049 | session 3/4 | loading d2918f52-8280-43c0-924b-029b2317e62c
2026-07-24 14:16:11,920 | INFO | 01_build_trial_table | Loaded d2918f52-8280-43c0-924b-029b2317e62c | trials=837 | choices=837 | session time=2s | cumulative sessions=14/14 | cumulative trials=10467
2026-07-24 14:16:11,921 | INFO | 01_build_trial_table | Subject 6/230 | CSHL049 | session 4/4 | loading d839491f-55d8-4cbe-a298-7839208ba12b
2026-07-24 14:16:15,016 | INFO | 01_build_trial_table | Loaded d839491f-55d8-4cbe-a298-7839208ba12b | trials=559 | choices=554 | session time=3s | cumulative sessions=15/15 | cumulative trials=11026
2026-07-24 14:16:15,017 | INFO | 01_build_trial_table | Subject 6/230 | CSHL049 complete | elapsed=14s | total loaded sessions=15 | total trials=11026
2026-07-24 14:16:15,017 | INFO | 01_build_trial_table | Subject 7/230 | CSHL051 | starting discovery
2026-07-24 14:16:16,028 | INFO | 01_build_trial_table | Subject CSHL051: querying left-camera DLC sessions
2026-07-24 14:16:16,447 | INFO | 01_build_trial_table | Subject CSHL051: checking task protocol for 1 DLC sessions
2026-07-24 14:16:16,454 | INFO | 01_build_trial_table | Subject CSHL051: protocol checks 1/1 (1 ChoiceWorld)
2026-07-24 14:16:16,454 | INFO | 01_build_trial_table | Subject CSHL051: querying raw left-camera video sessions
2026-07-24 14:16:16,875 | INFO | 01_build_trial_table | Subject CSHL051: found 1 raw-video sessions
2026-07-24 14:16:16,875 | INFO | 01_build_trial_table | Subject 7/230 | CSHL051 | 1 ChoiceWorld DLC sessions; 1 video sessions
2026-07-24 14:16:16,875 | INFO | 01_build_trial_table | Subject 7/230 | CSHL051 | session 1/1 | loading ecb5520d-1358-434c-95ec-93687ecd1396
2026-07-24 14:16:20,359 | INFO | 01_build_trial_table | Loaded ecb5520d-1358-434c-95ec-93687ecd1396 | trials=510 | choices=502 | session time=3s | cumulative sessions=16/16 | cumulative trials=11536
2026-07-24 14:16:20,359 | INFO | 01_build_trial_table | Subject 7/230 | CSHL051 complete | elapsed=5s | total loaded sessions=16 | total trials=11536
2026-07-24 14:16:20,359 | INFO | 01_build_trial_table | Subject 8/230 | CSHL052 | starting discovery
2026-07-24 14:16:21,484 | INFO | 01_build_trial_table | Subject CSHL052: querying left-camera DLC sessions
2026-07-24 14:16:21,894 | INFO | 01_build_trial_table | Subject CSHL052: checking task protocol for 5 DLC sessions
2026-07-24 14:16:21,929 | INFO | 01_build_trial_table | Subject CSHL052: protocol checks 5/5 (5 ChoiceWorld)
2026-07-24 14:16:21,930 | INFO | 01_build_trial_table | Subject CSHL052: querying raw left-camera video sessions
2026-07-24 14:16:22,385 | INFO | 01_build_trial_table | Subject CSHL052: found 5 raw-video sessions
2026-07-24 14:16:22,385 | INFO | 01_build_trial_table | Subject 8/230 | CSHL052 | 5 ChoiceWorld DLC sessions; 5 video sessions
2026-07-24 14:16:22,385 | INFO | 01_build_trial_table | Subject 8/230 | CSHL052 | session 1/5 | loading 3663d82b-f197-4e8b-b299-7b803a155b84
2026-07-24 14:16:25,462 | INFO | 01_build_trial_table | Loaded 3663d82b-f197-4e8b-b299-7b803a155b84 | trials=893 | choices=893 | session time=3s | cumulative sessions=17/17 | cumulative trials=12429
2026-07-24 14:16:25,462 | INFO | 01_build_trial_table | Subject 8/230 | CSHL052 | session 2/5 | loading 4b00df29-3769-43be-bb40-128b1cba6d35
2026-07-24 14:16:28,705 | INFO | 01_build_trial_table | Loaded 4b00df29-3769-43be-bb40-128b1cba6d35 | trials=812 | choices=812 | session time=3s | cumulative sessions=18/18 | cumulative trials=13241
2026-07-24 14:16:28,705 | INFO | 01_build_trial_table | Subject 8/230 | CSHL052 | session 3/5 | loading 5386aba9-9b97-4557-abcd-abc2da66b863
2026-07-24 14:16:31,145 | INFO | 01_build_trial_table | Loaded 5386aba9-9b97-4557-abcd-abc2da66b863 | trials=1011 | choices=1010 | session time=2s | cumulative sessions=19/19 | cumulative trials=14252
2026-07-24 14:16:31,146 | INFO | 01_build_trial_table | Subject 8/230 | CSHL052 | session 4/5 | loading 83e77b4b-dfa0-4af9-968b-7ea0c7a0c7e4
2026-07-24 14:16:34,224 | INFO | 01_build_trial_table | Loaded 83e77b4b-dfa0-4af9-968b-7ea0c7a0c7e4 | trials=907 | choices=907 | session time=3s | cumulative sessions=20/20 | cumulative trials=15159
2026-07-24 14:16:34,224 | INFO | 01_build_trial_table | Subject 8/230 | CSHL052 | session 5/5 | loading 85dc2ebd-8aaf-46b0-9284-a197aee8b16f
2026-07-24 14:16:36,649 | INFO | 01_build_trial_table | Loaded 85dc2ebd-8aaf-46b0-9284-a197aee8b16f | trials=770 | choices=762 | session time=2s | cumulative sessions=21/21 | cumulative trials=15929
2026-07-24 14:16:36,649 | INFO | 01_build_trial_table | Subject 8/230 | CSHL052 complete | elapsed=16s | total loaded sessions=21 | total trials=15929
2026-07-24 14:16:36,649 | INFO | 01_build_trial_table | Subject 9/230 | CSHL053 | starting discovery
2026-07-24 14:16:37,658 | INFO | 01_build_trial_table | Subject CSHL053: querying left-camera DLC sessions
2026-07-24 14:16:38,100 | INFO | 01_build_trial_table | Subject CSHL053: checking task protocol for 4 DLC sessions
2026-07-24 14:16:38,128 | INFO | 01_build_trial_table | Subject CSHL053: protocol checks 4/4 (4 ChoiceWorld)
2026-07-24 14:16:38,128 | INFO | 01_build_trial_table | Subject CSHL053: querying raw left-camera video sessions
2026-07-24 14:16:38,535 | INFO | 01_build_trial_table | Subject CSHL053: found 4 raw-video sessions
2026-07-24 14:16:38,535 | INFO | 01_build_trial_table | Subject 9/230 | CSHL053 | 4 ChoiceWorld DLC sessions; 4 video sessions
2026-07-24 14:16:38,535 | INFO | 01_build_trial_table | Subject 9/230 | CSHL053 | session 1/4 | loading 0deb75fb-9088-42d9-b744-012fb8fc4afb
2026-07-24 14:16:40,925 | INFO | 01_build_trial_table | Loaded 0deb75fb-9088-42d9-b744-012fb8fc4afb | trials=675 | choices=675 | session time=2s | cumulative sessions=22/22 | cumulative trials=16604
2026-07-24 14:16:40,925 | INFO | 01_build_trial_table | Subject 9/230 | CSHL053 | session 2/4 | loading 12dc8b34-b18e-4cdd-90a9-da134a9be79c
2026-07-24 14:16:43,347 | INFO | 01_build_trial_table | Loaded 12dc8b34-b18e-4cdd-90a9-da134a9be79c | trials=907 | choices=907 | session time=2s | cumulative sessions=23/23 | cumulative trials=17511
2026-07-24 14:16:43,347 | INFO | 01_build_trial_table | Subject 9/230 | CSHL053 | session 3/4 | loading 810b1e07-009e-4ebe-930a-915e4cd8ece4
2026-07-24 14:16:46,574 | INFO | 01_build_trial_table | Loaded 810b1e07-009e-4ebe-930a-915e4cd8ece4 | trials=469 | choices=469 | session time=3s | cumulative sessions=24/24 | cumulative trials=17980
2026-07-24 14:16:46,575 | INFO | 01_build_trial_table | Subject 9/230 | CSHL053 | session 4/4 | loading eef82e27-c20e-48da-b4b7-c443031649e3
2026-07-24 14:16:48,922 | INFO | 01_build_trial_table | Loaded eef82e27-c20e-48da-b4b7-c443031649e3 | trials=509 | choices=505 | session time=2s | cumulative sessions=25/25 | cumulative trials=18489
2026-07-24 14:16:48,922 | INFO | 01_build_trial_table | Subject 9/230 | CSHL053 complete | elapsed=12s | total loaded sessions=25 | total trials=18489
2026-07-24 14:16:48,922 | INFO | 01_build_trial_table | Subject 10/230 | CSHL054 | starting discovery
2026-07-24 14:16:49,951 | INFO | 01_build_trial_table | Subject CSHL054: querying left-camera DLC sessions
2026-07-24 14:16:50,371 | INFO | 01_build_trial_table | Subject CSHL054: checking task protocol for 2 DLC sessions
2026-07-24 14:16:50,383 | INFO | 01_build_trial_table | Subject CSHL054: protocol checks 2/2 (2 ChoiceWorld)
2026-07-24 14:16:50,383 | INFO | 01_build_trial_table | Subject CSHL054: querying raw left-camera video sessions
2026-07-24 14:16:50,786 | INFO | 01_build_trial_table | Subject CSHL054: found 2 raw-video sessions
2026-07-24 14:16:50,787 | INFO | 01_build_trial_table | Subject 10/230 | CSHL054 | 2 ChoiceWorld DLC sessions; 2 video sessions
2026-07-24 14:16:50,787 | INFO | 01_build_trial_table | Subject 10/230 | CSHL054 | session 1/2 | loading 57fd2325-67f4-4d45-9907-29e77d3043d7
2026-07-24 14:16:52,709 | INFO | 01_build_trial_table | Loaded 57fd2325-67f4-4d45-9907-29e77d3043d7 | trials=171 | choices=164 | session time=2s | cumulative sessions=26/26 | cumulative trials=18660
2026-07-24 14:16:52,709 | INFO | 01_build_trial_table | Subject 10/230 | CSHL054 | session 2/2 | loading a71175be-d1fd-47a3-aa93-b830ea3634a1
2026-07-24 14:16:55,818 | INFO | 01_build_trial_table | Loaded a71175be-d1fd-47a3-aa93-b830ea3634a1 | trials=855 | choices=855 | session time=3s | cumulative sessions=27/27 | cumulative trials=19515
2026-07-24 14:16:55,818 | INFO | 01_build_trial_table | Subject 10/230 | CSHL054 complete | elapsed=7s | total loaded sessions=27 | total trials=19515
2026-07-24 14:16:55,818 | INFO | 01_build_trial_table | Subject 11/230 | CSHL055 | starting discovery
2026-07-24 14:16:56,880 | INFO | 01_build_trial_table | Subject CSHL055: querying left-camera DLC sessions
2026-07-24 14:16:57,286 | INFO | 01_build_trial_table | Subject CSHL055: checking task protocol for 1 DLC sessions
2026-07-24 14:16:57,293 | INFO | 01_build_trial_table | Subject CSHL055: protocol checks 1/1 (1 ChoiceWorld)
2026-07-24 14:16:57,294 | INFO | 01_build_trial_table | Subject CSHL055: querying raw left-camera video sessions
2026-07-24 14:16:57,724 | INFO | 01_build_trial_table | Subject CSHL055: found 1 raw-video sessions
2026-07-24 14:16:57,724 | INFO | 01_build_trial_table | Subject 11/230 | CSHL055 | 1 ChoiceWorld DLC sessions; 1 video sessions
2026-07-24 14:16:57,724 | INFO | 01_build_trial_table | Subject 11/230 | CSHL055 | session 1/1 | loading 0cbeae00-e229-4b7d-bdcc-1b0569d7e0c3
2026-07-24 14:17:01,379 | INFO | 01_build_trial_table | Loaded 0cbeae00-e229-4b7d-bdcc-1b0569d7e0c3 | trials=771 | choices=749 | session time=4s | cumulative sessions=28/28 | cumulative trials=20286
2026-07-24 14:17:01,380 | INFO | 01_build_trial_table | Subject 11/230 | CSHL055 complete | elapsed=6s | total loaded sessions=28 | total trials=20286
2026-07-24 14:17:01,380 | INFO | 01_build_trial_table | Subject 12/230 | CSHL058 | starting discovery
2026-07-24 14:17:03,116 | INFO | 01_build_trial_table | Subject CSHL058: querying left-camera DLC sessions
2026-07-24 14:17:03,527 | INFO | 01_build_trial_table | Subject CSHL058: checking task protocol for 3 DLC sessions
2026-07-24 14:17:03,548 | INFO | 01_build_trial_table | Subject CSHL058: protocol checks 3/3 (3 ChoiceWorld)
2026-07-24 14:17:03,548 | INFO | 01_build_trial_table | Subject CSHL058: querying raw left-camera video sessions
2026-07-24 14:17:03,957 | INFO | 01_build_trial_table | Subject CSHL058: found 3 raw-video sessions
2026-07-24 14:17:03,958 | INFO | 01_build_trial_table | Subject 12/230 | CSHL058 | 3 ChoiceWorld DLC sessions; 3 video sessions
2026-07-24 14:17:03,958 | INFO | 01_build_trial_table | Subject 12/230 | CSHL058 | session 1/3 | loading 28741f91-c837-4147-939e-918d38d849f2
2026-07-24 14:17:07,127 | INFO | 01_build_trial_table | Loaded 28741f91-c837-4147-939e-918d38d849f2 | trials=401 | choices=385 | session time=3s | cumulative sessions=29/29 | cumulative trials=20687
2026-07-24 14:17:07,127 | INFO | 01_build_trial_table | Subject 12/230 | CSHL058 | session 2/3 | loading f312aaec-3b6f-44b3-86b4-3a0c119c0438
2026-07-24 14:17:10,378 | INFO | 01_build_trial_table | Loaded f312aaec-3b6f-44b3-86b4-3a0c119c0438 | trials=626 | choices=621 | session time=3s | cumulative sessions=30/30 | cumulative trials=21313
2026-07-24 14:17:10,378 | INFO | 01_build_trial_table | Subject 12/230 | CSHL058 | session 3/3 | loading fb70ebf7-8175-42b0-9b7a-7c6e8612226e
2026-07-24 14:17:13,419 | INFO | 01_build_trial_table | Loaded fb70ebf7-8175-42b0-9b7a-7c6e8612226e | trials=649 | choices=644 | session time=3s | cumulative sessions=31/31 | cumulative trials=21962
2026-07-24 14:17:13,419 | INFO | 01_build_trial_table | Subject 12/230 | CSHL058 complete | elapsed=12s | total loaded sessions=31 | total trials=21962
2026-07-24 14:17:13,419 | INFO | 01_build_trial_table | Subject 13/230 | CSHL059 | starting discovery
2026-07-24 14:17:14,255 | INFO | 01_build_trial_table | Subject CSHL059: querying left-camera DLC sessions
2026-07-24 14:17:14,687 | INFO | 01_build_trial_table | Subject CSHL059: checking task protocol for 5 DLC sessions
2026-07-24 14:17:14,719 | INFO | 01_build_trial_table | Subject CSHL059: protocol checks 5/5 (5 ChoiceWorld)
2026-07-24 14:17:14,719 | INFO | 01_build_trial_table | Subject CSHL059: querying raw left-camera video sessions
2026-07-24 14:17:15,166 | INFO | 01_build_trial_table | Subject CSHL059: found 5 raw-video sessions
2026-07-24 14:17:15,167 | INFO | 01_build_trial_table | Subject 13/230 | CSHL059 | 5 ChoiceWorld DLC sessions; 5 video sessions
2026-07-24 14:17:15,167 | INFO | 01_build_trial_table | Subject 13/230 | CSHL059 | session 1/5 | loading 37e96d0b-5b4b-4c6e-9b29-7edbdc94bbd0
2026-07-24 14:17:18,340 | INFO | 01_build_trial_table | Loaded 37e96d0b-5b4b-4c6e-9b29-7edbdc94bbd0 | trials=630 | choices=629 | session time=3s | cumulative sessions=32/32 | cumulative trials=22592
2026-07-24 14:17:18,340 | INFO | 01_build_trial_table | Subject 13/230 | CSHL059 | session 2/5 | loading 57b5ae8f-d446-4161-b439-b191c5e3e77b
2026-07-24 14:17:21,408 | INFO | 01_build_trial_table | Loaded 57b5ae8f-d446-4161-b439-b191c5e3e77b | trials=639 | choices=629 | session time=3s | cumulative sessions=33/33 | cumulative trials=23231
2026-07-24 14:17:21,408 | INFO | 01_build_trial_table | Subject 13/230 | CSHL059 | session 3/5 | loading d16a9a8d-5f42-4b49-ba58-1746f807fcc1
2026-07-24 14:17:23,789 | INFO | 01_build_trial_table | Loaded d16a9a8d-5f42-4b49-ba58-1746f807fcc1 | trials=449 | choices=449 | session time=2s | cumulative sessions=34/34 | cumulative trials=23680
2026-07-24 14:17:23,789 | INFO | 01_build_trial_table | Subject 13/230 | CSHL059 | session 4/5 | loading d2f5a130-b981-4546-8858-c94ae1da75ff
2026-07-24 14:17:26,858 | INFO | 01_build_trial_table | Loaded d2f5a130-b981-4546-8858-c94ae1da75ff | trials=525 | choices=501 | session time=3s | cumulative sessions=35/35 | cumulative trials=24205
2026-07-24 14:17:26,858 | INFO | 01_build_trial_table | Subject 13/230 | CSHL059 | session 5/5 | loading dda5fc59-f09a-4256-9fb5-66c67667a466
2026-07-24 14:17:30,112 | INFO | 01_build_trial_table | Loaded dda5fc59-f09a-4256-9fb5-66c67667a466 | trials=751 | choices=750 | session time=3s | cumulative sessions=36/36 | cumulative trials=24956
2026-07-24 14:17:30,112 | INFO | 01_build_trial_table | Subject 13/230 | CSHL059 complete | elapsed=17s | total loaded sessions=36 | total trials=24956
2026-07-24 14:17:30,112 | INFO | 01_build_trial_table | Subject 14/230 | CSHL060 | starting discovery
2026-07-24 14:17:31,031 | INFO | 01_build_trial_table | Subject CSHL060: querying left-camera DLC sessions
2026-07-24 14:17:31,443 | INFO | 01_build_trial_table | Subject CSHL060: checking task protocol for 5 DLC sessions
2026-07-24 14:17:31,477 | INFO | 01_build_trial_table | Subject CSHL060: protocol checks 5/5 (5 ChoiceWorld)
2026-07-24 14:17:31,477 | INFO | 01_build_trial_table | Subject CSHL060: querying raw left-camera video sessions
2026-07-24 14:17:31,894 | INFO | 01_build_trial_table | Subject CSHL060: found 5 raw-video sessions
2026-07-24 14:17:31,894 | INFO | 01_build_trial_table | Subject 14/230 | CSHL060 | 5 ChoiceWorld DLC sessions; 5 video sessions
2026-07-24 14:17:31,894 | INFO | 01_build_trial_table | Subject 14/230 | CSHL060 | session 1/5 | loading 1191f865-b10a-45c8-9c48-24a980fd9402
2026-07-24 14:17:35,209 | INFO | 01_build_trial_table | Loaded 1191f865-b10a-45c8-9c48-24a980fd9402 | trials=966 | choices=966 | session time=3s | cumulative sessions=37/37 | cumulative trials=25922
2026-07-24 14:17:35,209 | INFO | 01_build_trial_table | Subject 14/230 | CSHL060 | session 2/5 | loading 2e6e179c-fccc-4e8f-9448-ce5b6858a183
2026-07-24 14:17:38,292 | INFO | 01_build_trial_table | Loaded 2e6e179c-fccc-4e8f-9448-ce5b6858a183 | trials=553 | choices=540 | session time=3s | cumulative sessions=38/38 | cumulative trials=26475
2026-07-24 14:17:38,292 | INFO | 01_build_trial_table | Subject 14/230 | CSHL060 | session 3/5 | loading 6364ff7f-6471-415a-ab9e-632a12052690
2026-07-24 14:17:40,613 | INFO | 01_build_trial_table | Loaded 6364ff7f-6471-415a-ab9e-632a12052690 | trials=629 | choices=629 | session time=2s | cumulative sessions=39/39 | cumulative trials=27104
2026-07-24 14:17:40,613 | INFO | 01_build_trial_table | Subject 14/230 | CSHL060 | session 4/5 | loading 7be8fec4-406b-4e74-8548-d2885dcc3d5e
2026-07-24 14:17:43,747 | INFO | 01_build_trial_table | Loaded 7be8fec4-406b-4e74-8548-d2885dcc3d5e | trials=594 | choices=594 | session time=3s | cumulative sessions=40/40 | cumulative trials=27698
2026-07-24 14:17:43,748 | INFO | 01_build_trial_table | Subject 14/230 | CSHL060 | session 5/5 | loading f10efe41-0dc0-44d0-8f26-5ff68dca23e9
2026-07-24 14:17:46,973 | INFO | 01_build_trial_table | Loaded f10efe41-0dc0-44d0-8f26-5ff68dca23e9 | trials=663 | choices=662 | session time=3s | cumulative sessions=41/41 | cumulative trials=28361
2026-07-24 14:17:46,973 | INFO | 01_build_trial_table | Subject 14/230 | CSHL060 complete | elapsed=17s | total loaded sessions=41 | total trials=28361
2026-07-24 14:17:46,974 | INFO | 01_build_trial_table | Subject 15/230 | CSHL068 | starting discovery
2026-07-24 14:17:47,715 | INFO | 01_build_trial_table | Subject CSHL068: querying left-camera DLC sessions
2026-07-24 14:17:48,121 | INFO | 01_build_trial_table | Subject CSHL068: checking task protocol for 1 DLC sessions
2026-07-24 14:17:48,128 | INFO | 01_build_trial_table | Subject CSHL068: protocol checks 1/1 (1 ChoiceWorld)
2026-07-24 14:17:48,129 | INFO | 01_build_trial_table | Subject CSHL068: querying raw left-camera video sessions
2026-07-24 14:17:48,552 | INFO | 01_build_trial_table | Subject CSHL068: found 1 raw-video sessions
2026-07-24 14:17:48,552 | INFO | 01_build_trial_table | Subject 15/230 | CSHL068 | 1 ChoiceWorld DLC sessions; 1 video sessions
2026-07-24 14:17:48,553 | INFO | 01_build_trial_table | Subject 15/230 | CSHL068 | session 1/1 | loading 022dd14c-eff2-470f-863c-e019fafa53ae
2026-07-24 14:17:50,677 | INFO | 01_build_trial_table | Loaded 022dd14c-eff2-470f-863c-e019fafa53ae | trials=410 | choices=410 | session time=2s | cumulative sessions=42/42 | cumulative trials=28771
2026-07-24 14:17:50,677 | INFO | 01_build_trial_table | Subject 15/230 | CSHL068 complete | elapsed=4s | total loaded sessions=42 | total trials=28771
2026-07-24 14:17:50,677 | INFO | 01_build_trial_table | Subject 16/230 | CSHL069 | starting discovery
2026-07-24 14:17:51,466 | INFO | 01_build_trial_table | Subject CSHL069: querying left-camera DLC sessions
2026-07-24 14:17:51,873 | INFO | 01_build_trial_table | Subject CSHL069: checking task protocol for 2 DLC sessions
2026-07-24 14:17:51,887 | INFO | 01_build_trial_table | Subject CSHL069: protocol checks 2/2 (2 ChoiceWorld)
2026-07-24 14:17:51,887 | INFO | 01_build_trial_table | Subject CSHL069: querying raw left-camera video sessions
2026-07-24 14:17:52,285 | INFO | 01_build_trial_table | Subject CSHL069: found 2 raw-video sessions
2026-07-24 14:17:52,286 | INFO | 01_build_trial_table | Subject 16/230 | CSHL069 | 2 ChoiceWorld DLC sessions; 2 video sessions
2026-07-24 14:17:52,286 | INFO | 01_build_trial_table | Subject 16/230 | CSHL069 | session 1/2 | loading a06189b0-a66e-4a5a-a1ef-4afa80de8b31
2026-07-24 14:17:54,311 | INFO | 01_build_trial_table | Loaded a06189b0-a66e-4a5a-a1ef-4afa80de8b31 | trials=836 | choices=836 | session time=2s | cumulative sessions=43/43 | cumulative trials=29607
2026-07-24 14:17:54,311 | INFO | 01_build_trial_table | Subject 16/230 | CSHL069 | session 2/2 | loading bf358c9a-ef84-4604-b83a-93416d2827ff
2026-07-24 14:17:56,654 | INFO | 01_build_trial_table | Loaded bf358c9a-ef84-4604-b83a-93416d2827ff | trials=893 | choices=893 | session time=2s | cumulative sessions=44/44 | cumulative trials=30500
2026-07-24 14:17:56,654 | INFO | 01_build_trial_table | Subject 16/230 | CSHL069 complete | elapsed=6s | total loaded sessions=44 | total trials=30500
2026-07-24 14:17:56,654 | INFO | 01_build_trial_table | Subject 17/230 | CSHL072 | starting discovery
2026-07-24 14:17:57,411 | INFO | 01_build_trial_table | Subject CSHL072: querying left-camera DLC sessions
2026-07-24 14:17:57,833 | INFO | 01_build_trial_table | Subject CSHL072: checking task protocol for 3 DLC sessions
2026-07-24 14:17:57,853 | INFO | 01_build_trial_table | Subject CSHL072: protocol checks 3/3 (3 ChoiceWorld)
2026-07-24 14:17:57,853 | INFO | 01_build_trial_table | Subject CSHL072: querying raw left-camera video sessions
2026-07-24 14:17:58,255 | INFO | 01_build_trial_table | Subject CSHL072: found 3 raw-video sessions
2026-07-24 14:17:58,255 | INFO | 01_build_trial_table | Subject 17/230 | CSHL072 | 3 ChoiceWorld DLC sessions; 3 video sessions
2026-07-24 14:17:58,255 | INFO | 01_build_trial_table | Subject 17/230 | CSHL072 | session 1/3 | loading a45e62df-9f7f-4429-95a4-c4e334c8209f
2026-07-24 14:18:00,274 | INFO | 01_build_trial_table | Loaded a45e62df-9f7f-4429-95a4-c4e334c8209f | trials=919 | choices=915 | session time=2s | cumulative sessions=45/45 | cumulative trials=31419
2026-07-24 14:18:00,274 | INFO | 01_build_trial_table | Subject 17/230 | CSHL072 | session 2/3 | loading b26295df-e78d-4368-b694-1bf584f25bfc
2026-07-24 14:18:03,279 | INFO | 01_build_trial_table | Loaded b26295df-e78d-4368-b694-1bf584f25bfc | trials=1005 | choices=1004 | session time=3s | cumulative sessions=46/46 | cumulative trials=32424
2026-07-24 14:18:03,279 | INFO | 01_build_trial_table | Subject 17/230 | CSHL072 | session 3/3 | loading fe0ecca9-9279-4ce6-bbfe-8b875d30d34b
2026-07-24 14:18:05,436 | INFO | 01_build_trial_table | Loaded fe0ecca9-9279-4ce6-bbfe-8b875d30d34b | trials=668 | choices=668 | session time=2s | cumulative sessions=47/47 | cumulative trials=33092
2026-07-24 14:18:05,437 | INFO | 01_build_trial_table | Subject 17/230 | CSHL072 complete | elapsed=9s | total loaded sessions=47 | total trials=33092
2026-07-24 14:18:05,437 | INFO | 01_build_trial_table | Subject 18/230 | CSHL075 | starting discovery
2026-07-24 14:18:06,201 | INFO | 01_build_trial_table | Subject CSHL075: querying left-camera DLC sessions
2026-07-24 14:18:06,610 | INFO | 01_build_trial_table | Subject CSHL075: checking task protocol for 2 DLC sessions
2026-07-24 14:18:06,624 | INFO | 01_build_trial_table | Subject CSHL075: protocol checks 2/2 (2 ChoiceWorld)
2026-07-24 14:18:06,624 | INFO | 01_build_trial_table | Subject CSHL075: querying raw left-camera video sessions
2026-07-24 14:18:07,026 | INFO | 01_build_trial_table | Subject CSHL075: found 2 raw-video sessions
2026-07-24 14:18:07,027 | INFO | 01_build_trial_table | Subject 18/230 | CSHL075 | 2 ChoiceWorld DLC sessions; 2 video sessions
2026-07-24 14:18:07,027 | INFO | 01_build_trial_table | Subject 18/230 | CSHL075 | session 1/2 | loading bb2153e7-1052-491e-a022-790e755c7a54
2026-07-24 14:18:09,336 | INFO | 01_build_trial_table | Loaded bb2153e7-1052-491e-a022-790e755c7a54 | trials=1014 | choices=1014 | session time=2s | cumulative sessions=48/48 | cumulative trials=34106
2026-07-24 14:18:09,336 | INFO | 01_build_trial_table | Subject 18/230 | CSHL075 | session 2/2 | loading f45e30cf-12aa-4fa0-8248-f9f885dfa9ef
2026-07-24 14:18:11,304 | INFO | 01_build_trial_table | Loaded f45e30cf-12aa-4fa0-8248-f9f885dfa9ef | trials=798 | choices=798 | session time=2s | cumulative sessions=49/49 | cumulative trials=34904
2026-07-24 14:18:11,304 | INFO | 01_build_trial_table | Subject 18/230 | CSHL075 complete | elapsed=6s | total loaded sessions=49 | total trials=34904
2026-07-24 14:18:11,304 | INFO | 01_build_trial_table | Subject 19/230 | CSH_ZAD_001 | starting discovery
2026-07-24 14:18:12,295 | INFO | 01_build_trial_table | Subject CSH_ZAD_001: querying left-camera DLC sessions
2026-07-24 14:18:12,691 | INFO | 01_build_trial_table | Subject CSH_ZAD_001: checking task protocol for 1 DLC sessions
2026-07-24 14:18:12,699 | INFO | 01_build_trial_table | Subject CSH_ZAD_001: protocol checks 1/1 (1 ChoiceWorld)
2026-07-24 14:18:12,700 | INFO | 01_build_trial_table | Subject CSH_ZAD_001: querying raw left-camera video sessions
2026-07-24 14:18:13,099 | INFO | 01_build_trial_table | Subject CSH_ZAD_001: found 1 raw-video sessions
2026-07-24 14:18:13,099 | INFO | 01_build_trial_table | Subject 19/230 | CSH_ZAD_001 | 1 ChoiceWorld DLC sessions; 1 video sessions
2026-07-24 14:18:13,099 | INFO | 01_build_trial_table | Subject 19/230 | CSH_ZAD_001 | session 1/1 | loading 3e7ae7c0-fe8b-487c-9354-036236fa1010
2026-07-24 14:18:15,399 | INFO | 01_build_trial_table | Loaded 3e7ae7c0-fe8b-487c-9354-036236fa1010 | trials=854 | choices=850 | session time=2s | cumulative sessions=50/50 | cumulative trials=35758
2026-07-24 14:18:15,399 | INFO | 01_build_trial_table | Subject 19/230 | CSH_ZAD_001 complete | elapsed=4s | total loaded sessions=50 | total trials=35758
2026-07-24 14:18:15,399 | INFO | 01_build_trial_table | Subject 20/230 | CSH_ZAD_011 | starting discovery
2026-07-24 14:18:16,421 | INFO | 01_build_trial_table | Subject CSH_ZAD_011: querying left-camera DLC sessions
2026-07-24 14:18:16,831 | INFO | 01_build_trial_table | Subject CSH_ZAD_011: checking task protocol for 1 DLC sessions
2026-07-24 14:18:16,838 | INFO | 01_build_trial_table | Subject CSH_ZAD_011: protocol checks 1/1 (1 ChoiceWorld)
2026-07-24 14:18:16,838 | INFO | 01_build_trial_table | Subject CSH_ZAD_011: querying raw left-camera video sessions
2026-07-24 14:18:17,240 | INFO | 01_build_trial_table | Subject CSH_ZAD_011: found 1 raw-video sessions
2026-07-24 14:18:17,240 | INFO | 01_build_trial_table | Subject 20/230 | CSH_ZAD_011 | 1 ChoiceWorld DLC sessions; 1 video sessions
2026-07-24 14:18:17,240 | INFO | 01_build_trial_table | Subject 20/230 | CSH_ZAD_011 | session 1/1 | loading 5b44c40f-80f4-44fb-abfb-c7f19e27a6ca
2026-07-24 14:18:20,248 | INFO | 01_build_trial_table | Loaded 5b44c40f-80f4-44fb-abfb-c7f19e27a6ca | trials=591 | choices=591 | session time=3s | cumulative sessions=51/51 | cumulative trials=36349
2026-07-24 14:18:20,249 | INFO | 01_build_trial_table | Subject 20/230 | CSH_ZAD_011 complete | elapsed=5s | total loaded sessions=51 | total trials=36349
2026-07-24 14:18:20,249 | INFO | 01_build_trial_table | Subject 21/230 | CSH_ZAD_019 | starting discovery
2026-07-24 14:18:21,126 | INFO | 01_build_trial_table | Subject CSH_ZAD_019: querying left-camera DLC sessions
2026-07-24 14:18:21,540 | INFO | 01_build_trial_table | Subject CSH_ZAD_019: checking task protocol for 4 DLC sessions
2026-07-24 14:18:21,573 | INFO | 01_build_trial_table | Subject CSH_ZAD_019: protocol checks 4/4 (4 ChoiceWorld)
2026-07-24 14:18:21,574 | INFO | 01_build_trial_table | Subject CSH_ZAD_019: querying raw left-camera video sessions
2026-07-24 14:18:22,001 | INFO | 01_build_trial_table | Subject CSH_ZAD_019: found 4 raw-video sessions
2026-07-24 14:18:22,001 | INFO | 01_build_trial_table | Subject 21/230 | CSH_ZAD_019 | 4 ChoiceWorld DLC sessions; 4 video sessions
2026-07-24 14:18:22,001 | INFO | 01_build_trial_table | Subject 21/230 | CSH_ZAD_019 | session 1/4 | loading 49e0ab27-827a-4c91-bcaa-97eea27a1b8d
2026-07-24 14:18:25,452 | INFO | 01_build_trial_table | Loaded 49e0ab27-827a-4c91-bcaa-97eea27a1b8d | trials=884 | choices=882 | session time=3s | cumulative sessions=52/52 | cumulative trials=37233
2026-07-24 14:18:25,452 | INFO | 01_build_trial_table | Subject 21/230 | CSH_ZAD_019 | session 2/4 | loading 5adab0b7-dfd0-467d-b09d-43cb7ca5d59c
2026-07-24 14:18:28,617 | INFO | 01_build_trial_table | Loaded 5adab0b7-dfd0-467d-b09d-43cb7ca5d59c | trials=672 | choices=667 | session time=3s | cumulative sessions=53/53 | cumulative trials=37905
2026-07-24 14:18:28,617 | INFO | 01_build_trial_table | Subject 21/230 | CSH_ZAD_019 | session 3/4 | loading 7f6b86f9-879a-4ea2-8531-294a221af5d0
2026-07-24 14:18:32,002 | INFO | 01_build_trial_table | Loaded 7f6b86f9-879a-4ea2-8531-294a221af5d0 | trials=1013 | choices=1007 | session time=3s | cumulative sessions=54/54 | cumulative trials=38918
2026-07-24 14:18:32,002 | INFO | 01_build_trial_table | Subject 21/230 | CSH_ZAD_019 | session 4/4 | loading edd22318-216c-44ff-bc24-49ce8be78374
2026-07-24 14:18:35,151 | INFO | 01_build_trial_table | Loaded edd22318-216c-44ff-bc24-49ce8be78374 | trials=891 | choices=890 | session time=3s | cumulative sessions=55/55 | cumulative trials=39809
2026-07-24 14:18:35,152 | INFO | 01_build_trial_table | Subject 21/230 | CSH_ZAD_019 complete | elapsed=15s | total loaded sessions=55 | total trials=39809
2026-07-24 14:18:35,152 | INFO | 01_build_trial_table | Subject 22/230 | CSH_ZAD_022 | starting discovery
2026-07-24 14:18:35,933 | INFO | 01_build_trial_table | Subject CSH_ZAD_022: querying left-camera DLC sessions
2026-07-24 14:18:36,349 | INFO | 01_build_trial_table | Subject CSH_ZAD_022: checking task protocol for 7 DLC sessions
2026-07-24 14:18:36,398 | INFO | 01_build_trial_table | Subject CSH_ZAD_022: protocol checks 7/7 (7 ChoiceWorld)
2026-07-24 14:18:36,398 | INFO | 01_build_trial_table | Subject CSH_ZAD_022: querying raw left-camera video sessions
2026-07-24 14:18:36,816 | INFO | 01_build_trial_table | Subject CSH_ZAD_022: found 7 raw-video sessions
2026-07-24 14:18:36,816 | INFO | 01_build_trial_table | Subject 22/230 | CSH_ZAD_022 | 7 ChoiceWorld DLC sessions; 7 video sessions
2026-07-24 14:18:36,817 | INFO | 01_build_trial_table | Subject 22/230 | CSH_ZAD_022 | session 1/7 | loading 1eac875c-feaa-4a30-b148-059b954b11d8
2026-07-24 14:18:39,174 | INFO | 01_build_trial_table | Loaded 1eac875c-feaa-4a30-b148-059b954b11d8 | trials=1253 | choices=1253 | session time=2s | cumulative sessions=56/56 | cumulative trials=41062
2026-07-24 14:18:39,174 | INFO | 01_build_trial_table | Subject 22/230 | CSH_ZAD_022 | session 2/7 | loading 41431f53-69fd-4e3b-80ce-ea62e03bf9c7
2026-07-24 14:18:42,222 | INFO | 01_build_trial_table | Loaded 41431f53-69fd-4e3b-80ce-ea62e03bf9c7 | trials=570 | choices=570 | session time=3s | cumulative sessions=57/57 | cumulative trials=41632
2026-07-24 14:18:42,222 | INFO | 01_build_trial_table | Subject 22/230 | CSH_ZAD_022 | session 3/7 | loading 6a601cc5-7b79-4c75-b0e8-552246532f82
2026-07-24 14:18:45,282 | INFO | 01_build_trial_table | Loaded 6a601cc5-7b79-4c75-b0e8-552246532f82 | trials=827 | choices=827 | session time=3s | cumulative sessions=58/58 | cumulative trials=42459
2026-07-24 14:18:45,282 | INFO | 01_build_trial_table | Subject 22/230 | CSH_ZAD_022 | session 4/7 | loading 8db36de1-8f17-4446-b527-b5d91909b45a
2026-07-24 14:18:47,655 | INFO | 01_build_trial_table | Loaded 8db36de1-8f17-4446-b527-b5d91909b45a | trials=1440 | choices=1438 | session time=2s | cumulative sessions=59/59 | cumulative trials=43899
2026-07-24 14:18:47,655 | INFO | 01_build_trial_table | Subject 22/230 | CSH_ZAD_022 | session 5/7 | loading 90e74228-fd1a-482f-bd56-05dbad132861
2026-07-24 14:18:50,015 | INFO | 01_build_trial_table | Loaded 90e74228-fd1a-482f-bd56-05dbad132861 | trials=971 | choices=968 | session time=2s | cumulative sessions=60/60 | cumulative trials=44870
2026-07-24 14:18:50,016 | INFO | 01_build_trial_table | Subject 22/230 | CSH_ZAD_022 | session 6/7 | loading a66f1593-dafd-4982-9b66-f9554b6c86b5
2026-07-24 14:18:53,310 | INFO | 01_build_trial_table | Loaded a66f1593-dafd-4982-9b66-f9554b6c86b5 | trials=657 | choices=651 | session time=3s | cumulative sessions=61/61 | cumulative trials=45527
2026-07-24 14:18:53,311 | INFO | 01_build_trial_table | Subject 22/230 | CSH_ZAD_022 | session 7/7 | loading a82800ce-f4e3-4464-9b80-4c3d6fade333
2026-07-24 14:18:56,454 | INFO | 01_build_trial_table | Loaded a82800ce-f4e3-4464-9b80-4c3d6fade333 | trials=672 | choices=670 | session time=3s | cumulative sessions=62/62 | cumulative trials=46199
2026-07-24 14:18:56,454 | INFO | 01_build_trial_table | Subject 22/230 | CSH_ZAD_022 complete | elapsed=21s | total loaded sessions=62 | total trials=46199
2026-07-24 14:18:56,454 | INFO | 01_build_trial_table | Subject 23/230 | CSH_ZAD_024 | starting discovery
2026-07-24 14:18:57,206 | INFO | 01_build_trial_table | Subject CSH_ZAD_024: querying left-camera DLC sessions
2026-07-24 14:18:57,609 | INFO | 01_build_trial_table | Subject CSH_ZAD_024: checking task protocol for 1 DLC sessions
2026-07-24 14:18:57,616 | INFO | 01_build_trial_table | Subject CSH_ZAD_024: protocol checks 1/1 (1 ChoiceWorld)
2026-07-24 14:18:57,616 | INFO | 01_build_trial_table | Subject CSH_ZAD_024: querying raw left-camera video sessions
2026-07-24 14:18:58,023 | INFO | 01_build_trial_table | Subject CSH_ZAD_024: found 1 raw-video sessions
2026-07-24 14:18:58,023 | INFO | 01_build_trial_table | Subject 23/230 | CSH_ZAD_024 | 1 ChoiceWorld DLC sessions; 1 video sessions
2026-07-24 14:18:58,023 | INFO | 01_build_trial_table | Subject 23/230 | CSH_ZAD_024 | session 1/1 | loading 8207abc6-6b23-4762-92b4-82e05bed5143
2026-07-24 14:19:01,663 | INFO | 01_build_trial_table | Loaded 8207abc6-6b23-4762-92b4-82e05bed5143 | trials=751 | choices=743 | session time=4s | cumulative sessions=63/63 | cumulative trials=46950
2026-07-24 14:19:01,663 | INFO | 01_build_trial_table | Subject 23/230 | CSH_ZAD_024 complete | elapsed=5s | total loaded sessions=63 | total trials=46950
2026-07-24 14:19:01,663 | INFO | 01_build_trial_table | Subject 24/230 | CSH_ZAD_025 | starting discovery
2026-07-24 14:19:02,582 | INFO | 01_build_trial_table | Subject CSH_ZAD_025: querying left-camera DLC sessions
2026-07-24 14:19:03,002 | INFO | 01_build_trial_table | Subject CSH_ZAD_025: checking task protocol for 7 DLC sessions
2026-07-24 14:19:03,048 | INFO | 01_build_trial_table | Subject CSH_ZAD_025: protocol checks 7/7 (7 ChoiceWorld)
2026-07-24 14:19:03,048 | INFO | 01_build_trial_table | Subject CSH_ZAD_025: querying raw left-camera video sessions
2026-07-24 14:19:03,468 | INFO | 01_build_trial_table | Subject CSH_ZAD_025: found 7 raw-video sessions
2026-07-24 14:19:03,468 | INFO | 01_build_trial_table | Subject 24/230 | CSH_ZAD_025 | 7 ChoiceWorld DLC sessions; 7 video sessions
2026-07-24 14:19:03,468 | INFO | 01_build_trial_table | Subject 24/230 | CSH_ZAD_025 | session 1/7 | loading 20c112a1-8a42-44e0-a4cd-e5b932f7bda9
2026-07-24 14:19:06,659 | INFO | 01_build_trial_table | Loaded 20c112a1-8a42-44e0-a4cd-e5b932f7bda9 | trials=636 | choices=636 | session time=3s | cumulative sessions=64/64 | cumulative trials=47586
2026-07-24 14:19:06,659 | INFO | 01_build_trial_table | Subject 24/230 | CSH_ZAD_025 | session 2/7 | loading 280ee768-f7b8-4c6c-9ea0-48ca75d6b6f3
2026-07-24 14:19:09,763 | INFO | 01_build_trial_table | Loaded 280ee768-f7b8-4c6c-9ea0-48ca75d6b6f3 | trials=888 | choices=882 | session time=3s | cumulative sessions=65/65 | cumulative trials=48474
2026-07-24 14:19:09,763 | INFO | 01_build_trial_table | Subject 24/230 | CSH_ZAD_025 | session 3/7 | loading 549caacc-3bd7-40f1-913d-e94141816547
2026-07-24 14:19:12,933 | INFO | 01_build_trial_table | Loaded 549caacc-3bd7-40f1-913d-e94141816547 | trials=407 | choices=401 | session time=3s | cumulative sessions=66/66 | cumulative trials=48881
2026-07-24 14:19:12,933 | INFO | 01_build_trial_table | Subject 24/230 | CSH_ZAD_025 | session 4/7 | loading 6274dda8-3a59-4aa1-95f8-a8a549c46a26
2026-07-24 14:19:16,188 | INFO | 01_build_trial_table | Loaded 6274dda8-3a59-4aa1-95f8-a8a549c46a26 | trials=781 | choices=781 | session time=3s | cumulative sessions=67/67 | cumulative trials=49662
2026-07-24 14:19:16,188 | INFO | 01_build_trial_table | Subject 24/230 | CSH_ZAD_025 | session 5/7 | loading 90c61c38-b9fd-4cc3-9795-29160d2f8e55
2026-07-24 14:19:18,651 | INFO | 01_build_trial_table | Loaded 90c61c38-b9fd-4cc3-9795-29160d2f8e55 | trials=804 | choices=804 | session time=2s | cumulative sessions=68/68 | cumulative trials=50466
2026-07-24 14:19:18,651 | INFO | 01_build_trial_table | Subject 24/230 | CSH_ZAD_025 | session 6/7 | loading c557324b-b95d-414c-888f-6ee1329a2329
2026-07-24 14:19:21,846 | INFO | 01_build_trial_table | Loaded c557324b-b95d-414c-888f-6ee1329a2329 | trials=1053 | choices=1051 | session time=3s | cumulative sessions=69/69 | cumulative trials=51519
2026-07-24 14:19:21,846 | INFO | 01_build_trial_table | Subject 24/230 | CSH_ZAD_025 | session 7/7 | loading ff48aa1d-ef30-4903-ac34-8c41b738c1b9
2026-07-24 14:19:24,202 | INFO | 01_build_trial_table | Loaded ff48aa1d-ef30-4903-ac34-8c41b738c1b9 | trials=945 | choices=945 | session time=2s | cumulative sessions=70/70 | cumulative trials=52464
2026-07-24 14:19:24,202 | INFO | 01_build_trial_table | Subject 24/230 | CSH_ZAD_025 complete | elapsed=23s | total loaded sessions=70 | total trials=52464
2026-07-24 14:19:24,202 | INFO | 01_build_trial_table | Subject 25/230 | CSH_ZAD_026 | starting discovery
2026-07-24 14:19:24,765 | INFO | 01_build_trial_table | Subject CSH_ZAD_026: querying left-camera DLC sessions
2026-07-24 14:19:25,179 | INFO | 01_build_trial_table | Subject CSH_ZAD_026: checking task protocol for 6 DLC sessions
2026-07-24 14:19:27,546 | INFO | 01_build_trial_table | Subject CSH_ZAD_026: protocol checks 6/6 (6 ChoiceWorld)
2026-07-24 14:19:27,546 | INFO | 01_build_trial_table | Subject CSH_ZAD_026: querying raw left-camera video sessions
2026-07-24 14:19:27,962 | INFO | 01_build_trial_table | Subject CSH_ZAD_026: found 6 raw-video sessions
2026-07-24 14:19:27,963 | INFO | 01_build_trial_table | Subject 25/230 | CSH_ZAD_026 | 6 ChoiceWorld DLC sessions; 6 video sessions
2026-07-24 14:19:27,963 | INFO | 01_build_trial_table | Subject 25/230 | CSH_ZAD_026 | session 1/6 | loading 15763234-d21e-491f-a01b-1238eb96d389
2026-07-24 14:19:30,654 | INFO | 01_build_trial_table | Loaded 15763234-d21e-491f-a01b-1238eb96d389 | trials=894 | choices=892 | session time=3s | cumulative sessions=71/71 | cumulative trials=53358
2026-07-24 14:19:30,655 | INFO | 01_build_trial_table | Subject 25/230 | CSH_ZAD_026 | session 2/6 | loading 5d01d14e-aced-4465-8f8e-9a1c674f62ec
2026-07-24 14:19:33,841 | INFO | 01_build_trial_table | Loaded 5d01d14e-aced-4465-8f8e-9a1c674f62ec | trials=555 | choices=554 | session time=3s | cumulative sessions=72/72 | cumulative trials=53913
2026-07-24 14:19:33,842 | INFO | 01_build_trial_table | Subject 25/230 | CSH_ZAD_026 | session 3/6 | loading 626126d5-eecf-4e9b-900e-ec29a17ece07
2026-07-24 14:19:37,717 | INFO | 01_build_trial_table | Loaded 626126d5-eecf-4e9b-900e-ec29a17ece07 | trials=972 | choices=972 | session time=4s | cumulative sessions=73/73 | cumulative trials=54885
2026-07-24 14:19:37,717 | INFO | 01_build_trial_table | Subject 25/230 | CSH_ZAD_026 | session 4/6 | loading 81a78eac-9d36-4f90-a73a-7eb3ad7f770b
2026-07-24 14:19:40,890 | INFO | 01_build_trial_table | Loaded 81a78eac-9d36-4f90-a73a-7eb3ad7f770b | trials=1103 | choices=1103 | session time=3s | cumulative sessions=74/74 | cumulative trials=55988
2026-07-24 14:19:40,890 | INFO | 01_build_trial_table | Subject 25/230 | CSH_ZAD_026 | session 5/6 | loading b69b86be-af7d-4ecf-8cbf-0cd356afa1bd
2026-07-24 14:19:44,154 | INFO | 01_build_trial_table | Loaded b69b86be-af7d-4ecf-8cbf-0cd356afa1bd | trials=462 | choices=462 | session time=3s | cumulative sessions=75/75 | cumulative trials=56450
2026-07-24 14:19:44,154 | INFO | 01_build_trial_table | Subject 25/230 | CSH_ZAD_026 | session 6/6 | loading e56541a5-a6d5-4750-b1fe-f6b5257bfe7c
2026-07-24 14:19:47,576 | INFO | 01_build_trial_table | Loaded e56541a5-a6d5-4750-b1fe-f6b5257bfe7c | trials=583 | choices=582 | session time=3s | cumulative sessions=76/76 | cumulative trials=57033
2026-07-24 14:19:47,576 | INFO | 01_build_trial_table | Subject 25/230 | CSH_ZAD_026 complete | elapsed=23s | total loaded sessions=76 | total trials=57033
2026-07-24 14:19:47,576 | INFO | 01_build_trial_table | Subject 26/230 | CSH_ZAD_029 | starting discovery
2026-07-24 14:19:48,334 | INFO | 01_build_trial_table | Subject CSH_ZAD_029: querying left-camera DLC sessions
2026-07-24 14:19:48,759 | INFO | 01_build_trial_table | Subject CSH_ZAD_029: checking task protocol for 7 DLC sessions
2026-07-24 14:19:51,477 | INFO | 01_build_trial_table | Subject CSH_ZAD_029: protocol checks 7/7 (7 ChoiceWorld)
2026-07-24 14:19:51,477 | INFO | 01_build_trial_table | Subject CSH_ZAD_029: querying raw left-camera video sessions
2026-07-24 14:19:51,902 | INFO | 01_build_trial_table | Subject CSH_ZAD_029: found 7 raw-video sessions
2026-07-24 14:19:51,902 | INFO | 01_build_trial_table | Subject 26/230 | CSH_ZAD_029 | 7 ChoiceWorld DLC sessions; 7 video sessions
2026-07-24 14:19:51,902 | INFO | 01_build_trial_table | Subject 26/230 | CSH_ZAD_029 | session 1/7 | loading 1ec23a70-b94b-4e9c-a0df-8c2151da3761
2026-07-24 14:19:55,023 | INFO | 01_build_trial_table | Loaded 1ec23a70-b94b-4e9c-a0df-8c2151da3761 | trials=1194 | choices=1194 | session time=3s | cumulative sessions=77/77 | cumulative trials=58227
2026-07-24 14:19:55,023 | INFO | 01_build_trial_table | Subject 26/230 | CSH_ZAD_029 | session 2/7 | loading 5522ac4b-0e41-4c53-836a-aaa17e82b9eb
2026-07-24 14:19:58,170 | INFO | 01_build_trial_table | Loaded 5522ac4b-0e41-4c53-836a-aaa17e82b9eb | trials=1139 | choices=1139 | session time=3s | cumulative sessions=78/78 | cumulative trials=59366
2026-07-24 14:19:58,170 | INFO | 01_build_trial_table | Subject 26/230 | CSH_ZAD_029 | session 3/7 | loading 993c7024-0abc-4028-ad30-d397ad55b084
2026-07-24 14:20:01,945 | INFO | 01_build_trial_table | Loaded 993c7024-0abc-4028-ad30-d397ad55b084 | trials=1091 | choices=1091 | session time=4s | cumulative sessions=79/79 | cumulative trials=60457
2026-07-24 14:20:01,946 | INFO | 01_build_trial_table | Subject 26/230 | CSH_ZAD_029 | session 4/7 | loading c7bd79c9-c47e-4ea5-aea3-74dda991b48e
2026-07-24 14:20:06,196 | INFO | 01_build_trial_table | Loaded c7bd79c9-c47e-4ea5-aea3-74dda991b48e | trials=1213 | choices=1213 | session time=4s | cumulative sessions=80/80 | cumulative trials=61670
2026-07-24 14:20:06,196 | INFO | 01_build_trial_table | Subject 26/230 | CSH_ZAD_029 | session 5/7 | loading e349a2e7-50a3-47ca-bc45-20d1899854ec
2026-07-24 14:20:09,483 | INFO | 01_build_trial_table | Loaded e349a2e7-50a3-47ca-bc45-20d1899854ec | trials=1022 | choices=1022 | session time=3s | cumulative sessions=81/81 | cumulative trials=62692
2026-07-24 14:20:09,484 | INFO | 01_build_trial_table | Subject 26/230 | CSH_ZAD_029 | session 6/7 | loading fcd49e34-f07b-441c-b2ac-cb8c462ec5ac
2026-07-24 14:20:12,942 | INFO | 01_build_trial_table | Loaded fcd49e34-f07b-441c-b2ac-cb8c462ec5ac | trials=1279 | choices=1279 | session time=3s | cumulative sessions=82/82 | cumulative trials=63971
2026-07-24 14:20:12,942 | INFO | 01_build_trial_table | Subject 26/230 | CSH_ZAD_029 | session 7/7 | loading fece187f-b47f-4870-a1d6-619afe942a7d
2026-07-24 14:20:16,176 | INFO | 01_build_trial_table | Loaded fece187f-b47f-4870-a1d6-619afe942a7d | trials=1525 | choices=1524 | session time=3s | cumulative sessions=83/83 | cumulative trials=65496
2026-07-24 14:20:16,176 | INFO | 01_build_trial_table | Subject 26/230 | CSH_ZAD_029 complete | elapsed=29s | total loaded sessions=83 | total trials=65496
2026-07-24 14:20:16,176 | INFO | 01_build_trial_table | Subject 27/230 | CSK-im-001 | starting discovery
2026-07-24 14:20:16,693 | INFO | 01_build_trial_table | Subject CSK-im-001: querying left-camera DLC sessions
2026-07-24 14:20:17,098 | INFO | 01_build_trial_table | Subject CSK-im-001: checking task protocol for 2 DLC sessions
2026-07-24 14:20:38,544 | INFO | 01_build_trial_table | Subject CSK-im-001: protocol checks 2/2 (2 ChoiceWorld)
2026-07-24 14:20:38,544 | INFO | 01_build_trial_table | Subject CSK-im-001: querying raw left-camera video sessions
2026-07-24 14:20:38,951 | INFO | 01_build_trial_table | Subject CSK-im-001: found 6 raw-video sessions
2026-07-24 14:20:38,951 | INFO | 01_build_trial_table | Subject 27/230 | CSK-im-001 | 2 ChoiceWorld DLC sessions; 6 video sessions
2026-07-24 14:20:38,951 | INFO | 01_build_trial_table | Subject 27/230 | CSK-im-001 | session 1/2 | loading 2c4a265e-3120-4f2e-b2b4-8341c778e888
2026-07-24 14:20:40,395 | INFO | 01_build_trial_table | Loaded 2c4a265e-3120-4f2e-b2b4-8341c778e888 | trials=655 | choices=596 | session time=1s | cumulative sessions=84/84 | cumulative trials=66151
2026-07-24 14:20:40,395 | INFO | 01_build_trial_table | Subject 27/230 | CSK-im-001 | session 2/2 | loading 4b8c22d7-a4d2-4924-84b0-76ec242a2f3b
2026-07-24 14:20:41,846 | INFO | 01_build_trial_table | Loaded 4b8c22d7-a4d2-4924-84b0-76ec242a2f3b | trials=525 | choices=515 | session time=1s | cumulative sessions=85/85 | cumulative trials=66676
2026-07-24 14:20:41,846 | INFO | 01_build_trial_table | Subject 27/230 | CSK-im-001 complete | elapsed=26s | total loaded sessions=85 | total trials=66676
2026-07-24 14:20:41,846 | INFO | 01_build_trial_table | Subject 28/230 | CSK-im-002 | starting discovery
2026-07-24 14:20:42,385 | INFO | 01_build_trial_table | Subject CSK-im-002: querying left-camera DLC sessions
2026-07-24 14:20:42,798 | INFO | 01_build_trial_table | Subject CSK-im-002: checking task protocol for 6 DLC sessions
2026-07-24 14:20:45,209 | INFO | 01_build_trial_table | Subject CSK-im-002: protocol checks 6/6 (6 ChoiceWorld)
2026-07-24 14:20:45,209 | INFO | 01_build_trial_table | Subject CSK-im-002: querying raw left-camera video sessions
2026-07-24 14:20:45,618 | INFO | 01_build_trial_table | Subject CSK-im-002: found 6 raw-video sessions
2026-07-24 14:20:45,618 | INFO | 01_build_trial_table | Subject 28/230 | CSK-im-002 | 6 ChoiceWorld DLC sessions; 6 video sessions
2026-07-24 14:20:45,618 | INFO | 01_build_trial_table | Subject 28/230 | CSK-im-002 | session 1/6 | loading 1efa20cb-e3e9-4a28-b4f0-779e14a67d47
2026-07-24 14:20:47,137 | INFO | 01_build_trial_table | Loaded 1efa20cb-e3e9-4a28-b4f0-779e14a67d47 | trials=915 | choices=827 | session time=2s | cumulative sessions=86/86 | cumulative trials=67591
2026-07-24 14:20:47,137 | INFO | 01_build_trial_table | Subject 28/230 | CSK-im-002 | session 2/6 | loading 32c0dc1e-0b30-493c-a27e-50bfcd0378cc
2026-07-24 14:20:48,601 | INFO | 01_build_trial_table | Loaded 32c0dc1e-0b30-493c-a27e-50bfcd0378cc | trials=983 | choices=873 | session time=1s | cumulative sessions=87/87 | cumulative trials=68574
2026-07-24 14:20:48,601 | INFO | 01_build_trial_table | Subject 28/230 | CSK-im-002 | session 3/6 | loading 70b6d2cf-87a5-4ec9-aaae-3536eb44896b
2026-07-24 14:20:50,068 | INFO | 01_build_trial_table | Loaded 70b6d2cf-87a5-4ec9-aaae-3536eb44896b | trials=1018 | choices=980 | session time=1s | cumulative sessions=88/88 | cumulative trials=69592
2026-07-24 14:20:50,068 | INFO | 01_build_trial_table | Subject 28/230 | CSK-im-002 | session 4/6 | loading 76448b54-0d56-469a-9c5b-6bdd3b7bce3d
2026-07-24 14:20:51,588 | INFO | 01_build_trial_table | Loaded 76448b54-0d56-469a-9c5b-6bdd3b7bce3d | trials=1143 | choices=854 | session time=2s | cumulative sessions=89/89 | cumulative trials=70735
2026-07-24 14:20:51,588 | INFO | 01_build_trial_table | Subject 28/230 | CSK-im-002 | session 5/6 | loading ca316cfb-f846-4057-b33d-e651926b2b24
2026-07-24 14:20:53,061 | INFO | 01_build_trial_table | Loaded ca316cfb-f846-4057-b33d-e651926b2b24 | trials=790 | choices=768 | session time=1s | cumulative sessions=90/90 | cumulative trials=71525
2026-07-24 14:20:53,062 | INFO | 01_build_trial_table | Subject 28/230 | CSK-im-002 | session 6/6 | loading db9b17f7-6bb2-48f8-91ba-b655fc74b84a
2026-07-24 14:20:54,557 | INFO | 01_build_trial_table | Loaded db9b17f7-6bb2-48f8-91ba-b655fc74b84a | trials=1007 | choices=978 | session time=1s | cumulative sessions=91/91 | cumulative trials=72532
2026-07-24 14:20:54,557 | INFO | 01_build_trial_table | Subject 28/230 | CSK-im-002 complete | elapsed=13s | total loaded sessions=91 | total trials=72532
2026-07-24 14:20:54,557 | INFO | 01_build_trial_table | Subject 29/230 | CSK-im-009 | starting discovery
2026-07-24 14:20:55,331 | INFO | 01_build_trial_table | Subject CSK-im-009: querying left-camera DLC sessions
2026-07-24 14:20:55,776 | INFO | 01_build_trial_table | Subject CSK-im-009: checking task protocol for 16 DLC sessions
2026-07-24 14:20:59,702 | INFO | 01_build_trial_table | Subject CSK-im-009: protocol checks 10/16 (10 ChoiceWorld)
2026-07-24 14:21:02,381 | INFO | 01_build_trial_table | Subject CSK-im-009: protocol checks 16/16 (16 ChoiceWorld)
2026-07-24 14:21:02,381 | INFO | 01_build_trial_table | Subject CSK-im-009: querying raw left-camera video sessions
2026-07-24 14:21:02,846 | INFO | 01_build_trial_table | Subject CSK-im-009: found 16 raw-video sessions
2026-07-24 14:21:02,846 | INFO | 01_build_trial_table | Subject 29/230 | CSK-im-009 | 16 ChoiceWorld DLC sessions; 16 video sessions
2026-07-24 14:21:02,847 | INFO | 01_build_trial_table | Subject 29/230 | CSK-im-009 | session 1/16 | loading 12046ccd-b737-4c01-bc70-400f3b69291b
2026-07-24 14:21:04,429 | INFO | 01_build_trial_table | Loaded 12046ccd-b737-4c01-bc70-400f3b69291b | trials=1076 | choices=1060 | session time=2s | cumulative sessions=92/92 | cumulative trials=73608
2026-07-24 14:21:04,429 | INFO | 01_build_trial_table | Subject 29/230 | CSK-im-009 | session 2/16 | loading 1fcf8413-d681-495d-8660-e73f600bab29
2026-07-24 14:21:05,944 | INFO | 01_build_trial_table | Loaded 1fcf8413-d681-495d-8660-e73f600bab29 | trials=866 | choices=855 | session time=2s | cumulative sessions=93/93 | cumulative trials=74474
2026-07-24 14:21:05,944 | INFO | 01_build_trial_table | Subject 29/230 | CSK-im-009 | session 3/16 | loading 210876d7-5465-4326-91e8-55d355ca8550
2026-07-24 14:21:07,454 | INFO | 01_build_trial_table | Loaded 210876d7-5465-4326-91e8-55d355ca8550 | trials=891 | choices=884 | session time=2s | cumulative sessions=94/94 | cumulative trials=75365
2026-07-24 14:21:07,454 | INFO | 01_build_trial_table | Subject 29/230 | CSK-im-009 | session 4/16 | loading 2864dca1-38d8-464c-9777-f6fdfd5e63b5
2026-07-24 14:21:09,014 | INFO | 01_build_trial_table | Loaded 2864dca1-38d8-464c-9777-f6fdfd5e63b5 | trials=810 | choices=795 | session time=2s | cumulative sessions=95/95 | cumulative trials=76175
2026-07-24 14:21:09,014 | INFO | 01_build_trial_table | Subject 29/230 | CSK-im-009 | session 5/16 | loading 2cdac946-3a62-458e-9060-57466f4c6bda
2026-07-24 14:21:10,530 | INFO | 01_build_trial_table | Loaded 2cdac946-3a62-458e-9060-57466f4c6bda | trials=778 | choices=746 | session time=2s | cumulative sessions=96/96 | cumulative trials=76953
2026-07-24 14:21:10,530 | INFO | 01_build_trial_table | Subject 29/230 | CSK-im-009 | session 6/16 | loading 6ac30638-2256-4799-a0f7-f641a7b5ee50
2026-07-24 14:21:12,005 | INFO | 01_build_trial_table | Loaded 6ac30638-2256-4799-a0f7-f641a7b5ee50 | trials=541 | choices=511 | session time=1s | cumulative sessions=97/97 | cumulative trials=77494
2026-07-24 14:21:12,005 | INFO | 01_build_trial_table | Subject 29/230 | CSK-im-009 | session 7/16 | loading 7665dd63-7bda-430f-9425-054a2ddc3ea1
2026-07-24 14:21:13,454 | INFO | 01_build_trial_table | Loaded 7665dd63-7bda-430f-9425-054a2ddc3ea1 | trials=679 | choices=658 | session time=1s | cumulative sessions=98/98 | cumulative trials=78173
2026-07-24 14:21:13,454 | INFO | 01_build_trial_table | Subject 29/230 | CSK-im-009 | session 8/16 | loading 781e1046-e4f6-46e5-a727-61a667cc570f
2026-07-24 14:21:14,924 | INFO | 01_build_trial_table | Loaded 781e1046-e4f6-46e5-a727-61a667cc570f | trials=486 | choices=412 | session time=1s | cumulative sessions=99/99 | cumulative trials=78659
2026-07-24 14:21:14,924 | INFO | 01_build_trial_table | Subject 29/230 | CSK-im-009 | session 9/16 | loading 8ba20ff9-d74f-42f0-b7bf-0a4c350ba53c
2026-07-24 14:21:16,484 | INFO | 01_build_trial_table | Loaded 8ba20ff9-d74f-42f0-b7bf-0a4c350ba53c | trials=766 | choices=755 | session time=2s | cumulative sessions=100/100 | cumulative trials=79425
2026-07-24 14:21:16,484 | INFO | 01_build_trial_table | Subject 29/230 | CSK-im-009 | session 10/16 | loading 9ec2bc3b-7bf1-49ca-9136-3a0eca0ac4e3
2026-07-24 14:21:17,972 | INFO | 01_build_trial_table | Loaded 9ec2bc3b-7bf1-49ca-9136-3a0eca0ac4e3 | trials=594 | choices=561 | session time=1s | cumulative sessions=101/101 | cumulative trials=80019
2026-07-24 14:21:17,972 | INFO | 01_build_trial_table | Subject 29/230 | CSK-im-009 | session 11/16 | loading bce316cc-263f-42fb-bf19-f8ff39ae6f5c
2026-07-24 14:21:19,448 | INFO | 01_build_trial_table | Loaded bce316cc-263f-42fb-bf19-f8ff39ae6f5c | trials=583 | choices=553 | session time=1s | cumulative sessions=102/102 | cumulative trials=80602
2026-07-24 14:21:19,448 | INFO | 01_build_trial_table | Subject 29/230 | CSK-im-009 | session 12/16 | loading cf63067f-e82a-4f92-93e8-c0e0eb57866d
2026-07-24 14:21:20,951 | INFO | 01_build_trial_table | Loaded cf63067f-e82a-4f92-93e8-c0e0eb57866d | trials=974 | choices=966 | session time=2s | cumulative sessions=103/103 | cumulative trials=81576
2026-07-24 14:21:20,951 | INFO | 01_build_trial_table | Subject 29/230 | CSK-im-009 | session 13/16 | loading cf63a68b-83f2-4f93-84f1-30c02d01cd61
2026-07-24 14:21:22,475 | INFO | 01_build_trial_table | Loaded cf63a68b-83f2-4f93-84f1-30c02d01cd61 | trials=798 | choices=778 | session time=2s | cumulative sessions=104/104 | cumulative trials=82374
2026-07-24 14:21:22,475 | INFO | 01_build_trial_table | Subject 29/230 | CSK-im-009 | session 14/16 | loading dfe9b00e-9a20-47b0-ab1f-786f7ed827b1
2026-07-24 14:21:23,975 | INFO | 01_build_trial_table | Loaded dfe9b00e-9a20-47b0-ab1f-786f7ed827b1 | trials=691 | choices=681 | session time=1s | cumulative sessions=105/105 | cumulative trials=83065
2026-07-24 14:21:23,975 | INFO | 01_build_trial_table | Subject 29/230 | CSK-im-009 | session 15/16 | loading f7d46a15-9498-40dc-90da-fb977ce844be
2026-07-24 14:21:25,437 | INFO | 01_build_trial_table | Loaded f7d46a15-9498-40dc-90da-fb977ce844be | trials=958 | choices=929 | session time=1s | cumulative sessions=106/106 | cumulative trials=84023
2026-07-24 14:21:25,437 | INFO | 01_build_trial_table | Subject 29/230 | CSK-im-009 | session 16/16 | loading ff7a70f5-a2b6-4e7e-938e-e7208e0678c2
2026-07-24 14:21:26,887 | INFO | 01_build_trial_table | Loaded ff7a70f5-a2b6-4e7e-938e-e7208e0678c2 | trials=376 | choices=338 | session time=1s | cumulative sessions=107/107 | cumulative trials=84399
2026-07-24 14:21:26,887 | INFO | 01_build_trial_table | Subject 29/230 | CSK-im-009 complete | elapsed=32s | total loaded sessions=107 | total trials=84399
2026-07-24 14:21:26,887 | INFO | 01_build_trial_table | Subject 30/230 | CSK-im-010 | starting discovery
2026-07-24 14:21:27,419 | INFO | 01_build_trial_table | Subject CSK-im-010: querying left-camera DLC sessions
2026-07-24 14:21:27,821 | INFO | 01_build_trial_table | Subject CSK-im-010: checking task protocol for 2 DLC sessions
2026-07-24 14:21:28,622 | INFO | 01_build_trial_table | Subject CSK-im-010: protocol checks 2/2 (2 ChoiceWorld)
2026-07-24 14:21:28,622 | INFO | 01_build_trial_table | Subject CSK-im-010: querying raw left-camera video sessions
2026-07-24 14:21:29,041 | INFO | 01_build_trial_table | Subject CSK-im-010: found 5 raw-video sessions
2026-07-24 14:21:29,041 | INFO | 01_build_trial_table | Subject 30/230 | CSK-im-010 | 2 ChoiceWorld DLC sessions; 5 video sessions
2026-07-24 14:21:29,041 | INFO | 01_build_trial_table | Subject 30/230 | CSK-im-010 | session 1/2 | loading 6f94a278-ee23-43bd-868f-889157db8a8d
2026-07-24 14:21:30,481 | INFO | 01_build_trial_table | Loaded 6f94a278-ee23-43bd-868f-889157db8a8d | trials=829 | choices=818 | session time=1s | cumulative sessions=108/108 | cumulative trials=85228
2026-07-24 14:21:30,481 | INFO | 01_build_trial_table | Subject 30/230 | CSK-im-010 | session 2/2 | loading be184bc8-37fb-494c-9fcf-619b10384018
2026-07-24 14:21:31,960 | INFO | 01_build_trial_table | Loaded be184bc8-37fb-494c-9fcf-619b10384018 | trials=943 | choices=876 | session time=1s | cumulative sessions=109/109 | cumulative trials=86171
2026-07-24 14:21:31,961 | INFO | 01_build_trial_table | Subject 30/230 | CSK-im-010 complete | elapsed=5s | total loaded sessions=109 | total trials=86171
2026-07-24 14:21:31,961 | INFO | 01_build_trial_table | Subject 31/230 | CSK-im-011 | starting discovery
2026-07-24 14:21:32,520 | INFO | 01_build_trial_table | Subject CSK-im-011: querying left-camera DLC sessions
2026-07-24 14:21:32,929 | INFO | 01_build_trial_table | Subject CSK-im-011: checking task protocol for 5 DLC sessions
2026-07-24 14:21:34,875 | INFO | 01_build_trial_table | Subject CSK-im-011: protocol checks 5/5 (5 ChoiceWorld)
2026-07-24 14:21:34,875 | INFO | 01_build_trial_table | Subject CSK-im-011: querying raw left-camera video sessions
2026-07-24 14:21:35,292 | INFO | 01_build_trial_table | Subject CSK-im-011: found 9 raw-video sessions
2026-07-24 14:21:35,292 | INFO | 01_build_trial_table | Subject 31/230 | CSK-im-011 | 5 ChoiceWorld DLC sessions; 9 video sessions
2026-07-24 14:21:35,292 | INFO | 01_build_trial_table | Subject 31/230 | CSK-im-011 | session 1/5 | loading 74f5c34c-f3a7-4f89-99a0-54ea388cbd9b
2026-07-24 14:21:36,790 | INFO | 01_build_trial_table | Loaded 74f5c34c-f3a7-4f89-99a0-54ea388cbd9b | trials=1097 | choices=1091 | session time=1s | cumulative sessions=110/110 | cumulative trials=87268
2026-07-24 14:21:36,790 | INFO | 01_build_trial_table | Subject 31/230 | CSK-im-011 | session 2/5 | loading 8d098f4f-8067-4a17-8755-b3698e724d5d
2026-07-24 14:21:38,265 | INFO | 01_build_trial_table | Loaded 8d098f4f-8067-4a17-8755-b3698e724d5d | trials=971 | choices=963 | session time=1s | cumulative sessions=111/111 | cumulative trials=88239
2026-07-24 14:21:38,265 | INFO | 01_build_trial_table | Subject 31/230 | CSK-im-011 | session 3/5 | loading a940cd7d-0882-4440-bca0-ba50f5027c15
2026-07-24 14:21:39,771 | INFO | 01_build_trial_table | Loaded a940cd7d-0882-4440-bca0-ba50f5027c15 | trials=1012 | choices=1010 | session time=2s | cumulative sessions=112/112 | cumulative trials=89251
2026-07-24 14:21:39,772 | INFO | 01_build_trial_table | Subject 31/230 | CSK-im-011 | session 4/5 | loading b95ce513-423f-4e67-aefa-5515bfe18e62
2026-07-24 14:21:41,238 | INFO | 01_build_trial_table | Loaded b95ce513-423f-4e67-aefa-5515bfe18e62 | trials=840 | choices=829 | session time=1s | cumulative sessions=113/113 | cumulative trials=90091
2026-07-24 14:21:41,239 | INFO | 01_build_trial_table | Subject 31/230 | CSK-im-011 | session 5/5 | loading d34a502f-bd06-471f-8334-df41f785e1d9
2026-07-24 14:21:42,833 | INFO | 01_build_trial_table | Loaded d34a502f-bd06-471f-8334-df41f785e1d9 | trials=935 | choices=926 | session time=2s | cumulative sessions=114/114 | cumulative trials=91026
2026-07-24 14:21:42,834 | INFO | 01_build_trial_table | Subject 31/230 | CSK-im-011 complete | elapsed=11s | total loaded sessions=114 | total trials=91026
2026-07-24 14:21:42,834 | INFO | 01_build_trial_table | Subject 32/230 | CSK-im-012 | starting discovery
2026-07-24 14:21:43,358 | INFO | 01_build_trial_table | Subject CSK-im-012: querying left-camera DLC sessions
2026-07-24 14:21:43,761 | INFO | 01_build_trial_table | Subject CSK-im-012: checking task protocol for 1 DLC sessions
2026-07-24 14:21:44,147 | INFO | 01_build_trial_table | Subject CSK-im-012: protocol checks 1/1 (1 ChoiceWorld)
2026-07-24 14:21:44,147 | INFO | 01_build_trial_table | Subject CSK-im-012: querying raw left-camera video sessions
2026-07-24 14:21:44,577 | INFO | 01_build_trial_table | Subject CSK-im-012: found 5 raw-video sessions
2026-07-24 14:21:44,578 | INFO | 01_build_trial_table | Subject 32/230 | CSK-im-012 | 1 ChoiceWorld DLC sessions; 5 video sessions
2026-07-24 14:21:44,578 | INFO | 01_build_trial_table | Subject 32/230 | CSK-im-012 | session 1/1 | loading 31c9782b-da54-46d0-a257-25f06bc4e5e8
2026-07-24 14:21:46,107 | INFO | 01_build_trial_table | Loaded 31c9782b-da54-46d0-a257-25f06bc4e5e8 | trials=907 | choices=880 | session time=2s | cumulative sessions=115/115 | cumulative trials=91933
2026-07-24 14:21:46,107 | INFO | 01_build_trial_table | Subject 32/230 | CSK-im-012 complete | elapsed=3s | total loaded sessions=115 | total trials=91933
2026-07-24 14:21:46,108 | INFO | 01_build_trial_table | Subject 33/230 | CSP011 | starting discovery
2026-07-24 14:21:47,234 | INFO | 01_build_trial_table | Subject CSP011: querying left-camera DLC sessions
2026-07-24 14:21:47,640 | INFO | 01_build_trial_table | Subject CSP011: checking task protocol for 3 DLC sessions
2026-07-24 14:21:48,806 | INFO | 01_build_trial_table | Subject CSP011: protocol checks 3/3 (3 ChoiceWorld)
2026-07-24 14:21:48,806 | INFO | 01_build_trial_table | Subject CSP011: querying raw left-camera video sessions
2026-07-24 14:21:49,216 | INFO | 01_build_trial_table | Subject CSP011: found 3 raw-video sessions
2026-07-24 14:21:49,217 | INFO | 01_build_trial_table | Subject 33/230 | CSP011 | 3 ChoiceWorld DLC sessions; 3 video sessions
2026-07-24 14:21:49,217 | INFO | 01_build_trial_table | Subject 33/230 | CSP011 | session 1/3 | loading ad5cd9dd-c363-4e4e-8ceb-572f1c8a635c
2026-07-24 14:21:51,510 | INFO | 01_build_trial_table | Loaded ad5cd9dd-c363-4e4e-8ceb-572f1c8a635c | trials=748 | choices=745 | session time=2s | cumulative sessions=116/116 | cumulative trials=92681
2026-07-24 14:21:51,510 | INFO | 01_build_trial_table | Subject 33/230 | CSP011 | session 2/3 | loading b40b367b-6f5e-46e5-b874-f7039bd32795
2026-07-24 14:21:53,505 | INFO | 01_build_trial_table | Loaded b40b367b-6f5e-46e5-b874-f7039bd32795 | trials=165 | choices=114 | session time=2s | cumulative sessions=117/117 | cumulative trials=92846
2026-07-24 14:21:53,506 | INFO | 01_build_trial_table | Subject 33/230 | CSP011 | session 3/3 | loading eb396dfd-1dc9-41a7-8ad9-fdb2ecfb6c73
2026-07-24 14:21:55,717 | INFO | 01_build_trial_table | Loaded eb396dfd-1dc9-41a7-8ad9-fdb2ecfb6c73 | trials=663 | choices=637 | session time=2s | cumulative sessions=118/118 | cumulative trials=93509
2026-07-24 14:21:55,718 | INFO | 01_build_trial_table | Subject 33/230 | CSP011 complete | elapsed=10s | total loaded sessions=118 | total trials=93509
2026-07-24 14:21:55,718 | INFO | 01_build_trial_table | Subject 34/230 | CSP013 | starting discovery
2026-07-24 14:21:57,161 | INFO | 01_build_trial_table | Subject CSP013: querying left-camera DLC sessions
2026-07-24 14:21:57,563 | INFO | 01_build_trial_table | Subject CSP013: checking task protocol for 2 DLC sessions
2026-07-24 14:21:58,332 | INFO | 01_build_trial_table | Subject CSP013: protocol checks 2/2 (2 ChoiceWorld)
2026-07-24 14:21:58,332 | INFO | 01_build_trial_table | Subject CSP013: querying raw left-camera video sessions
2026-07-24 14:21:58,737 | INFO | 01_build_trial_table | Subject CSP013: found 2 raw-video sessions
2026-07-24 14:21:58,738 | INFO | 01_build_trial_table | Subject 34/230 | CSP013 | 2 ChoiceWorld DLC sessions; 2 video sessions
2026-07-24 14:21:58,738 | INFO | 01_build_trial_table | Subject 34/230 | CSP013 | session 1/2 | loading 05db35ff-68a2-4049-a586-11e8a2cccbf2
2026-07-24 14:22:01,486 | INFO | 01_build_trial_table | Loaded 05db35ff-68a2-4049-a586-11e8a2cccbf2 | trials=649 | choices=647 | session time=3s | cumulative sessions=119/119 | cumulative trials=94158
2026-07-24 14:22:01,486 | INFO | 01_build_trial_table | Subject 34/230 | CSP013 | session 2/2 | loading 2f6c3c1b-818e-4d82-8127-ee58b9e3f02a
2026-07-24 14:22:04,235 | INFO | 01_build_trial_table | Loaded 2f6c3c1b-818e-4d82-8127-ee58b9e3f02a | trials=841 | choices=841 | session time=3s | cumulative sessions=120/120 | cumulative trials=94999
2026-07-24 14:22:04,235 | INFO | 01_build_trial_table | Subject 34/230 | CSP013 complete | elapsed=9s | total loaded sessions=120 | total trials=94999
2026-07-24 14:22:04,235 | INFO | 01_build_trial_table | Subject 35/230 | CSP015 | starting discovery
2026-07-24 14:22:05,676 | INFO | 01_build_trial_table | Subject CSP015: querying left-camera DLC sessions
2026-07-24 14:22:06,134 | INFO | 01_build_trial_table | Subject CSP015: checking task protocol for 3 DLC sessions
2026-07-24 14:22:07,312 | INFO | 01_build_trial_table | Subject CSP015: protocol checks 3/3 (3 ChoiceWorld)
2026-07-24 14:22:07,312 | INFO | 01_build_trial_table | Subject CSP015: querying raw left-camera video sessions
2026-07-24 14:22:07,719 | INFO | 01_build_trial_table | Subject CSP015: found 3 raw-video sessions
2026-07-24 14:22:07,719 | INFO | 01_build_trial_table | Subject 35/230 | CSP015 | 3 ChoiceWorld DLC sessions; 3 video sessions
2026-07-24 14:22:07,719 | INFO | 01_build_trial_table | Subject 35/230 | CSP015 | session 1/3 | loading 02ee1a4e-8a32-4575-943b-265d2d8ffe14
2026-07-24 14:22:09,839 | INFO | 01_build_trial_table | Loaded 02ee1a4e-8a32-4575-943b-265d2d8ffe14 | trials=898 | choices=888 | session time=2s | cumulative sessions=121/121 | cumulative trials=95897
2026-07-24 14:22:09,839 | INFO | 01_build_trial_table | Subject 35/230 | CSP015 | session 2/3 | loading 83e21dca-949b-4607-9c0c-e86959aaec41
2026-07-24 14:22:11,980 | INFO | 01_build_trial_table | Loaded 83e21dca-949b-4607-9c0c-e86959aaec41 | trials=1122 | choices=1120 | session time=2s | cumulative sessions=122/122 | cumulative trials=97019
2026-07-24 14:22:11,980 | INFO | 01_build_trial_table | Subject 35/230 | CSP015 | session 3/3 | loading a2d7c0dd-d80e-49da-8b88-7acee67ad92c
2026-07-24 14:22:13,929 | INFO | 01_build_trial_table | Loaded a2d7c0dd-d80e-49da-8b88-7acee67ad92c | trials=632 | choices=622 | session time=2s | cumulative sessions=123/123 | cumulative trials=97651
2026-07-24 14:22:13,929 | INFO | 01_build_trial_table | Subject 35/230 | CSP015 complete | elapsed=10s | total loaded sessions=123 | total trials=97651
2026-07-24 14:22:13,929 | INFO | 01_build_trial_table | Subject 36/230 | CSP016 | starting discovery
2026-07-24 14:22:14,741 | INFO | 01_build_trial_table | Subject CSP016: querying left-camera DLC sessions
2026-07-24 14:22:15,179 | INFO | 01_build_trial_table | Subject CSP016: checking task protocol for 3 DLC sessions
2026-07-24 14:22:16,372 | INFO | 01_build_trial_table | Subject CSP016: protocol checks 3/3 (3 ChoiceWorld)
2026-07-24 14:22:16,373 | INFO | 01_build_trial_table | Subject CSP016: querying raw left-camera video sessions
2026-07-24 14:22:16,777 | INFO | 01_build_trial_table | Subject CSP016: found 3 raw-video sessions
2026-07-24 14:22:16,777 | INFO | 01_build_trial_table | Subject 36/230 | CSP016 | 3 ChoiceWorld DLC sessions; 3 video sessions
2026-07-24 14:22:16,777 | INFO | 01_build_trial_table | Subject 36/230 | CSP016 | session 1/3 | loading 83769b74-6e3b-422a-8648-50c1a32c5dd4
2026-07-24 14:22:19,089 | INFO | 01_build_trial_table | Loaded 83769b74-6e3b-422a-8648-50c1a32c5dd4 | trials=451 | choices=433 | session time=2s | cumulative sessions=124/124 | cumulative trials=98102
2026-07-24 14:22:19,089 | INFO | 01_build_trial_table | Subject 36/230 | CSP016 | session 2/3 | loading 9cb1fb73-ab3f-488b-bcab-474994de38a8
2026-07-24 14:22:21,411 | INFO | 01_build_trial_table | Loaded 9cb1fb73-ab3f-488b-bcab-474994de38a8 | trials=520 | choices=515 | session time=2s | cumulative sessions=125/125 | cumulative trials=98622
2026-07-24 14:22:21,411 | INFO | 01_build_trial_table | Subject 36/230 | CSP016 | session 3/3 | loading d86f3850-5183-4329-80ea-6902b9eb0e13
2026-07-24 14:22:23,785 | INFO | 01_build_trial_table | Loaded d86f3850-5183-4329-80ea-6902b9eb0e13 | trials=432 | choices=430 | session time=2s | cumulative sessions=126/126 | cumulative trials=99054
2026-07-24 14:22:23,786 | INFO | 01_build_trial_table | Subject 36/230 | CSP016 complete | elapsed=10s | total loaded sessions=126 | total trials=99054
2026-07-24 14:22:23,786 | INFO | 01_build_trial_table | Subject 37/230 | CSP018 | starting discovery
2026-07-24 14:22:25,213 | INFO | 01_build_trial_table | Subject CSP018: querying left-camera DLC sessions
2026-07-24 14:22:25,640 | INFO | 01_build_trial_table | Subject CSP018: checking task protocol for 2 DLC sessions
2026-07-24 14:22:26,417 | INFO | 01_build_trial_table | Subject CSP018: protocol checks 2/2 (2 ChoiceWorld)
2026-07-24 14:22:26,417 | INFO | 01_build_trial_table | Subject CSP018: querying raw left-camera video sessions
2026-07-24 14:22:26,822 | INFO | 01_build_trial_table | Subject CSP018: found 2 raw-video sessions
2026-07-24 14:22:26,822 | INFO | 01_build_trial_table | Subject 37/230 | CSP018 | 2 ChoiceWorld DLC sessions; 2 video sessions
2026-07-24 14:22:26,822 | INFO | 01_build_trial_table | Subject 37/230 | CSP018 | session 1/2 | loading 0ad4fa8e-8855-4539-841d-373d8c975bf6
2026-07-24 14:22:29,097 | INFO | 01_build_trial_table | Loaded 0ad4fa8e-8855-4539-841d-373d8c975bf6 | trials=1172 | choices=1172 | session time=2s | cumulative sessions=127/127 | cumulative trials=100226
2026-07-24 14:22:29,097 | INFO | 01_build_trial_table | Subject 37/230 | CSP018 | session 2/2 | loading bad413bd-6e5a-4532-937d-eeefa6b08515
2026-07-24 14:22:31,473 | INFO | 01_build_trial_table | Loaded bad413bd-6e5a-4532-937d-eeefa6b08515 | trials=1156 | choices=1156 | session time=2s | cumulative sessions=128/128 | cumulative trials=101382
2026-07-24 14:22:31,474 | INFO | 01_build_trial_table | Subject 37/230 | CSP018 complete | elapsed=8s | total loaded sessions=128 | total trials=101382
2026-07-24 14:22:31,474 | INFO | 01_build_trial_table | Subject 38/230 | CSP023 | starting discovery
2026-07-24 14:22:32,306 | INFO | 01_build_trial_table | Subject CSP023: querying left-camera DLC sessions
2026-07-24 14:22:32,716 | INFO | 01_build_trial_table | Subject CSP023: checking task protocol for 3 DLC sessions
2026-07-24 14:22:33,872 | INFO | 01_build_trial_table | Subject CSP023: protocol checks 3/3 (3 ChoiceWorld)
2026-07-24 14:22:33,872 | INFO | 01_build_trial_table | Subject CSP023: querying raw left-camera video sessions
2026-07-24 14:22:34,281 | INFO | 01_build_trial_table | Subject CSP023: found 3 raw-video sessions
2026-07-24 14:22:34,281 | INFO | 01_build_trial_table | Subject 38/230 | CSP023 | 3 ChoiceWorld DLC sessions; 3 video sessions
2026-07-24 14:22:34,281 | INFO | 01_build_trial_table | Subject 38/230 | CSP023 | session 1/3 | loading 37cd4cbb-1090-4a15-a6d0-97c24e8061c9
2026-07-24 14:22:36,563 | INFO | 01_build_trial_table | Loaded 37cd4cbb-1090-4a15-a6d0-97c24e8061c9 | trials=813 | choices=805 | session time=2s | cumulative sessions=129/129 | cumulative trials=102195
2026-07-24 14:22:36,563 | INFO | 01_build_trial_table | Subject 38/230 | CSP023 | session 2/3 | loading 9532bcee-2839-4e76-ba3d-ad6c39ee0844
2026-07-24 14:22:38,889 | INFO | 01_build_trial_table | Loaded 9532bcee-2839-4e76-ba3d-ad6c39ee0844 | trials=980 | choices=980 | session time=2s | cumulative sessions=130/130 | cumulative trials=103175
2026-07-24 14:22:38,890 | INFO | 01_build_trial_table | Subject 38/230 | CSP023 | session 3/3 | loading 9a9d69b3-db9d-436c-9957-1980d998050e
2026-07-24 14:22:41,205 | INFO | 01_build_trial_table | Loaded 9a9d69b3-db9d-436c-9957-1980d998050e | trials=509 | choices=506 | session time=2s | cumulative sessions=131/131 | cumulative trials=103684
2026-07-24 14:22:41,205 | INFO | 01_build_trial_table | Subject 38/230 | CSP023 complete | elapsed=10s | total loaded sessions=131 | total trials=103684
2026-07-24 14:22:41,205 | INFO | 01_build_trial_table | Subject 39/230 | CSP025 | starting discovery
2026-07-24 14:22:42,150 | INFO | 01_build_trial_table | Subject CSP025: querying left-camera DLC sessions
2026-07-24 14:22:42,559 | INFO | 01_build_trial_table | Subject CSP025: checking task protocol for 4 DLC sessions
2026-07-24 14:22:44,109 | INFO | 01_build_trial_table | Subject CSP025: protocol checks 4/4 (4 ChoiceWorld)
2026-07-24 14:22:44,109 | INFO | 01_build_trial_table | Subject CSP025: querying raw left-camera video sessions
2026-07-24 14:22:44,541 | INFO | 01_build_trial_table | Subject CSP025: found 4 raw-video sessions
2026-07-24 14:22:44,541 | INFO | 01_build_trial_table | Subject 39/230 | CSP025 | 4 ChoiceWorld DLC sessions; 4 video sessions
2026-07-24 14:22:44,542 | INFO | 01_build_trial_table | Subject 39/230 | CSP025 | session 1/4 | loading 0574827a-c1f1-4cc0-8188-520a6e575c01
2026-07-24 14:22:46,944 | INFO | 01_build_trial_table | Loaded 0574827a-c1f1-4cc0-8188-520a6e575c01 | trials=702 | choices=695 | session time=2s | cumulative sessions=132/132 | cumulative trials=104386
2026-07-24 14:22:46,944 | INFO | 01_build_trial_table | Subject 39/230 | CSP025 | session 2/4 | loading 709b3f53-d379-43f3-822c-1e9bd26f38c6
2026-07-24 14:22:49,340 | INFO | 01_build_trial_table | Loaded 709b3f53-d379-43f3-822c-1e9bd26f38c6 | trials=598 | choices=586 | session time=2s | cumulative sessions=133/133 | cumulative trials=104984
2026-07-24 14:22:49,340 | INFO | 01_build_trial_table | Subject 39/230 | CSP025 | session 3/4 | loading bfc87524-c333-4110-a52d-22530cee481b
2026-07-24 14:22:51,792 | INFO | 01_build_trial_table | Loaded bfc87524-c333-4110-a52d-22530cee481b | trials=688 | choices=677 | session time=2s | cumulative sessions=134/134 | cumulative trials=105672
2026-07-24 14:22:51,793 | INFO | 01_build_trial_table | Subject 39/230 | CSP025 | session 4/4 | loading fc8d9a41-5c68-435b-8ec3-a603b742d901
2026-07-24 14:22:54,389 | INFO | 01_build_trial_table | Loaded fc8d9a41-5c68-435b-8ec3-a603b742d901 | trials=684 | choices=672 | session time=3s | cumulative sessions=135/135 | cumulative trials=106356
2026-07-24 14:22:54,389 | INFO | 01_build_trial_table | Subject 39/230 | CSP025 complete | elapsed=13s | total loaded sessions=135 | total trials=106356
2026-07-24 14:22:54,389 | INFO | 01_build_trial_table | Subject 40/230 | CSP027 | starting discovery
2026-07-24 14:22:55,437 | INFO | 01_build_trial_table | Subject CSP027: querying left-camera DLC sessions
2026-07-24 14:22:55,849 | INFO | 01_build_trial_table | Subject CSP027: checking task protocol for 4 DLC sessions
2026-07-24 14:22:57,421 | INFO | 01_build_trial_table | Subject CSP027: protocol checks 4/4 (4 ChoiceWorld)
2026-07-24 14:22:57,421 | INFO | 01_build_trial_table | Subject CSP027: querying raw left-camera video sessions
2026-07-24 14:22:57,827 | INFO | 01_build_trial_table | Subject CSP027: found 4 raw-video sessions
2026-07-24 14:22:57,827 | INFO | 01_build_trial_table | Subject 40/230 | CSP027 | 4 ChoiceWorld DLC sessions; 4 video sessions
2026-07-24 14:22:57,827 | INFO | 01_build_trial_table | Subject 40/230 | CSP027 | session 1/4 | loading 3270c445-4ae2-4079-9ba5-4e2f1eb94706
2026-07-24 14:23:00,160 | INFO | 01_build_trial_table | Loaded 3270c445-4ae2-4079-9ba5-4e2f1eb94706 | trials=619 | choices=606 | session time=2s | cumulative sessions=136/136 | cumulative trials=106975
2026-07-24 14:23:00,160 | INFO | 01_build_trial_table | Subject 40/230 | CSP027 | session 2/4 | loading 64d2d8a4-42bf-441c-9758-aa87dbf39c0d
2026-07-24 14:23:03,690 | INFO | 01_build_trial_table | Loaded 64d2d8a4-42bf-441c-9758-aa87dbf39c0d | trials=564 | choices=550 | session time=4s | cumulative sessions=137/137 | cumulative trials=107539
2026-07-24 14:23:03,690 | INFO | 01_build_trial_table | Subject 40/230 | CSP027 | session 3/4 | loading 83f4b301-f689-45b1-90c0-8a598c66f4a2
2026-07-24 14:23:06,084 | INFO | 01_build_trial_table | Loaded 83f4b301-f689-45b1-90c0-8a598c66f4a2 | trials=660 | choices=645 | session time=2s | cumulative sessions=138/138 | cumulative trials=108199
2026-07-24 14:23:06,084 | INFO | 01_build_trial_table | Subject 40/230 | CSP027 | session 4/4 | loading b2664575-a766-4a70-aba5-d0809557f420
2026-07-24 14:23:08,452 | INFO | 01_build_trial_table | Loaded b2664575-a766-4a70-aba5-d0809557f420 | trials=436 | choices=422 | session time=2s | cumulative sessions=139/139 | cumulative trials=108635
2026-07-24 14:23:08,452 | INFO | 01_build_trial_table | Subject 40/230 | CSP027 complete | elapsed=14s | total loaded sessions=139 | total trials=108635
2026-07-24 14:23:08,453 | INFO | 01_build_trial_table | Subject 41/230 | CSP028 | starting discovery
2026-07-24 14:23:09,497 | INFO | 01_build_trial_table | Subject CSP028: querying left-camera DLC sessions
2026-07-24 14:23:09,913 | INFO | 01_build_trial_table | Subject CSP028: checking task protocol for 4 DLC sessions
2026-07-24 14:23:11,497 | INFO | 01_build_trial_table | Subject CSP028: protocol checks 4/4 (4 ChoiceWorld)
2026-07-24 14:23:11,497 | INFO | 01_build_trial_table | Subject CSP028: querying raw left-camera video sessions
2026-07-24 14:23:11,937 | INFO | 01_build_trial_table | Subject CSP028: found 4 raw-video sessions
2026-07-24 14:23:11,937 | INFO | 01_build_trial_table | Subject 41/230 | CSP028 | 4 ChoiceWorld DLC sessions; 4 video sessions
2026-07-24 14:23:11,938 | INFO | 01_build_trial_table | Subject 41/230 | CSP028 | session 1/4 | loading 303b4a2c-46b0-4042-91e7-6ec609dea0b3
2026-07-24 14:23:14,326 | INFO | 01_build_trial_table | Loaded 303b4a2c-46b0-4042-91e7-6ec609dea0b3 | trials=608 | choices=594 | session time=2s | cumulative sessions=140/140 | cumulative trials=109243
2026-07-24 14:23:14,326 | INFO | 01_build_trial_table | Subject 41/230 | CSP028 | session 2/4 | loading 8d61f21b-5d8b-420d-909c-08e75f39ed38
2026-07-24 14:23:16,696 | INFO | 01_build_trial_table | Loaded 8d61f21b-5d8b-420d-909c-08e75f39ed38 | trials=793 | choices=789 | session time=2s | cumulative sessions=141/141 | cumulative trials=110036
2026-07-24 14:23:16,696 | INFO | 01_build_trial_table | Subject 41/230 | CSP028 | session 3/4 | loading c2906035-f307-481e-9922-bb65803da633
2026-07-24 14:23:19,074 | INFO | 01_build_trial_table | Loaded c2906035-f307-481e-9922-bb65803da633 | trials=737 | choices=728 | session time=2s | cumulative sessions=142/142 | cumulative trials=110773
2026-07-24 14:23:19,074 | INFO | 01_build_trial_table | Subject 41/230 | CSP028 | session 4/4 | loading d8921527-2f3a-4c5c-802a-bfa827fb4b2c
2026-07-24 14:23:21,475 | INFO | 01_build_trial_table | Loaded d8921527-2f3a-4c5c-802a-bfa827fb4b2c | trials=806 | choices=796 | session time=2s | cumulative sessions=143/143 | cumulative trials=111579
2026-07-24 14:23:21,475 | INFO | 01_build_trial_table | Subject 41/230 | CSP028 complete | elapsed=13s | total loaded sessions=143 | total trials=111579
2026-07-24 14:23:21,475 | INFO | 01_build_trial_table | Subject 42/230 | CSP029 | starting discovery
2026-07-24 14:23:22,601 | INFO | 01_build_trial_table | Subject CSP029: querying left-camera DLC sessions
2026-07-24 14:23:23,020 | INFO | 01_build_trial_table | Subject CSP029: checking task protocol for 4 DLC sessions
2026-07-24 14:23:24,622 | INFO | 01_build_trial_table | Subject CSP029: protocol checks 4/4 (4 ChoiceWorld)
2026-07-24 14:23:24,622 | INFO | 01_build_trial_table | Subject CSP029: querying raw left-camera video sessions
2026-07-24 14:23:25,028 | INFO | 01_build_trial_table | Subject CSP029: found 4 raw-video sessions
2026-07-24 14:23:25,028 | INFO | 01_build_trial_table | Subject 42/230 | CSP029 | 4 ChoiceWorld DLC sessions; 4 video sessions
2026-07-24 14:23:25,029 | INFO | 01_build_trial_table | Subject 42/230 | CSP029 | session 1/4 | loading 7c13fde2-66c5-4106-bab1-c014845c23c2
2026-07-24 14:23:27,406 | INFO | 01_build_trial_table | Loaded 7c13fde2-66c5-4106-bab1-c014845c23c2 | trials=607 | choices=597 | session time=2s | cumulative sessions=144/144 | cumulative trials=112186
2026-07-24 14:23:27,406 | INFO | 01_build_trial_table | Subject 42/230 | CSP029 | session 2/4 | loading a4e8e8f4-4836-4363-8b84-ababee97cf31
2026-07-24 14:23:29,744 | INFO | 01_build_trial_table | Loaded a4e8e8f4-4836-4363-8b84-ababee97cf31 | trials=590 | choices=548 | session time=2s | cumulative sessions=145/145 | cumulative trials=112776
2026-07-24 14:23:29,745 | INFO | 01_build_trial_table | Subject 42/230 | CSP029 | session 3/4 | loading e7d2decc-e212-484a-8dc4-a37634d76497
2026-07-24 14:23:32,161 | INFO | 01_build_trial_table | Loaded e7d2decc-e212-484a-8dc4-a37634d76497 | trials=530 | choices=512 | session time=2s | cumulative sessions=146/146 | cumulative trials=113306
2026-07-24 14:23:32,161 | INFO | 01_build_trial_table | Subject 42/230 | CSP029 | session 4/4 | loading ebbbf535-39df-4cd0-8d58-9574614ae047
2026-07-24 14:23:34,529 | INFO | 01_build_trial_table | Loaded ebbbf535-39df-4cd0-8d58-9574614ae047 | trials=560 | choices=556 | session time=2s | cumulative sessions=147/147 | cumulative trials=113866
2026-07-24 14:23:34,529 | INFO | 01_build_trial_table | Subject 42/230 | CSP029 complete | elapsed=13s | total loaded sessions=147 | total trials=113866
2026-07-24 14:23:34,529 | INFO | 01_build_trial_table | Subject 43/230 | CSP031 | starting discovery
2026-07-24 14:23:35,326 | INFO | 01_build_trial_table | Subject CSP031: querying left-camera DLC sessions
2026-07-24 14:23:35,730 | INFO | 01_build_trial_table | Subject CSP031: checking task protocol for 3 DLC sessions
2026-07-24 14:23:36,927 | INFO | 01_build_trial_table | Subject CSP031: protocol checks 3/3 (3 ChoiceWorld)
2026-07-24 14:23:36,927 | INFO | 01_build_trial_table | Subject CSP031: querying raw left-camera video sessions
2026-07-24 14:23:37,351 | INFO | 01_build_trial_table | Subject CSP031: found 3 raw-video sessions
2026-07-24 14:23:37,351 | INFO | 01_build_trial_table | Subject 43/230 | CSP031 | 3 ChoiceWorld DLC sessions; 3 video sessions
2026-07-24 14:23:37,351 | INFO | 01_build_trial_table | Subject 43/230 | CSP031 | session 1/3 | loading 0cfe6b85-7ea2-4650-8835-f0a3a86dd285
2026-07-24 14:23:39,798 | INFO | 01_build_trial_table | Loaded 0cfe6b85-7ea2-4650-8835-f0a3a86dd285 | trials=655 | choices=645 | session time=2s | cumulative sessions=148/148 | cumulative trials=114521
2026-07-24 14:23:39,798 | INFO | 01_build_trial_table | Subject 43/230 | CSP031 | session 2/3 | loading 26b65dd4-bbfa-4c82-814a-ad0177ebe504
2026-07-24 14:23:42,204 | INFO | 01_build_trial_table | Loaded 26b65dd4-bbfa-4c82-814a-ad0177ebe504 | trials=567 | choices=561 | session time=2s | cumulative sessions=149/149 | cumulative trials=115088
2026-07-24 14:23:42,204 | INFO | 01_build_trial_table | Subject 43/230 | CSP031 | session 3/3 | loading 8fda20d8-7f18-4769-9536-deacc51cc0da
2026-07-24 14:23:44,825 | INFO | 01_build_trial_table | Loaded 8fda20d8-7f18-4769-9536-deacc51cc0da | trials=738 | choices=736 | session time=3s | cumulative sessions=150/150 | cumulative trials=115826
2026-07-24 14:23:44,825 | INFO | 01_build_trial_table | Subject 43/230 | CSP031 complete | elapsed=10s | total loaded sessions=150 | total trials=115826
2026-07-24 14:23:44,825 | INFO | 01_build_trial_table | Subject 44/230 | CSP032 | starting discovery
2026-07-24 14:23:45,670 | INFO | 01_build_trial_table | Subject CSP032: querying left-camera DLC sessions
2026-07-24 14:23:46,108 | INFO | 01_build_trial_table | Subject CSP032: checking task protocol for 1 DLC sessions
2026-07-24 14:23:46,516 | INFO | 01_build_trial_table | Subject CSP032: protocol checks 1/1 (1 ChoiceWorld)
2026-07-24 14:23:46,516 | INFO | 01_build_trial_table | Subject CSP032: querying raw left-camera video sessions
2026-07-24 14:23:46,918 | INFO | 01_build_trial_table | Subject CSP032: found 1 raw-video sessions
2026-07-24 14:23:46,918 | INFO | 01_build_trial_table | Subject 44/230 | CSP032 | 1 ChoiceWorld DLC sessions; 1 video sessions
2026-07-24 14:23:46,919 | INFO | 01_build_trial_table | Subject 44/230 | CSP032 | session 1/1 | loading 1145e793-69b9-4dbb-9b7a-05322b5fe82f
2026-07-24 14:23:49,333 | INFO | 01_build_trial_table | Loaded 1145e793-69b9-4dbb-9b7a-05322b5fe82f | trials=581 | choices=581 | session time=2s | cumulative sessions=151/151 | cumulative trials=116407
2026-07-24 14:23:49,333 | INFO | 01_build_trial_table | Subject 44/230 | CSP032 complete | elapsed=5s | total loaded sessions=151 | total trials=116407
2026-07-24 14:23:49,334 | INFO | 01_build_trial_table | Subject 45/230 | CSP033 | starting discovery
2026-07-24 14:23:50,205 | INFO | 01_build_trial_table | Subject CSP033: querying left-camera DLC sessions
2026-07-24 14:23:50,614 | INFO | 01_build_trial_table | Subject CSP033: checking task protocol for 4 DLC sessions
2026-07-24 14:23:52,209 | INFO | 01_build_trial_table | Subject CSP033: protocol checks 4/4 (4 ChoiceWorld)
2026-07-24 14:23:52,209 | INFO | 01_build_trial_table | Subject CSP033: querying raw left-camera video sessions
2026-07-24 14:23:52,612 | INFO | 01_build_trial_table | Subject CSP033: found 4 raw-video sessions
2026-07-24 14:23:52,612 | INFO | 01_build_trial_table | Subject 45/230 | CSP033 | 4 ChoiceWorld DLC sessions; 4 video sessions
2026-07-24 14:23:52,612 | INFO | 01_build_trial_table | Subject 45/230 | CSP033 | session 1/4 | loading 48a307da-2966-46c1-bd73-b78f50901ff1
2026-07-24 14:23:55,010 | INFO | 01_build_trial_table | Loaded 48a307da-2966-46c1-bd73-b78f50901ff1 | trials=756 | choices=756 | session time=2s | cumulative sessions=152/152 | cumulative trials=117163
2026-07-24 14:23:55,011 | INFO | 01_build_trial_table | Subject 45/230 | CSP033 | session 2/4 | loading 9c1df22e-e9ae-4869-852d-fc93d7e89878
2026-07-24 14:23:57,450 | INFO | 01_build_trial_table | Loaded 9c1df22e-e9ae-4869-852d-fc93d7e89878 | trials=537 | choices=533 | session time=2s | cumulative sessions=153/153 | cumulative trials=117700
2026-07-24 14:23:57,450 | INFO | 01_build_trial_table | Subject 45/230 | CSP033 | session 3/4 | loading ef06e5cf-4809-4314-ba70-c0478cbae0bc
2026-07-24 14:23:59,793 | INFO | 01_build_trial_table | Loaded ef06e5cf-4809-4314-ba70-c0478cbae0bc | trials=726 | choices=725 | session time=2s | cumulative sessions=154/154 | cumulative trials=118426
2026-07-24 14:23:59,793 | INFO | 01_build_trial_table | Subject 45/230 | CSP033 | session 4/4 | loading ef30a133-662f-4e1b-a971-f222d9b94f7e
2026-07-24 14:24:03,950 | INFO | 01_build_trial_table | Loaded ef30a133-662f-4e1b-a971-f222d9b94f7e | trials=781 | choices=781 | session time=4s | cumulative sessions=155/155 | cumulative trials=119207
2026-07-24 14:24:03,950 | INFO | 01_build_trial_table | Subject 45/230 | CSP033 complete | elapsed=15s | total loaded sessions=155 | total trials=119207
2026-07-24 14:24:03,950 | INFO | 01_build_trial_table | Subject 46/230 | DY_008 | starting discovery
2026-07-24 14:24:05,200 | INFO | 01_build_trial_table | Subject DY_008: querying left-camera DLC sessions
2026-07-24 14:24:05,618 | INFO | 01_build_trial_table | Subject DY_008: checking task protocol for 2 DLC sessions
2026-07-24 14:24:06,393 | INFO | 01_build_trial_table | Subject DY_008: protocol checks 2/2 (2 ChoiceWorld)
2026-07-24 14:24:06,394 | INFO | 01_build_trial_table | Subject DY_008: querying raw left-camera video sessions
2026-07-24 14:24:06,802 | INFO | 01_build_trial_table | Subject DY_008: found 2 raw-video sessions
2026-07-24 14:24:06,802 | INFO | 01_build_trial_table | Subject 46/230 | DY_008 | 2 ChoiceWorld DLC sessions; 2 video sessions
2026-07-24 14:24:06,802 | INFO | 01_build_trial_table | Subject 46/230 | DY_008 | session 1/2 | loading 0f25376f-2b78-4ddc-8c39-b6cdbe7bf5b9
2026-07-24 14:24:09,311 | INFO | 01_build_trial_table | Loaded 0f25376f-2b78-4ddc-8c39-b6cdbe7bf5b9 | trials=471 | choices=470 | session time=3s | cumulative sessions=156/156 | cumulative trials=119678
2026-07-24 14:24:09,312 | INFO | 01_build_trial_table | Subject 46/230 | DY_008 | session 2/2 | loading ee13c19e-2790-4418-97ca-48f02e8013bb
2026-07-24 14:24:11,758 | INFO | 01_build_trial_table | Loaded ee13c19e-2790-4418-97ca-48f02e8013bb | trials=409 | choices=400 | session time=2s | cumulative sessions=157/157 | cumulative trials=120087
2026-07-24 14:24:11,758 | INFO | 01_build_trial_table | Subject 46/230 | DY_008 complete | elapsed=8s | total loaded sessions=157 | total trials=120087
2026-07-24 14:24:11,758 | INFO | 01_build_trial_table | Subject 47/230 | DY_009 | starting discovery
2026-07-24 14:24:13,063 | INFO | 01_build_trial_table | Subject DY_009: querying left-camera DLC sessions
2026-07-24 14:24:13,485 | INFO | 01_build_trial_table | Subject DY_009: checking task protocol for 9 DLC sessions
2026-07-24 14:24:17,051 | INFO | 01_build_trial_table | Subject DY_009: protocol checks 9/9 (9 ChoiceWorld)
2026-07-24 14:24:17,051 | INFO | 01_build_trial_table | Subject DY_009: querying raw left-camera video sessions
2026-07-24 14:24:17,466 | INFO | 01_build_trial_table | Subject DY_009: found 9 raw-video sessions
2026-07-24 14:24:17,466 | INFO | 01_build_trial_table | Subject 47/230 | DY_009 | 9 ChoiceWorld DLC sessions; 9 video sessions
2026-07-24 14:24:17,466 | INFO | 01_build_trial_table | Subject 47/230 | DY_009 | session 1/9 | loading 158d5d35-a2ab-4a76-87b0-51048c5d5283
2026-07-24 14:24:19,960 | INFO | 01_build_trial_table | Loaded 158d5d35-a2ab-4a76-87b0-51048c5d5283 | trials=401 | choices=393 | session time=2s | cumulative sessions=158/158 | cumulative trials=120488
2026-07-24 14:24:19,960 | INFO | 01_build_trial_table | Subject 47/230 | DY_009 | session 2/9 | loading 30e5937e-e86a-47e6-93ae-d2ae3877ff8e
2026-07-24 14:24:22,419 | INFO | 01_build_trial_table | Loaded 30e5937e-e86a-47e6-93ae-d2ae3877ff8e | trials=424 | choices=424 | session time=2s | cumulative sessions=159/159 | cumulative trials=120912
2026-07-24 14:24:22,419 | INFO | 01_build_trial_table | Subject 47/230 | DY_009 | session 3/9 | loading 3c851386-e92d-4533-8d55-89a46f0e7384
2026-07-24 14:24:24,958 | INFO | 01_build_trial_table | Loaded 3c851386-e92d-4533-8d55-89a46f0e7384 | trials=403 | choices=401 | session time=3s | cumulative sessions=160/160 | cumulative trials=121315
2026-07-24 14:24:24,958 | INFO | 01_build_trial_table | Subject 47/230 | DY_009 | session 4/9 | loading 3dd347df-f14e-40d5-9ff2-9c49f84d2157
2026-07-24 14:24:27,443 | INFO | 01_build_trial_table | Loaded 3dd347df-f14e-40d5-9ff2-9c49f84d2157 | trials=401 | choices=398 | session time=2s | cumulative sessions=161/161 | cumulative trials=121716
2026-07-24 14:24:27,444 | INFO | 01_build_trial_table | Subject 47/230 | DY_009 | session 5/9 | loading 413a6825-2144-4a50-b3fc-cf38ddd6fd1a
2026-07-24 14:24:29,921 | INFO | 01_build_trial_table | Loaded 413a6825-2144-4a50-b3fc-cf38ddd6fd1a | trials=456 | choices=455 | session time=2s | cumulative sessions=162/162 | cumulative trials=122172
2026-07-24 14:24:29,921 | INFO | 01_build_trial_table | Subject 47/230 | DY_009 | session 6/9 | loading 6668c4a0-70a4-4012-a7da-709660971d7a
2026-07-24 14:24:32,449 | INFO | 01_build_trial_table | Loaded 6668c4a0-70a4-4012-a7da-709660971d7a | trials=427 | choices=424 | session time=3s | cumulative sessions=163/163 | cumulative trials=122599
2026-07-24 14:24:32,449 | INFO | 01_build_trial_table | Subject 47/230 | DY_009 | session 7/9 | loading a19c7a3a-7261-42ce-95d5-1f4ca46007ed
2026-07-24 14:24:35,207 | INFO | 01_build_trial_table | Loaded a19c7a3a-7261-42ce-95d5-1f4ca46007ed | trials=479 | choices=479 | session time=3s | cumulative sessions=164/164 | cumulative trials=123078
2026-07-24 14:24:35,207 | INFO | 01_build_trial_table | Subject 47/230 | DY_009 | session 8/9 | loading db4df448-e449-4a6f-a0e7-288711e7a75a
2026-07-24 14:24:38,062 | INFO | 01_build_trial_table | Loaded db4df448-e449-4a6f-a0e7-288711e7a75a | trials=402 | choices=400 | session time=3s | cumulative sessions=165/165 | cumulative trials=123480
2026-07-24 14:24:38,062 | INFO | 01_build_trial_table | Subject 47/230 | DY_009 | session 9/9 | loading e5c772cd-9c92-47ab-9525-d618b66a9b5d
2026-07-24 14:24:40,530 | INFO | 01_build_trial_table | Loaded e5c772cd-9c92-47ab-9525-d618b66a9b5d | trials=514 | choices=514 | session time=2s | cumulative sessions=166/166 | cumulative trials=123994
2026-07-24 14:24:40,530 | INFO | 01_build_trial_table | Subject 47/230 | DY_009 complete | elapsed=29s | total loaded sessions=166 | total trials=123994
2026-07-24 14:24:40,530 | INFO | 01_build_trial_table | Subject 48/230 | DY_010 | starting discovery
2026-07-24 14:24:41,582 | INFO | 01_build_trial_table | Subject DY_010: querying left-camera DLC sessions
2026-07-24 14:24:41,995 | INFO | 01_build_trial_table | Subject DY_010: checking task protocol for 6 DLC sessions
2026-07-24 14:24:44,417 | INFO | 01_build_trial_table | Subject DY_010: protocol checks 6/6 (6 ChoiceWorld)
2026-07-24 14:24:44,417 | INFO | 01_build_trial_table | Subject DY_010: querying raw left-camera video sessions
2026-07-24 14:24:44,844 | INFO | 01_build_trial_table | Subject DY_010: found 6 raw-video sessions
2026-07-24 14:24:44,845 | INFO | 01_build_trial_table | Subject 48/230 | DY_010 | 6 ChoiceWorld DLC sessions; 6 video sessions
2026-07-24 14:24:44,845 | INFO | 01_build_trial_table | Subject 48/230 | DY_010 | session 1/6 | loading 02fbb6da-3034-47d6-a61b-7d06c796a830
2026-07-24 14:24:47,454 | INFO | 01_build_trial_table | Loaded 02fbb6da-3034-47d6-a61b-7d06c796a830 | trials=646 | choices=646 | session time=3s | cumulative sessions=167/167 | cumulative trials=124640
2026-07-24 14:24:47,454 | INFO | 01_build_trial_table | Subject 48/230 | DY_010 | session 2/6 | loading 4fa70097-8101-4f10-b585-db39429c5ed0
2026-07-24 14:24:49,972 | INFO | 01_build_trial_table | Loaded 4fa70097-8101-4f10-b585-db39429c5ed0 | trials=485 | choices=483 | session time=3s | cumulative sessions=168/168 | cumulative trials=125125
2026-07-24 14:24:49,973 | INFO | 01_build_trial_table | Subject 48/230 | DY_010 | session 3/6 | loading 90d1e82c-c96f-496c-ad4e-ee3f02067f25
2026-07-24 14:24:52,449 | INFO | 01_build_trial_table | Loaded 90d1e82c-c96f-496c-ad4e-ee3f02067f25 | trials=541 | choices=538 | session time=2s | cumulative sessions=169/169 | cumulative trials=125666
2026-07-24 14:24:52,450 | INFO | 01_build_trial_table | Subject 48/230 | DY_010 | session 4/6 | loading 931a70ae-90ee-448e-bedb-9d41f3eda647
2026-07-24 14:24:54,957 | INFO | 01_build_trial_table | Loaded 931a70ae-90ee-448e-bedb-9d41f3eda647 | trials=501 | choices=501 | session time=3s | cumulative sessions=170/170 | cumulative trials=126167
2026-07-24 14:24:54,957 | INFO | 01_build_trial_table | Subject 48/230 | DY_010 | session 5/6 | loading b03fbc44-3d8e-4a6c-8a50-5ea3498568e0
2026-07-24 14:24:57,037 | INFO | 01_build_trial_table | Loaded b03fbc44-3d8e-4a6c-8a50-5ea3498568e0 | trials=402 | choices=395 | session time=2s | cumulative sessions=171/171 | cumulative trials=126569
2026-07-24 14:24:57,037 | INFO | 01_build_trial_table | Subject 48/230 | DY_010 | session 6/6 | loading bb6a5aae-2431-401d-8f6a-9fdd6de655a9
2026-07-24 14:24:59,457 | INFO | 01_build_trial_table | Loaded bb6a5aae-2431-401d-8f6a-9fdd6de655a9 | trials=415 | choices=415 | session time=2s | cumulative sessions=172/172 | cumulative trials=126984
2026-07-24 14:24:59,457 | INFO | 01_build_trial_table | Subject 48/230 | DY_010 complete | elapsed=19s | total loaded sessions=172 | total trials=126984
2026-07-24 14:24:59,457 | INFO | 01_build_trial_table | Subject 49/230 | DY_011 | starting discovery
2026-07-24 14:25:00,846 | INFO | 01_build_trial_table | Subject DY_011: querying left-camera DLC sessions
2026-07-24 14:25:01,361 | INFO | 01_build_trial_table | Subject DY_011: checking task protocol for 4 DLC sessions
2026-07-24 14:25:03,241 | INFO | 01_build_trial_table | Subject DY_011: protocol checks 4/4 (4 ChoiceWorld)
2026-07-24 14:25:03,242 | INFO | 01_build_trial_table | Subject DY_011: querying raw left-camera video sessions
2026-07-24 14:25:03,673 | INFO | 01_build_trial_table | Subject DY_011: found 4 raw-video sessions
2026-07-24 14:25:03,673 | INFO | 01_build_trial_table | Subject 49/230 | DY_011 | 4 ChoiceWorld DLC sessions; 4 video sessions
2026-07-24 14:25:03,673 | INFO | 01_build_trial_table | Subject 49/230 | DY_011 | session 1/4 | loading 36280321-555b-446d-9b7d-c2e17991e090
2026-07-24 14:25:06,656 | INFO | 01_build_trial_table | Loaded 36280321-555b-446d-9b7d-c2e17991e090 | trials=556 | choices=540 | session time=3s | cumulative sessions=173/173 | cumulative trials=127540
2026-07-24 14:25:06,656 | INFO | 01_build_trial_table | Subject 49/230 | DY_011 | session 2/4 | loading 741979ce-3f10-443a-8526-2275620c8473
2026-07-24 14:25:09,491 | INFO | 01_build_trial_table | Loaded 741979ce-3f10-443a-8526-2275620c8473 | trials=617 | choices=612 | session time=3s | cumulative sessions=174/174 | cumulative trials=128157
2026-07-24 14:25:09,491 | INFO | 01_build_trial_table | Subject 49/230 | DY_011 | session 3/4 | loading 7bee9f09-a238-42cf-b499-f51f765c6ded
2026-07-24 14:25:14,433 | INFO | 01_build_trial_table | Loaded 7bee9f09-a238-42cf-b499-f51f765c6ded | trials=449 | choices=442 | session time=5s | cumulative sessions=175/175 | cumulative trials=128606
2026-07-24 14:25:14,433 | INFO | 01_build_trial_table | Subject 49/230 | DY_011 | session 4/4 | loading cf43dbb1-6992-40ec-a5f9-e8e838d0f643
2026-07-24 14:25:16,915 | INFO | 01_build_trial_table | Loaded cf43dbb1-6992-40ec-a5f9-e8e838d0f643 | trials=402 | choices=396 | session time=2s | cumulative sessions=176/176 | cumulative trials=129008
2026-07-24 14:25:16,916 | INFO | 01_build_trial_table | Subject 49/230 | DY_011 complete | elapsed=17s | total loaded sessions=176 | total trials=129008
2026-07-24 14:25:16,916 | INFO | 01_build_trial_table | Subject 50/230 | DY_013 | starting discovery
2026-07-24 14:25:17,742 | INFO | 01_build_trial_table | Subject DY_013: querying left-camera DLC sessions
2026-07-24 14:25:18,161 | INFO | 01_build_trial_table | Subject DY_013: checking task protocol for 3 DLC sessions
2026-07-24 14:25:19,314 | INFO | 01_build_trial_table | Subject DY_013: protocol checks 3/3 (3 ChoiceWorld)
2026-07-24 14:25:19,315 | INFO | 01_build_trial_table | Subject DY_013: querying raw left-camera video sessions
2026-07-24 14:25:19,736 | INFO | 01_build_trial_table | Subject DY_013: found 3 raw-video sessions
2026-07-24 14:25:19,737 | INFO | 01_build_trial_table | Subject 50/230 | DY_013 | 3 ChoiceWorld DLC sessions; 3 video sessions
2026-07-24 14:25:19,737 | INFO | 01_build_trial_table | Subject 50/230 | DY_013 | session 1/3 | loading 2f63c555-eb74-4d8d-ada5-5c3ecf3b46be
2026-07-24 14:25:22,214 | INFO | 01_build_trial_table | Loaded 2f63c555-eb74-4d8d-ada5-5c3ecf3b46be | trials=407 | choices=396 | session time=2s | cumulative sessions=177/177 | cumulative trials=129415
2026-07-24 14:25:22,214 | INFO | 01_build_trial_table | Subject 50/230 | DY_013 | session 2/3 | loading 9a629642-3a9c-42ed-b70a-532db0e86199
2026-07-24 14:25:24,583 | INFO | 01_build_trial_table | Loaded 9a629642-3a9c-42ed-b70a-532db0e86199 | trials=401 | choices=387 | session time=2s | cumulative sessions=178/178 | cumulative trials=129816
2026-07-24 14:25:24,583 | INFO | 01_build_trial_table | Subject 50/230 | DY_013 | session 3/3 | loading e535fb62-e245-4a48-b119-88ce62a6fe67
2026-07-24 14:25:27,842 | INFO | 01_build_trial_table | Loaded e535fb62-e245-4a48-b119-88ce62a6fe67 | trials=434 | choices=431 | session time=3s | cumulative sessions=179/179 | cumulative trials=130250
2026-07-24 14:25:27,842 | INFO | 01_build_trial_table | Subject 50/230 | DY_013 complete | elapsed=11s | total loaded sessions=179 | total trials=130250
2026-07-24 14:25:27,842 | INFO | 01_build_trial_table | Subject 51/230 | DY_014 | starting discovery
2026-07-24 14:25:28,715 | INFO | 01_build_trial_table | Subject DY_014: querying left-camera DLC sessions
2026-07-24 14:25:29,155 | INFO | 01_build_trial_table | Subject DY_014: checking task protocol for 7 DLC sessions
2026-07-24 14:25:31,875 | INFO | 01_build_trial_table | Subject DY_014: protocol checks 7/7 (7 ChoiceWorld)
2026-07-24 14:25:31,876 | INFO | 01_build_trial_table | Subject DY_014: querying raw left-camera video sessions
2026-07-24 14:25:32,291 | INFO | 01_build_trial_table | Subject DY_014: found 7 raw-video sessions
2026-07-24 14:25:32,291 | INFO | 01_build_trial_table | Subject 51/230 | DY_014 | 7 ChoiceWorld DLC sessions; 7 video sessions
2026-07-24 14:25:32,292 | INFO | 01_build_trial_table | Subject 51/230 | DY_014 | session 1/7 | loading 4720c98a-a305-4fba-affb-bbfa00a724a4
2026-07-24 14:25:35,507 | INFO | 01_build_trial_table | Loaded 4720c98a-a305-4fba-affb-bbfa00a724a4 | trials=608 | choices=605 | session time=3s | cumulative sessions=180/180 | cumulative trials=130858
2026-07-24 14:25:35,507 | INFO | 01_build_trial_table | Subject 51/230 | DY_014 | session 2/7 | loading 7622da34-51b6-4661-98ae-a57d40806008
2026-07-24 14:25:38,591 | INFO | 01_build_trial_table | Loaded 7622da34-51b6-4661-98ae-a57d40806008 | trials=585 | choices=584 | session time=3s | cumulative sessions=181/181 | cumulative trials=131443
2026-07-24 14:25:38,591 | INFO | 01_build_trial_table | Subject 51/230 | DY_014 | session 3/7 | loading b39752db-abdb-47ab-ae78-e8608bbf50ed
2026-07-24 14:25:41,673 | INFO | 01_build_trial_table | Loaded b39752db-abdb-47ab-ae78-e8608bbf50ed | trials=636 | choices=636 | session time=3s | cumulative sessions=182/182 | cumulative trials=132079
2026-07-24 14:25:41,673 | INFO | 01_build_trial_table | Subject 51/230 | DY_014 | session 4/7 | loading b658bc7d-07cd-4203-8a25-7b16b549851b
2026-07-24 14:25:44,763 | INFO | 01_build_trial_table | Loaded b658bc7d-07cd-4203-8a25-7b16b549851b | trials=925 | choices=925 | session time=3s | cumulative sessions=183/183 | cumulative trials=133004
2026-07-24 14:25:44,763 | INFO | 01_build_trial_table | Subject 51/230 | DY_014 | session 5/7 | loading bd456d8f-d36e-434a-8051-ff3997253802
2026-07-24 14:25:47,916 | INFO | 01_build_trial_table | Loaded bd456d8f-d36e-434a-8051-ff3997253802 | trials=630 | choices=625 | session time=3s | cumulative sessions=184/184 | cumulative trials=133634
2026-07-24 14:25:47,916 | INFO | 01_build_trial_table | Subject 51/230 | DY_014 | session 6/7 | loading ee8b36de-779f-4dea-901f-e0141c95722b
2026-07-24 14:25:51,030 | INFO | 01_build_trial_table | Loaded ee8b36de-779f-4dea-901f-e0141c95722b | trials=553 | choices=551 | session time=3s | cumulative sessions=185/185 | cumulative trials=134187
2026-07-24 14:25:51,031 | INFO | 01_build_trial_table | Subject 51/230 | DY_014 | session 7/7 | loading f25642c6-27a5-4a97-9ea0-06652db79fbd
2026-07-24 14:25:54,113 | INFO | 01_build_trial_table | Loaded f25642c6-27a5-4a97-9ea0-06652db79fbd | trials=403 | choices=396 | session time=3s | cumulative sessions=186/186 | cumulative trials=134590
2026-07-24 14:25:54,113 | INFO | 01_build_trial_table | Subject 51/230 | DY_014 complete | elapsed=26s | total loaded sessions=186 | total trials=134590
2026-07-24 14:25:54,113 | INFO | 01_build_trial_table | Subject 52/230 | DY_016 | starting discovery
2026-07-24 14:25:54,635 | INFO | 01_build_trial_table | Subject DY_016: querying left-camera DLC sessions
2026-07-24 14:25:55,048 | INFO | 01_build_trial_table | Subject DY_016: checking task protocol for 5 DLC sessions
2026-07-24 14:25:56,993 | INFO | 01_build_trial_table | Subject DY_016: protocol checks 5/5 (5 ChoiceWorld)
2026-07-24 14:25:56,993 | INFO | 01_build_trial_table | Subject DY_016: querying raw left-camera video sessions
2026-07-24 14:25:57,417 | INFO | 01_build_trial_table | Subject DY_016: found 5 raw-video sessions
2026-07-24 14:25:57,417 | INFO | 01_build_trial_table | Subject 52/230 | DY_016 | 5 ChoiceWorld DLC sessions; 5 video sessions
2026-07-24 14:25:57,417 | INFO | 01_build_trial_table | Subject 52/230 | DY_016 | session 1/5 | loading 251ece37-7798-477c-8a06-2845d4aa270c
2026-07-24 14:26:00,665 | INFO | 01_build_trial_table | Loaded 251ece37-7798-477c-8a06-2845d4aa270c | trials=507 | choices=507 | session time=3s | cumulative sessions=187/187 | cumulative trials=135097
2026-07-24 14:26:00,665 | INFO | 01_build_trial_table | Subject 52/230 | DY_016 | session 2/5 | loading 5339812f-8b91-40ba-9d8f-a559563cc46b
2026-07-24 14:26:04,791 | INFO | 01_build_trial_table | Loaded 5339812f-8b91-40ba-9d8f-a559563cc46b | trials=438 | choices=438 | session time=4s | cumulative sessions=188/188 | cumulative trials=135535
2026-07-24 14:26:04,791 | INFO | 01_build_trial_table | Subject 52/230 | DY_016 | session 3/5 | loading aa20388b-9ea3-4506-92f1-3c2be84b85db
2026-07-24 14:26:08,323 | INFO | 01_build_trial_table | Loaded aa20388b-9ea3-4506-92f1-3c2be84b85db | trials=519 | choices=518 | session time=4s | cumulative sessions=189/189 | cumulative trials=136054
2026-07-24 14:26:08,324 | INFO | 01_build_trial_table | Subject 52/230 | DY_016 | session 4/5 | loading c3d9b6fb-7fa9-4413-a364-92a54df0fc5d
2026-07-24 14:26:11,500 | INFO | 01_build_trial_table | Loaded c3d9b6fb-7fa9-4413-a364-92a54df0fc5d | trials=587 | choices=587 | session time=3s | cumulative sessions=190/190 | cumulative trials=136641
2026-07-24 14:26:11,501 | INFO | 01_build_trial_table | Subject 52/230 | DY_016 | session 5/5 | loading d23a44ef-1402-4ed7-97f5-47e9a7a504d9
2026-07-24 14:26:14,802 | INFO | 01_build_trial_table | Loaded d23a44ef-1402-4ed7-97f5-47e9a7a504d9 | trials=410 | choices=410 | session time=3s | cumulative sessions=191/191 | cumulative trials=137051
2026-07-24 14:26:14,802 | INFO | 01_build_trial_table | Subject 52/230 | DY_016 complete | elapsed=21s | total loaded sessions=191 | total trials=137051
2026-07-24 14:26:14,803 | INFO | 01_build_trial_table | Subject 53/230 | DY_018 | starting discovery
2026-07-24 14:26:15,370 | INFO | 01_build_trial_table | Subject DY_018: querying left-camera DLC sessions
2026-07-24 14:26:15,783 | INFO | 01_build_trial_table | Subject DY_018: checking task protocol for 3 DLC sessions
2026-07-24 14:26:16,942 | INFO | 01_build_trial_table | Subject DY_018: protocol checks 3/3 (3 ChoiceWorld)
2026-07-24 14:26:16,942 | INFO | 01_build_trial_table | Subject DY_018: querying raw left-camera video sessions
2026-07-24 14:26:17,342 | INFO | 01_build_trial_table | Subject DY_018: found 3 raw-video sessions
2026-07-24 14:26:17,342 | INFO | 01_build_trial_table | Subject 53/230 | DY_018 | 3 ChoiceWorld DLC sessions; 3 video sessions
2026-07-24 14:26:17,342 | INFO | 01_build_trial_table | Subject 53/230 | DY_018 | session 1/3 | loading 54238fd6-d2d0-4408-b1a9-d19d24fd29ce
2026-07-24 14:26:20,661 | INFO | 01_build_trial_table | Loaded 54238fd6-d2d0-4408-b1a9-d19d24fd29ce | trials=623 | choices=623 | session time=3s | cumulative sessions=192/192 | cumulative trials=137674
2026-07-24 14:26:20,661 | INFO | 01_build_trial_table | Subject 53/230 | DY_018 | session 2/3 | loading cde63527-7f5a-4cc3-8ac2-215d82e7da26
2026-07-24 14:26:23,835 | INFO | 01_build_trial_table | Loaded cde63527-7f5a-4cc3-8ac2-215d82e7da26 | trials=508 | choices=508 | session time=3s | cumulative sessions=193/193 | cumulative trials=138182
2026-07-24 14:26:23,835 | INFO | 01_build_trial_table | Subject 53/230 | DY_018 | session 3/3 | loading e8b4fda3-7fe4-4706-8ec2-91036cfee6bd
2026-07-24 14:26:27,024 | INFO | 01_build_trial_table | Loaded e8b4fda3-7fe4-4706-8ec2-91036cfee6bd | trials=527 | choices=526 | session time=3s | cumulative sessions=194/194 | cumulative trials=138709
2026-07-24 14:26:27,024 | INFO | 01_build_trial_table | Subject 53/230 | DY_018 complete | elapsed=12s | total loaded sessions=194 | total trials=138709
2026-07-24 14:26:27,024 | INFO | 01_build_trial_table | Subject 54/230 | DY_020 | starting discovery
2026-07-24 14:26:27,579 | INFO | 01_build_trial_table | Subject DY_020: querying left-camera DLC sessions
2026-07-24 14:26:28,001 | INFO | 01_build_trial_table | Subject DY_020: checking task protocol for 8 DLC sessions
2026-07-24 14:26:31,145 | INFO | 01_build_trial_table | Subject DY_020: protocol checks 8/8 (8 ChoiceWorld)
2026-07-24 14:26:31,145 | INFO | 01_build_trial_table | Subject DY_020: querying raw left-camera video sessions
2026-07-24 14:26:31,558 | INFO | 01_build_trial_table | Subject DY_020: found 8 raw-video sessions
2026-07-24 14:26:31,559 | INFO | 01_build_trial_table | Subject 54/230 | DY_020 | 8 ChoiceWorld DLC sessions; 8 video sessions
2026-07-24 14:26:31,559 | INFO | 01_build_trial_table | Subject 54/230 | DY_020 | session 1/8 | loading 26aa51ff-968c-42e4-85c8-8ff47d19254d
2026-07-24 14:26:34,722 | INFO | 01_build_trial_table | Loaded 26aa51ff-968c-42e4-85c8-8ff47d19254d | trials=534 | choices=534 | session time=3s | cumulative sessions=195/195 | cumulative trials=139243
2026-07-24 14:26:34,723 | INFO | 01_build_trial_table | Subject 54/230 | DY_020 | session 2/8 | loading 2e22c1fc-eec6-4856-85a0-7dba8668f646
2026-07-24 14:26:37,935 | INFO | 01_build_trial_table | Loaded 2e22c1fc-eec6-4856-85a0-7dba8668f646 | trials=567 | choices=567 | session time=3s | cumulative sessions=196/196 | cumulative trials=139810
2026-07-24 14:26:37,935 | INFO | 01_build_trial_table | Subject 54/230 | DY_020 | session 3/8 | loading 4a45c8ba-db6f-4f11-9403-56e06a33dfa4
2026-07-24 14:26:41,287 | INFO | 01_build_trial_table | Loaded 4a45c8ba-db6f-4f11-9403-56e06a33dfa4 | trials=401 | choices=401 | session time=3s | cumulative sessions=197/197 | cumulative trials=140211
2026-07-24 14:26:41,287 | INFO | 01_build_trial_table | Subject 54/230 | DY_020 | session 4/8 | loading 948fd27b-507b-41b3-bdf8-f9f5f0af8e0b
2026-07-24 14:26:44,721 | INFO | 01_build_trial_table | Loaded 948fd27b-507b-41b3-bdf8-f9f5f0af8e0b | trials=604 | choices=604 | session time=3s | cumulative sessions=198/198 | cumulative trials=140815
2026-07-24 14:26:44,722 | INFO | 01_build_trial_table | Subject 54/230 | DY_020 | session 5/8 | loading 9eec761e-9762-4897-b308-a3a08c311e69
2026-07-24 14:26:48,044 | INFO | 01_build_trial_table | Loaded 9eec761e-9762-4897-b308-a3a08c311e69 | trials=744 | choices=744 | session time=3s | cumulative sessions=199/199 | cumulative trials=141559
2026-07-24 14:26:48,045 | INFO | 01_build_trial_table | Subject 54/230 | DY_020 | session 6/8 | loading 9fe512b8-92a8-4642-83b6-01158ab66c3c
2026-07-24 14:26:51,231 | INFO | 01_build_trial_table | Loaded 9fe512b8-92a8-4642-83b6-01158ab66c3c | trials=757 | choices=757 | session time=3s | cumulative sessions=200/200 | cumulative trials=142316
2026-07-24 14:26:51,231 | INFO | 01_build_trial_table | Subject 54/230 | DY_020 | session 7/8 | loading e012d3e3-fdbc-4661-9ffa-5fa284e4e706
2026-07-24 14:26:54,381 | INFO | 01_build_trial_table | Loaded e012d3e3-fdbc-4661-9ffa-5fa284e4e706 | trials=705 | choices=705 | session time=3s | cumulative sessions=201/201 | cumulative trials=143021
2026-07-24 14:26:54,381 | INFO | 01_build_trial_table | Subject 54/230 | DY_020 | session 8/8 | loading f7335a49-4a98-46d2-a8ce-d041d2eac1d6
2026-07-24 14:26:57,601 | INFO | 01_build_trial_table | Loaded f7335a49-4a98-46d2-a8ce-d041d2eac1d6 | trials=402 | choices=401 | session time=3s | cumulative sessions=202/202 | cumulative trials=143423
2026-07-24 14:26:57,601 | INFO | 01_build_trial_table | Subject 54/230 | DY_020 complete | elapsed=31s | total loaded sessions=202 | total trials=143423
2026-07-24 14:26:57,601 | INFO | 01_build_trial_table | Subject 55/230 | FD_14 | starting discovery
2026-07-24 14:26:58,466 | INFO | 01_build_trial_table | Subject FD_14: querying left-camera DLC sessions
2026-07-24 14:26:58,866 | INFO | 01_build_trial_table | Subject FD_14: checking task protocol for 3 DLC sessions
2026-07-24 14:27:00,211 | INFO | 01_build_trial_table | Subject FD_14: protocol checks 3/3 (3 ChoiceWorld)
2026-07-24 14:27:00,211 | INFO | 01_build_trial_table | Subject FD_14: querying raw left-camera video sessions
2026-07-24 14:27:00,672 | INFO | 01_build_trial_table | Subject FD_14: found 3 raw-video sessions
2026-07-24 14:27:00,672 | INFO | 01_build_trial_table | Subject 55/230 | FD_14 | 3 ChoiceWorld DLC sessions; 3 video sessions
2026-07-24 14:27:00,672 | INFO | 01_build_trial_table | Subject 55/230 | FD_14 | session 1/3 | loading 2844dbf8-db2d-49ab-a5ba-490fb18c60fe
2026-07-24 14:27:02,832 | INFO | 01_build_trial_table | Loaded 2844dbf8-db2d-49ab-a5ba-490fb18c60fe | trials=446 | choices=433 | session time=2s | cumulative sessions=203/203 | cumulative trials=143869
2026-07-24 14:27:02,832 | INFO | 01_build_trial_table | Subject 55/230 | FD_14 | session 2/3 | loading c66ac898-82e5-4f37-826e-1e2cbd29c0f8
2026-07-24 14:27:04,603 | INFO | 01_build_trial_table | Loaded c66ac898-82e5-4f37-826e-1e2cbd29c0f8 | trials=905 | choices=905 | session time=2s | cumulative sessions=204/204 | cumulative trials=144774
2026-07-24 14:27:04,603 | INFO | 01_build_trial_table | Subject 55/230 | FD_14 | session 3/3 | loading eaa3be3b-49fc-4aa3-9abc-30b45db5cf4c
2026-07-24 14:27:06,311 | INFO | 01_build_trial_table | Loaded eaa3be3b-49fc-4aa3-9abc-30b45db5cf4c | trials=675 | choices=675 | session time=2s | cumulative sessions=205/205 | cumulative trials=145449
2026-07-24 14:27:06,311 | INFO | 01_build_trial_table | Subject 55/230 | FD_14 complete | elapsed=9s | total loaded sessions=205 | total trials=145449
2026-07-24 14:27:06,312 | INFO | 01_build_trial_table | Subject 56/230 | FD_21 | starting discovery
2026-07-24 14:27:06,870 | INFO | 01_build_trial_table | Subject FD_21: querying left-camera DLC sessions
2026-07-24 14:27:07,276 | INFO | 01_build_trial_table | Subject FD_21: checking task protocol for 4 DLC sessions
2026-07-24 14:27:08,842 | INFO | 01_build_trial_table | Subject FD_21: protocol checks 4/4 (4 ChoiceWorld)
2026-07-24 14:27:08,842 | INFO | 01_build_trial_table | Subject FD_21: querying raw left-camera video sessions
2026-07-24 14:27:09,250 | INFO | 01_build_trial_table | Subject FD_21: found 4 raw-video sessions
2026-07-24 14:27:09,251 | INFO | 01_build_trial_table | Subject 56/230 | FD_21 | 4 ChoiceWorld DLC sessions; 4 video sessions
2026-07-24 14:27:09,251 | INFO | 01_build_trial_table | Subject 56/230 | FD_21 | session 1/4 | loading 088f44ce-926e-4a3a-808d-3f1e1a595c6f
2026-07-24 14:27:10,943 | INFO | 01_build_trial_table | Loaded 088f44ce-926e-4a3a-808d-3f1e1a595c6f | trials=697 | choices=697 | session time=2s | cumulative sessions=206/206 | cumulative trials=146146
2026-07-24 14:27:10,943 | INFO | 01_build_trial_table | Subject 56/230 | FD_21 | session 2/4 | loading a6dd4f2a-8e9f-4877-a5f7-09653ba30ac7
2026-07-24 14:27:12,648 | INFO | 01_build_trial_table | Loaded a6dd4f2a-8e9f-4877-a5f7-09653ba30ac7 | trials=675 | choices=675 | session time=2s | cumulative sessions=207/207 | cumulative trials=146821
2026-07-24 14:27:12,649 | INFO | 01_build_trial_table | Subject 56/230 | FD_21 | session 3/4 | loading ba9363ab-1d37-4f14-a158-85169d905c01
2026-07-24 14:27:14,306 | INFO | 01_build_trial_table | Loaded ba9363ab-1d37-4f14-a158-85169d905c01 | trials=553 | choices=551 | session time=2s | cumulative sessions=208/208 | cumulative trials=147374
2026-07-24 14:27:14,306 | INFO | 01_build_trial_table | Subject 56/230 | FD_21 | session 4/4 | loading c4ef4d13-9a49-43f8-bd34-83262d9d1518
2026-07-24 14:27:16,050 | INFO | 01_build_trial_table | Loaded c4ef4d13-9a49-43f8-bd34-83262d9d1518 | trials=1399 | choices=1399 | session time=2s | cumulative sessions=209/209 | cumulative trials=148773
2026-07-24 14:27:16,050 | INFO | 01_build_trial_table | Subject 56/230 | FD_21 complete | elapsed=10s | total loaded sessions=209 | total trials=148773
2026-07-24 14:27:16,050 | INFO | 01_build_trial_table | Subject 57/230 | FD_24 | starting discovery
2026-07-24 14:27:16,755 | INFO | 01_build_trial_table | Subject FD_24: querying left-camera DLC sessions
2026-07-24 14:27:17,171 | INFO | 01_build_trial_table | Subject FD_24: checking task protocol for 4 DLC sessions
2026-07-24 14:27:18,748 | INFO | 01_build_trial_table | Subject FD_24: protocol checks 4/4 (4 ChoiceWorld)
2026-07-24 14:27:18,748 | INFO | 01_build_trial_table | Subject FD_24: querying raw left-camera video sessions
2026-07-24 14:27:19,158 | INFO | 01_build_trial_table | Subject FD_24: found 4 raw-video sessions
2026-07-24 14:27:19,158 | INFO | 01_build_trial_table | Subject 57/230 | FD_24 | 4 ChoiceWorld DLC sessions; 4 video sessions
2026-07-24 14:27:19,158 | INFO | 01_build_trial_table | Subject 57/230 | FD_24 | session 1/4 | loading 2dda7005-3392-4de5-bd65-f90263d8229f
2026-07-24 14:27:20,932 | INFO | 01_build_trial_table | Loaded 2dda7005-3392-4de5-bd65-f90263d8229f | trials=814 | choices=814 | session time=2s | cumulative sessions=210/210 | cumulative trials=149587
2026-07-24 14:27:20,932 | INFO | 01_build_trial_table | Subject 57/230 | FD_24 | session 2/4 | loading 71ceb3d4-ca68-4380-8fe7-9f63d26222f6
2026-07-24 14:27:22,599 | INFO | 01_build_trial_table | Loaded 71ceb3d4-ca68-4380-8fe7-9f63d26222f6 | trials=951 | choices=948 | session time=2s | cumulative sessions=211/211 | cumulative trials=150538
2026-07-24 14:27:22,599 | INFO | 01_build_trial_table | Subject 57/230 | FD_24 | session 3/4 | loading 8df7b200-e44c-4c67-82e9-2666ba05d649
2026-07-24 14:27:24,302 | INFO | 01_build_trial_table | Loaded 8df7b200-e44c-4c67-82e9-2666ba05d649 | trials=813 | choices=812 | session time=2s | cumulative sessions=212/212 | cumulative trials=151351
2026-07-24 14:27:24,302 | INFO | 01_build_trial_table | Subject 57/230 | FD_24 | session 4/4 | loading b2aa9c2d-524e-4966-840c-f10482ae2c1a
2026-07-24 14:27:25,881 | INFO | 01_build_trial_table | Loaded b2aa9c2d-524e-4966-840c-f10482ae2c1a | trials=851 | choices=845 | session time=2s | cumulative sessions=213/213 | cumulative trials=152202
2026-07-24 14:27:25,882 | INFO | 01_build_trial_table | Subject 57/230 | FD_24 complete | elapsed=10s | total loaded sessions=213 | total trials=152202
2026-07-24 14:27:25,882 | INFO | 01_build_trial_table | Subject 58/230 | FD_28 | starting discovery
2026-07-24 14:27:26,698 | INFO | 01_build_trial_table | Subject FD_28: querying left-camera DLC sessions
2026-07-24 14:27:27,122 | INFO | 01_build_trial_table | Subject FD_28: checking task protocol for 3 DLC sessions
2026-07-24 14:27:28,300 | INFO | 01_build_trial_table | Subject FD_28: protocol checks 3/3 (3 ChoiceWorld)
2026-07-24 14:27:28,300 | INFO | 01_build_trial_table | Subject FD_28: querying raw left-camera video sessions
2026-07-24 14:27:28,728 | INFO | 01_build_trial_table | Subject FD_28: found 3 raw-video sessions
2026-07-24 14:27:28,728 | INFO | 01_build_trial_table | Subject 58/230 | FD_28 | 3 ChoiceWorld DLC sessions; 3 video sessions
2026-07-24 14:27:28,729 | INFO | 01_build_trial_table | Subject 58/230 | FD_28 | session 1/3 | loading 81f90b18-e61c-4d32-bbce-3e0c5f33f06c
2026-07-24 14:27:30,396 | INFO | 01_build_trial_table | Loaded 81f90b18-e61c-4d32-bbce-3e0c5f33f06c | trials=913 | choices=911 | session time=2s | cumulative sessions=214/214 | cumulative trials=153115
2026-07-24 14:27:30,397 | INFO | 01_build_trial_table | Subject 58/230 | FD_28 | session 2/3 | loading ba892860-149e-4bff-9961-aa6583d96661
2026-07-24 14:27:32,311 | INFO | 01_build_trial_table | Loaded ba892860-149e-4bff-9961-aa6583d96661 | trials=907 | choices=904 | session time=2s | cumulative sessions=215/215 | cumulative trials=154022
2026-07-24 14:27:32,311 | INFO | 01_build_trial_table | Subject 58/230 | FD_28 | session 3/3 | loading e2946a6f-4157-4c38-ba7e-83c31c218ea7
2026-07-24 14:27:34,011 | INFO | 01_build_trial_table | Loaded e2946a6f-4157-4c38-ba7e-83c31c218ea7 | trials=527 | choices=515 | session time=2s | cumulative sessions=216/216 | cumulative trials=154549
2026-07-24 14:27:34,012 | INFO | 01_build_trial_table | Subject 58/230 | FD_28 complete | elapsed=8s | total loaded sessions=216 | total trials=154549
2026-07-24 14:27:34,012 | INFO | 01_build_trial_table | Subject 59/230 | FD_36 | starting discovery
2026-07-24 14:27:34,728 | INFO | 01_build_trial_table | Subject FD_36: querying left-camera DLC sessions
2026-07-24 14:27:35,137 | INFO | 01_build_trial_table | Subject FD_36: checking task protocol for 3 DLC sessions
2026-07-24 14:27:36,297 | INFO | 01_build_trial_table | Subject FD_36: protocol checks 3/3 (3 ChoiceWorld)
2026-07-24 14:27:36,297 | INFO | 01_build_trial_table | Subject FD_36: querying raw left-camera video sessions
2026-07-24 14:27:36,702 | INFO | 01_build_trial_table | Subject FD_36: found 3 raw-video sessions
2026-07-24 14:27:36,702 | INFO | 01_build_trial_table | Subject 59/230 | FD_36 | 3 ChoiceWorld DLC sessions; 3 video sessions
2026-07-24 14:27:36,702 | INFO | 01_build_trial_table | Subject 59/230 | FD_36 | session 1/3 | loading 257ec2b8-6e8d-4b98-99de-a232b58fde2c
2026-07-24 14:27:38,431 | INFO | 01_build_trial_table | Loaded 257ec2b8-6e8d-4b98-99de-a232b58fde2c | trials=690 | choices=690 | session time=2s | cumulative sessions=217/217 | cumulative trials=155239
2026-07-24 14:27:38,431 | INFO | 01_build_trial_table | Subject 59/230 | FD_36 | session 2/3 | loading 76edf716-f3c5-4823-95f3-9d37ed9cbeae
2026-07-24 14:27:40,187 | INFO | 01_build_trial_table | Loaded 76edf716-f3c5-4823-95f3-9d37ed9cbeae | trials=1409 | choices=1409 | session time=2s | cumulative sessions=218/218 | cumulative trials=156648
2026-07-24 14:27:40,188 | INFO | 01_build_trial_table | Subject 59/230 | FD_36 | session 3/3 | loading b052b9d7-3bfa-4d23-b195-99cfbd3f467c
2026-07-24 14:27:41,890 | INFO | 01_build_trial_table | Loaded b052b9d7-3bfa-4d23-b195-99cfbd3f467c | trials=841 | choices=841 | session time=2s | cumulative sessions=219/219 | cumulative trials=157489
2026-07-24 14:27:41,891 | INFO | 01_build_trial_table | Subject 59/230 | FD_36 complete | elapsed=8s | total loaded sessions=219 | total trials=157489
2026-07-24 14:27:41,891 | INFO | 01_build_trial_table | Subject 60/230 | FMR009 | starting discovery
2026-07-24 14:27:43,446 | INFO | 01_build_trial_table | Subject FMR009: querying left-camera DLC sessions
2026-07-24 14:27:43,860 | INFO | 01_build_trial_table | Subject FMR009: checking task protocol for 4 DLC sessions
2026-07-24 14:27:45,452 | INFO | 01_build_trial_table | Subject FMR009: protocol checks 4/4 (4 ChoiceWorld)
2026-07-24 14:27:45,452 | INFO | 01_build_trial_table | Subject FMR009: querying raw left-camera video sessions
2026-07-24 14:27:45,871 | INFO | 01_build_trial_table | Subject FMR009: found 4 raw-video sessions
2026-07-24 14:27:45,871 | INFO | 01_build_trial_table | Subject 60/230 | FMR009 | 4 ChoiceWorld DLC sessions; 4 video sessions
2026-07-24 14:27:45,871 | INFO | 01_build_trial_table | Subject 60/230 | FMR009 | session 1/4 | loading 10891de7-5737-4796-864a-9332036a60ac
2026-07-24 14:27:48,220 | INFO | 01_build_trial_table | Loaded 10891de7-5737-4796-864a-9332036a60ac | trials=365 | choices=344 | session time=2s | cumulative sessions=220/220 | cumulative trials=157854
2026-07-24 14:27:48,221 | INFO | 01_build_trial_table | Subject 60/230 | FMR009 | session 2/4 | loading 27ade801-686d-426b-96e2-30ae50742c70
2026-07-24 14:27:50,609 | INFO | 01_build_trial_table | Loaded 27ade801-686d-426b-96e2-30ae50742c70 | trials=741 | choices=736 | session time=2s | cumulative sessions=221/221 | cumulative trials=158595
2026-07-24 14:27:50,609 | INFO | 01_build_trial_table | Subject 60/230 | FMR009 | session 3/4 | loading 4386e497-eeac-4020-b8e8-73a05c10c472
2026-07-24 14:27:52,949 | INFO | 01_build_trial_table | Loaded 4386e497-eeac-4020-b8e8-73a05c10c472 | trials=819 | choices=818 | session time=2s | cumulative sessions=222/222 | cumulative trials=159414
2026-07-24 14:27:52,950 | INFO | 01_build_trial_table | Subject 60/230 | FMR009 | session 4/4 | loading e65e8f23-72f1-4f20-b254-8d9fcb2380c3
2026-07-24 14:27:55,331 | INFO | 01_build_trial_table | Loaded e65e8f23-72f1-4f20-b254-8d9fcb2380c3 | trials=786 | choices=782 | session time=2s | cumulative sessions=223/223 | cumulative trials=160200
2026-07-24 14:27:55,331 | INFO | 01_build_trial_table | Subject 60/230 | FMR009 complete | elapsed=13s | total loaded sessions=223 | total trials=160200
2026-07-24 14:27:55,331 | INFO | 01_build_trial_table | Subject 61/230 | FMR010 | starting discovery
2026-07-24 14:27:56,292 | INFO | 01_build_trial_table | Subject FMR010: querying left-camera DLC sessions
2026-07-24 14:27:56,701 | INFO | 01_build_trial_table | Subject FMR010: checking task protocol for 4 DLC sessions
2026-07-24 14:27:58,242 | INFO | 01_build_trial_table | Subject FMR010: protocol checks 4/4 (4 ChoiceWorld)
2026-07-24 14:27:58,242 | INFO | 01_build_trial_table | Subject FMR010: querying raw left-camera video sessions
2026-07-24 14:27:58,674 | INFO | 01_build_trial_table | Subject FMR010: found 4 raw-video sessions
2026-07-24 14:27:58,674 | INFO | 01_build_trial_table | Subject 61/230 | FMR010 | 4 ChoiceWorld DLC sessions; 4 video sessions
2026-07-24 14:27:58,674 | INFO | 01_build_trial_table | Subject 61/230 | FMR010 | session 1/4 | loading 5ef0bd40-6c0a-46ed-bb62-dc407d9fcd09
2026-07-24 14:28:01,485 | INFO | 01_build_trial_table | Loaded 5ef0bd40-6c0a-46ed-bb62-dc407d9fcd09 | trials=840 | choices=828 | session time=3s | cumulative sessions=224/224 | cumulative trials=161040
2026-07-24 14:28:01,486 | INFO | 01_build_trial_table | Subject 61/230 | FMR010 | session 2/4 | loading 81161ed2-909d-4d3f-8c05-4c5dd3d22bdc
2026-07-24 14:28:04,358 | INFO | 01_build_trial_table | Loaded 81161ed2-909d-4d3f-8c05-4c5dd3d22bdc | trials=823 | choices=816 | session time=3s | cumulative sessions=225/225 | cumulative trials=161863
2026-07-24 14:28:04,358 | INFO | 01_build_trial_table | Subject 61/230 | FMR010 | session 3/4 | loading b16f1259-b3a2-48be-bd24-ea827e6ab195
2026-07-24 14:28:06,367 | INFO | 01_build_trial_table | Loaded b16f1259-b3a2-48be-bd24-ea827e6ab195 | trials=897 | choices=894 | session time=2s | cumulative sessions=226/226 | cumulative trials=162760
2026-07-24 14:28:06,367 | INFO | 01_build_trial_table | Subject 61/230 | FMR010 | session 4/4 | loading bc84df5d-7dec-441f-9eb0-f6b23deed715
2026-07-24 14:28:08,344 | INFO | 01_build_trial_table | Loaded bc84df5d-7dec-441f-9eb0-f6b23deed715 | trials=576 | choices=564 | session time=2s | cumulative sessions=227/227 | cumulative trials=163336
2026-07-24 14:28:08,344 | INFO | 01_build_trial_table | Subject 61/230 | FMR010 complete | elapsed=13s | total loaded sessions=227 | total trials=163336
2026-07-24 14:28:08,344 | INFO | 01_build_trial_table | Subject 62/230 | FMR011 | starting discovery
2026-07-24 14:28:09,533 | INFO | 01_build_trial_table | Subject FMR011: querying left-camera DLC sessions
2026-07-24 14:28:09,942 | INFO | 01_build_trial_table | Subject FMR011: checking task protocol for 3 DLC sessions
2026-07-24 14:28:11,104 | INFO | 01_build_trial_table | Subject FMR011: protocol checks 3/3 (3 ChoiceWorld)
2026-07-24 14:28:11,104 | INFO | 01_build_trial_table | Subject FMR011: querying raw left-camera video sessions
2026-07-24 14:28:11,514 | INFO | 01_build_trial_table | Subject FMR011: found 4 raw-video sessions
2026-07-24 14:28:11,514 | INFO | 01_build_trial_table | Subject 62/230 | FMR011 | 3 ChoiceWorld DLC sessions; 4 video sessions
2026-07-24 14:28:11,514 | INFO | 01_build_trial_table | Subject 62/230 | FMR011 | session 1/3 | loading 16de9158-837e-4508-871e-4ec2a698e234
2026-07-24 14:28:13,840 | INFO | 01_build_trial_table | Loaded 16de9158-837e-4508-871e-4ec2a698e234 | trials=632 | choices=613 | session time=2s | cumulative sessions=228/228 | cumulative trials=163968
2026-07-24 14:28:13,840 | INFO | 01_build_trial_table | Subject 62/230 | FMR011 | session 2/3 | loading d1aab00c-cf94-479f-ad9e-cea9c7ba3a6f
2026-07-24 14:28:16,165 | INFO | 01_build_trial_table | Loaded d1aab00c-cf94-479f-ad9e-cea9c7ba3a6f | trials=536 | choices=508 | session time=2s | cumulative sessions=229/229 | cumulative trials=164504
2026-07-24 14:28:16,166 | INFO | 01_build_trial_table | Subject 62/230 | FMR011 | session 3/3 | loading fbddc2e9-5fd0-428d-a4f0-91ecdbdd105c
2026-07-24 14:28:18,464 | INFO | 01_build_trial_table | Loaded fbddc2e9-5fd0-428d-a4f0-91ecdbdd105c | trials=748 | choices=734 | session time=2s | cumulative sessions=230/230 | cumulative trials=165252
2026-07-24 14:28:18,464 | INFO | 01_build_trial_table | Subject 62/230 | FMR011 complete | elapsed=10s | total loaded sessions=230 | total trials=165252
2026-07-24 14:28:18,464 | INFO | 01_build_trial_table | Subject 63/230 | FMR012 | starting discovery
2026-07-24 14:28:19,507 | INFO | 01_build_trial_table | Subject FMR012: querying left-camera DLC sessions
2026-07-24 14:28:19,912 | INFO | 01_build_trial_table | Subject FMR012: checking task protocol for 2 DLC sessions
2026-07-24 14:28:20,682 | INFO | 01_build_trial_table | Subject FMR012: protocol checks 2/2 (2 ChoiceWorld)
2026-07-24 14:28:20,682 | INFO | 01_build_trial_table | Subject FMR012: querying raw left-camera video sessions
2026-07-24 14:28:21,095 | INFO | 01_build_trial_table | Subject FMR012: found 4 raw-video sessions
2026-07-24 14:28:21,096 | INFO | 01_build_trial_table | Subject 63/230 | FMR012 | 2 ChoiceWorld DLC sessions; 4 video sessions
2026-07-24 14:28:21,096 | INFO | 01_build_trial_table | Subject 63/230 | FMR012 | session 1/2 | loading 5b80af06-44bf-43a3-89ff-df9842a1abb8
2026-07-24 14:28:23,371 | INFO | 01_build_trial_table | Loaded 5b80af06-44bf-43a3-89ff-df9842a1abb8 | trials=401 | choices=385 | session time=2s | cumulative sessions=231/231 | cumulative trials=165653
2026-07-24 14:28:23,371 | INFO | 01_build_trial_table | Subject 63/230 | FMR012 | session 2/2 | loading 6b20d98d-b026-4bbc-9832-3f51de6b86d3
2026-07-24 14:28:25,701 | INFO | 01_build_trial_table | Loaded 6b20d98d-b026-4bbc-9832-3f51de6b86d3 | trials=485 | choices=470 | session time=2s | cumulative sessions=232/232 | cumulative trials=166138
2026-07-24 14:28:25,702 | INFO | 01_build_trial_table | Subject 63/230 | FMR012 complete | elapsed=7s | total loaded sessions=232 | total trials=166138
2026-07-24 14:28:25,702 | INFO | 01_build_trial_table | Subject 64/230 | FMR014 | starting discovery
2026-07-24 14:28:26,838 | INFO | 01_build_trial_table | Subject FMR014: querying left-camera DLC sessions
2026-07-24 14:28:27,248 | INFO | 01_build_trial_table | Subject FMR014: checking task protocol for 3 DLC sessions
2026-07-24 14:28:28,434 | INFO | 01_build_trial_table | Subject FMR014: protocol checks 3/3 (3 ChoiceWorld)
2026-07-24 14:28:28,434 | INFO | 01_build_trial_table | Subject FMR014: querying raw left-camera video sessions
2026-07-24 14:28:28,843 | INFO | 01_build_trial_table | Subject FMR014: found 4 raw-video sessions
2026-07-24 14:28:28,843 | INFO | 01_build_trial_table | Subject 64/230 | FMR014 | 3 ChoiceWorld DLC sessions; 4 video sessions
2026-07-24 14:28:28,843 | INFO | 01_build_trial_table | Subject 64/230 | FMR014 | session 1/3 | loading 044be2f4-e898-404c-91e2-1285cbada2cd
2026-07-24 14:28:31,447 | INFO | 01_build_trial_table | Loaded 044be2f4-e898-404c-91e2-1285cbada2cd | trials=783 | choices=772 | session time=3s | cumulative sessions=233/233 | cumulative trials=166921
2026-07-24 14:28:31,447 | INFO | 01_build_trial_table | Subject 64/230 | FMR014 | session 2/3 | loading 8c40bd7b-ea07-4aa6-805f-b6780781ffb9
2026-07-24 14:28:33,776 | INFO | 01_build_trial_table | Loaded 8c40bd7b-ea07-4aa6-805f-b6780781ffb9 | trials=365 | choices=365 | session time=2s | cumulative sessions=234/234 | cumulative trials=167286
2026-07-24 14:28:33,776 | INFO | 01_build_trial_table | Subject 64/230 | FMR014 | session 3/3 | loading 8e11b2d9-3a05-4f65-9631-56b7db9206a7
2026-07-24 14:28:36,217 | INFO | 01_build_trial_table | Loaded 8e11b2d9-3a05-4f65-9631-56b7db9206a7 | trials=724 | choices=717 | session time=2s | cumulative sessions=235/235 | cumulative trials=168010
2026-07-24 14:28:36,217 | INFO | 01_build_trial_table | Subject 64/230 | FMR014 complete | elapsed=11s | total loaded sessions=235 | total trials=168010
2026-07-24 14:28:36,217 | INFO | 01_build_trial_table | Subject 65/230 | FMR015 | starting discovery
2026-07-24 14:28:37,082 | INFO | 01_build_trial_table | Subject FMR015: querying left-camera DLC sessions
2026-07-24 14:28:37,493 | INFO | 01_build_trial_table | Subject FMR015: checking task protocol for 4 DLC sessions
2026-07-24 14:28:39,100 | INFO | 01_build_trial_table | Subject FMR015: protocol checks 4/4 (4 ChoiceWorld)
2026-07-24 14:28:39,101 | INFO | 01_build_trial_table | Subject FMR015: querying raw left-camera video sessions
2026-07-24 14:28:39,508 | INFO | 01_build_trial_table | Subject FMR015: found 4 raw-video sessions
2026-07-24 14:28:39,508 | INFO | 01_build_trial_table | Subject 65/230 | FMR015 | 4 ChoiceWorld DLC sessions; 4 video sessions
2026-07-24 14:28:39,508 | INFO | 01_build_trial_table | Subject 65/230 | FMR015 | session 1/4 | loading 1109474d-9805-4239-8fd8-707c94bb2928
2026-07-24 14:28:41,821 | INFO | 01_build_trial_table | Loaded 1109474d-9805-4239-8fd8-707c94bb2928 | trials=765 | choices=756 | session time=2s | cumulative sessions=236/236 | cumulative trials=168775
2026-07-24 14:28:41,821 | INFO | 01_build_trial_table | Subject 65/230 | FMR015 | session 2/4 | loading 4056ff6d-c882-46c0-af06-a5e53f67b54a
2026-07-24 14:28:44,283 | INFO | 01_build_trial_table | Loaded 4056ff6d-c882-46c0-af06-a5e53f67b54a | trials=573 | choices=536 | session time=2s | cumulative sessions=237/237 | cumulative trials=169348
2026-07-24 14:28:44,284 | INFO | 01_build_trial_table | Subject 65/230 | FMR015 | session 3/4 | loading 97287257-fd0d-474f-9370-e5297e691379
2026-07-24 14:28:46,829 | INFO | 01_build_trial_table | Loaded 97287257-fd0d-474f-9370-e5297e691379 | trials=821 | choices=808 | session time=3s | cumulative sessions=238/238 | cumulative trials=170169
2026-07-24 14:28:46,829 | INFO | 01_build_trial_table | Subject 65/230 | FMR015 | session 4/4 | loading c8aa7a5c-b355-4fd8-9858-92bbf738554e
2026-07-24 14:28:48,925 | INFO | 01_build_trial_table | Loaded c8aa7a5c-b355-4fd8-9858-92bbf738554e | trials=763 | choices=754 | session time=2s | cumulative sessions=239/239 | cumulative trials=170932
2026-07-24 14:28:48,925 | INFO | 01_build_trial_table | Subject 65/230 | FMR015 complete | elapsed=13s | total loaded sessions=239 | total trials=170932
2026-07-24 14:28:48,925 | INFO | 01_build_trial_table | Subject 66/230 | FMR019 | starting discovery
2026-07-24 14:28:50,040 | INFO | 01_build_trial_table | Subject FMR019: querying left-camera DLC sessions
2026-07-24 14:28:50,459 | INFO | 01_build_trial_table | Subject FMR019: checking task protocol for 4 DLC sessions
2026-07-24 14:28:52,031 | INFO | 01_build_trial_table | Subject FMR019: protocol checks 4/4 (4 ChoiceWorld)
2026-07-24 14:28:52,031 | INFO | 01_build_trial_table | Subject FMR019: querying raw left-camera video sessions
2026-07-24 14:28:52,442 | INFO | 01_build_trial_table | Subject FMR019: found 4 raw-video sessions
2026-07-24 14:28:52,442 | INFO | 01_build_trial_table | Subject 66/230 | FMR019 | 4 ChoiceWorld DLC sessions; 4 video sessions
2026-07-24 14:28:52,442 | INFO | 01_build_trial_table | Subject 66/230 | FMR019 | session 1/4 | loading 0cfcfb55-258f-4dc7-943c-30fbf48d1410
2026-07-24 14:28:54,823 | INFO | 01_build_trial_table | Loaded 0cfcfb55-258f-4dc7-943c-30fbf48d1410 | trials=502 | choices=493 | session time=2s | cumulative sessions=240/240 | cumulative trials=171434
2026-07-24 14:28:54,823 | INFO | 01_build_trial_table | Subject 66/230 | FMR019 | session 2/4 | loading 80d617ee-4010-4be1-8b11-03e508e88dfa
2026-07-24 14:28:57,278 | INFO | 01_build_trial_table | Loaded 80d617ee-4010-4be1-8b11-03e508e88dfa | trials=488 | choices=472 | session time=2s | cumulative sessions=241/241 | cumulative trials=171922
2026-07-24 14:28:57,278 | INFO | 01_build_trial_table | Subject 66/230 | FMR019 | session 3/4 | loading aa6e6db8-b57a-4b11-b1b9-b2f710af9598
2026-07-24 14:28:59,619 | INFO | 01_build_trial_table | Loaded aa6e6db8-b57a-4b11-b1b9-b2f710af9598 | trials=465 | choices=445 | session time=2s | cumulative sessions=242/242 | cumulative trials=172387
2026-07-24 14:28:59,619 | INFO | 01_build_trial_table | Subject 66/230 | FMR019 | session 4/4 | loading f10ad1e6-daeb-4941-8e9e-0b4e657a7f1e
2026-07-24 14:29:02,120 | INFO | 01_build_trial_table | Loaded f10ad1e6-daeb-4941-8e9e-0b4e657a7f1e | trials=570 | choices=552 | session time=3s | cumulative sessions=243/243 | cumulative trials=172957
2026-07-24 14:29:02,121 | INFO | 01_build_trial_table | Subject 66/230 | FMR019 complete | elapsed=13s | total loaded sessions=243 | total trials=172957
2026-07-24 14:29:02,121 | INFO | 01_build_trial_table | Subject 67/230 | FMR020 | starting discovery
2026-07-24 14:29:03,129 | INFO | 01_build_trial_table | Subject FMR020: querying left-camera DLC sessions
2026-07-24 14:29:03,540 | INFO | 01_build_trial_table | Subject FMR020: checking task protocol for 4 DLC sessions
2026-07-24 14:29:05,131 | INFO | 01_build_trial_table | Subject FMR020: protocol checks 4/4 (4 ChoiceWorld)
2026-07-24 14:29:05,131 | INFO | 01_build_trial_table | Subject FMR020: querying raw left-camera video sessions
2026-07-24 14:29:05,540 | INFO | 01_build_trial_table | Subject FMR020: found 4 raw-video sessions
2026-07-24 14:29:05,540 | INFO | 01_build_trial_table | Subject 67/230 | FMR020 | 4 ChoiceWorld DLC sessions; 4 video sessions
2026-07-24 14:29:05,540 | INFO | 01_build_trial_table | Subject 67/230 | FMR020 | session 1/4 | loading 40a048d7-4612-40a4-80ab-41c9d1341d66
2026-07-24 14:29:07,906 | INFO | 01_build_trial_table | Loaded 40a048d7-4612-40a4-80ab-41c9d1341d66 | trials=775 | choices=770 | session time=2s | cumulative sessions=244/244 | cumulative trials=173732
2026-07-24 14:29:07,907 | INFO | 01_build_trial_table | Subject 67/230 | FMR020 | session 2/4 | loading a9bec34e-0ab7-400a-94e3-eee79e8133a7
2026-07-24 14:29:10,313 | INFO | 01_build_trial_table | Loaded a9bec34e-0ab7-400a-94e3-eee79e8133a7 | trials=754 | choices=751 | session time=2s | cumulative sessions=245/245 | cumulative trials=174486
2026-07-24 14:29:10,313 | INFO | 01_build_trial_table | Subject 67/230 | FMR020 | session 3/4 | loading d25dcbfa-501a-4037-bb5d-0726c17f429d
2026-07-24 14:29:12,814 | INFO | 01_build_trial_table | Loaded d25dcbfa-501a-4037-bb5d-0726c17f429d | trials=756 | choices=752 | session time=3s | cumulative sessions=246/246 | cumulative trials=175242
2026-07-24 14:29:12,814 | INFO | 01_build_trial_table | Subject 67/230 | FMR020 | session 4/4 | loading f2e6bdd5-1ddc-4c4a-8ac6-ca6734ad6666
2026-07-24 14:29:15,207 | INFO | 01_build_trial_table | Loaded f2e6bdd5-1ddc-4c4a-8ac6-ca6734ad6666 | trials=608 | choices=608 | session time=2s | cumulative sessions=247/247 | cumulative trials=175850
2026-07-24 14:29:15,207 | INFO | 01_build_trial_table | Subject 67/230 | FMR020 complete | elapsed=13s | total loaded sessions=247 | total trials=175850
2026-07-24 14:29:15,208 | INFO | 01_build_trial_table | Subject 68/230 | FMR024 | starting discovery
2026-07-24 14:29:16,049 | INFO | 01_build_trial_table | Subject FMR024: querying left-camera DLC sessions
2026-07-24 14:29:16,459 | INFO | 01_build_trial_table | Subject FMR024: checking task protocol for 4 DLC sessions
2026-07-24 14:29:18,026 | INFO | 01_build_trial_table | Subject FMR024: protocol checks 4/4 (4 ChoiceWorld)
2026-07-24 14:29:18,026 | INFO | 01_build_trial_table | Subject FMR024: querying raw left-camera video sessions
2026-07-24 14:29:18,429 | INFO | 01_build_trial_table | Subject FMR024: found 4 raw-video sessions
2026-07-24 14:29:18,430 | INFO | 01_build_trial_table | Subject 68/230 | FMR024 | 4 ChoiceWorld DLC sessions; 4 video sessions
2026-07-24 14:29:18,430 | INFO | 01_build_trial_table | Subject 68/230 | FMR024 | session 1/4 | loading 247954c5-ded8-4356-ba96-c808f6faa21c
2026-07-24 14:29:20,827 | INFO | 01_build_trial_table | Loaded 247954c5-ded8-4356-ba96-c808f6faa21c | trials=748 | choices=738 | session time=2s | cumulative sessions=248/248 | cumulative trials=176598
2026-07-24 14:29:20,827 | INFO | 01_build_trial_table | Subject 68/230 | FMR024 | session 2/4 | loading 2ae486a1-aa10-41e4-b06f-ad7ffdfe7615
2026-07-24 14:29:23,510 | INFO | 01_build_trial_table | Loaded 2ae486a1-aa10-41e4-b06f-ad7ffdfe7615 | trials=518 | choices=497 | session time=3s | cumulative sessions=249/249 | cumulative trials=177116
2026-07-24 14:29:23,510 | INFO | 01_build_trial_table | Subject 68/230 | FMR024 | session 3/4 | loading 3ce6bd7c-7fc7-47df-8257-31d2a5994b13
2026-07-24 14:29:25,915 | INFO | 01_build_trial_table | Loaded 3ce6bd7c-7fc7-47df-8257-31d2a5994b13 | trials=557 | choices=522 | session time=2s | cumulative sessions=250/250 | cumulative trials=177673
2026-07-24 14:29:25,915 | INFO | 01_build_trial_table | Subject 68/230 | FMR024 | session 4/4 | loading eed7b1c0-fcdb-4727-a63f-00e42083d1df
2026-07-24 14:29:28,271 | INFO | 01_build_trial_table | Loaded eed7b1c0-fcdb-4727-a63f-00e42083d1df | trials=642 | choices=617 | session time=2s | cumulative sessions=251/251 | cumulative trials=178315
2026-07-24 14:29:28,272 | INFO | 01_build_trial_table | Subject 68/230 | FMR024 complete | elapsed=13s | total loaded sessions=251 | total trials=178315
2026-07-24 14:29:28,272 | INFO | 01_build_trial_table | Subject 69/230 | FMR025 | starting discovery
2026-07-24 14:29:29,290 | INFO | 01_build_trial_table | Subject FMR025: querying left-camera DLC sessions
2026-07-24 14:29:29,721 | INFO | 01_build_trial_table | Subject FMR025: checking task protocol for 2 DLC sessions
2026-07-24 14:29:30,553 | INFO | 01_build_trial_table | Subject FMR025: protocol checks 2/2 (2 ChoiceWorld)
2026-07-24 14:29:30,553 | INFO | 01_build_trial_table | Subject FMR025: querying raw left-camera video sessions
2026-07-24 14:29:30,955 | INFO | 01_build_trial_table | Subject FMR025: found 2 raw-video sessions
2026-07-24 14:29:30,955 | INFO | 01_build_trial_table | Subject 69/230 | FMR025 | 2 ChoiceWorld DLC sessions; 2 video sessions
2026-07-24 14:29:30,956 | INFO | 01_build_trial_table | Subject 69/230 | FMR025 | session 1/2 | loading c467ea8f-a3ea-47d0-ba9a-f4aa0305dedf
2026-07-24 14:29:33,307 | INFO | 01_build_trial_table | Loaded c467ea8f-a3ea-47d0-ba9a-f4aa0305dedf | trials=639 | choices=622 | session time=2s | cumulative sessions=252/252 | cumulative trials=178954
2026-07-24 14:29:33,307 | INFO | 01_build_trial_table | Subject 69/230 | FMR025 | session 2/2 | loading f04311ca-d6a2-48d1-8878-967c09a6543d
2026-07-24 14:29:36,177 | INFO | 01_build_trial_table | Loaded f04311ca-d6a2-48d1-8878-967c09a6543d | trials=323 | choices=279 | session time=3s | cumulative sessions=253/253 | cumulative trials=179277
2026-07-24 14:29:36,177 | INFO | 01_build_trial_table | Subject 69/230 | FMR025 complete | elapsed=8s | total loaded sessions=253 | total trials=179277
2026-07-24 14:29:36,177 | INFO | 01_build_trial_table | Subject 70/230 | FMR027 | starting discovery
2026-07-24 14:29:37,189 | INFO | 01_build_trial_table | Subject FMR027: querying left-camera DLC sessions
2026-07-24 14:29:37,603 | INFO | 01_build_trial_table | Subject FMR027: checking task protocol for 4 DLC sessions
2026-07-24 14:29:39,188 | INFO | 01_build_trial_table | Subject FMR027: protocol checks 4/4 (4 ChoiceWorld)
2026-07-24 14:29:39,188 | INFO | 01_build_trial_table | Subject FMR027: querying raw left-camera video sessions
2026-07-24 14:29:39,593 | INFO | 01_build_trial_table | Subject FMR027: found 4 raw-video sessions
2026-07-24 14:29:39,594 | INFO | 01_build_trial_table | Subject 70/230 | FMR027 | 4 ChoiceWorld DLC sessions; 4 video sessions
2026-07-24 14:29:39,594 | INFO | 01_build_trial_table | Subject 70/230 | FMR027 | session 1/4 | loading 0eab2fc7-a065-4841-b31f-39019a8e62f4
2026-07-24 14:29:41,996 | INFO | 01_build_trial_table | Loaded 0eab2fc7-a065-4841-b31f-39019a8e62f4 | trials=574 | choices=561 | session time=2s | cumulative sessions=254/254 | cumulative trials=179851
2026-07-24 14:29:41,996 | INFO | 01_build_trial_table | Subject 70/230 | FMR027 | session 2/4 | loading 2ec0e91c-4728-438a-9c6c-b40fcf05f292
2026-07-24 14:29:44,823 | INFO | 01_build_trial_table | Loaded 2ec0e91c-4728-438a-9c6c-b40fcf05f292 | trials=482 | choices=462 | session time=3s | cumulative sessions=255/255 | cumulative trials=180333
2026-07-24 14:29:44,823 | INFO | 01_build_trial_table | Subject 70/230 | FMR027 | session 3/4 | loading 5629ff5b-0409-4028-931b-1f0338b79c1c
2026-07-24 14:29:47,301 | INFO | 01_build_trial_table | Loaded 5629ff5b-0409-4028-931b-1f0338b79c1c | trials=651 | choices=645 | session time=2s | cumulative sessions=256/256 | cumulative trials=180984
2026-07-24 14:29:47,301 | INFO | 01_build_trial_table | Subject 70/230 | FMR027 | session 4/4 | loading ad79a210-47ad-4eda-a8d8-ec35f43ca4f2
2026-07-24 14:29:50,186 | INFO | 01_build_trial_table | Loaded ad79a210-47ad-4eda-a8d8-ec35f43ca4f2 | trials=647 | choices=646 | session time=3s | cumulative sessions=257/257 | cumulative trials=181631
2026-07-24 14:29:50,186 | INFO | 01_build_trial_table | Subject 70/230 | FMR027 complete | elapsed=14s | total loaded sessions=257 | total trials=181631
2026-07-24 14:29:50,186 | INFO | 01_build_trial_table | Subject 71/230 | FMR028 | starting discovery
2026-07-24 14:29:51,044 | INFO | 01_build_trial_table | Subject FMR028: querying left-camera DLC sessions
2026-07-24 14:29:51,445 | INFO | 01_build_trial_table | Subject FMR028: checking task protocol for 2 DLC sessions
2026-07-24 14:29:52,216 | INFO | 01_build_trial_table | Subject FMR028: protocol checks 2/2 (2 ChoiceWorld)
2026-07-24 14:29:52,216 | INFO | 01_build_trial_table | Subject FMR028: querying raw left-camera video sessions
2026-07-24 14:29:52,621 | INFO | 01_build_trial_table | Subject FMR028: found 2 raw-video sessions
2026-07-24 14:29:52,621 | INFO | 01_build_trial_table | Subject 71/230 | FMR028 | 2 ChoiceWorld DLC sessions; 2 video sessions
2026-07-24 14:29:52,621 | INFO | 01_build_trial_table | Subject 71/230 | FMR028 | session 1/2 | loading 03ab27ed-3a61-4aa9-b78a-abd6dec138ce
2026-07-24 14:29:55,009 | INFO | 01_build_trial_table | Loaded 03ab27ed-3a61-4aa9-b78a-abd6dec138ce | trials=365 | choices=336 | session time=2s | cumulative sessions=258/258 | cumulative trials=181996
2026-07-24 14:29:55,009 | INFO | 01_build_trial_table | Subject 71/230 | FMR028 | session 2/2 | loading 6844490f-b958-42f8-88ac-6b2bba1565bc
2026-07-24 14:29:57,386 | INFO | 01_build_trial_table | Loaded 6844490f-b958-42f8-88ac-6b2bba1565bc | trials=573 | choices=548 | session time=2s | cumulative sessions=259/259 | cumulative trials=182569
2026-07-24 14:29:57,387 | INFO | 01_build_trial_table | Subject 71/230 | FMR028 complete | elapsed=7s | total loaded sessions=259 | total trials=182569
2026-07-24 14:29:57,387 | INFO | 01_build_trial_table | Subject 72/230 | FMR029 | starting discovery
2026-07-24 14:29:58,452 | INFO | 01_build_trial_table | Subject FMR029: querying left-camera DLC sessions
2026-07-24 14:29:58,883 | INFO | 01_build_trial_table | Subject FMR029: checking task protocol for 4 DLC sessions
2026-07-24 14:30:00,497 | INFO | 01_build_trial_table | Subject FMR029: protocol checks 4/4 (4 ChoiceWorld)
2026-07-24 14:30:00,497 | INFO | 01_build_trial_table | Subject FMR029: querying raw left-camera video sessions
2026-07-24 14:30:00,966 | INFO | 01_build_trial_table | Subject FMR029: found 4 raw-video sessions
2026-07-24 14:30:00,967 | INFO | 01_build_trial_table | Subject 72/230 | FMR029 | 4 ChoiceWorld DLC sessions; 4 video sessions
2026-07-24 14:30:00,967 | INFO | 01_build_trial_table | Subject 72/230 | FMR029 | session 1/4 | loading 29e98de8-2349-40d5-ad6b-60cde6644c7e
2026-07-24 14:30:05,024 | INFO | 01_build_trial_table | Loaded 29e98de8-2349-40d5-ad6b-60cde6644c7e | trials=422 | choices=401 | session time=4s | cumulative sessions=260/260 | cumulative trials=182991
2026-07-24 14:30:05,025 | INFO | 01_build_trial_table | Subject 72/230 | FMR029 | session 2/4 | loading 73d28cb2-c19a-4607-8bc0-4f032841d239
2026-07-24 14:30:07,504 | INFO | 01_build_trial_table | Loaded 73d28cb2-c19a-4607-8bc0-4f032841d239 | trials=576 | choices=572 | session time=2s | cumulative sessions=261/261 | cumulative trials=183567
2026-07-24 14:30:07,505 | INFO | 01_build_trial_table | Subject 72/230 | FMR029 | session 3/4 | loading 992c382b-6c04-44e4-a7f4-4b734ed9b519
2026-07-24 14:30:09,950 | INFO | 01_build_trial_table | Loaded 992c382b-6c04-44e4-a7f4-4b734ed9b519 | trials=535 | choices=523 | session time=2s | cumulative sessions=262/262 | cumulative trials=184102
2026-07-24 14:30:09,950 | INFO | 01_build_trial_table | Subject 72/230 | FMR029 | session 4/4 | loading eeceb2ca-6870-4b85-aca8-95d20cb06e4d
2026-07-24 14:30:12,589 | INFO | 01_build_trial_table | Loaded eeceb2ca-6870-4b85-aca8-95d20cb06e4d | trials=577 | choices=568 | session time=3s | cumulative sessions=263/263 | cumulative trials=184679
2026-07-24 14:30:12,589 | INFO | 01_build_trial_table | Subject 72/230 | FMR029 complete | elapsed=15s | total loaded sessions=263 | total trials=184679
2026-07-24 14:30:12,589 | INFO | 01_build_trial_table | Subject 73/230 | FMR031 | starting discovery
2026-07-24 14:30:13,517 | INFO | 01_build_trial_table | Subject FMR031: querying left-camera DLC sessions
2026-07-24 14:30:14,044 | INFO | 01_build_trial_table | Subject FMR031: checking task protocol for 3 DLC sessions
2026-07-24 14:30:15,226 | INFO | 01_build_trial_table | Subject FMR031: protocol checks 3/3 (3 ChoiceWorld)
2026-07-24 14:30:15,226 | INFO | 01_build_trial_table | Subject FMR031: querying raw left-camera video sessions
2026-07-24 14:30:15,632 | INFO | 01_build_trial_table | Subject FMR031: found 3 raw-video sessions
2026-07-24 14:30:15,632 | INFO | 01_build_trial_table | Subject 73/230 | FMR031 | 3 ChoiceWorld DLC sessions; 3 video sessions
2026-07-24 14:30:15,632 | INFO | 01_build_trial_table | Subject 73/230 | FMR031 | session 1/3 | loading 10f85ffa-1cf1-4bc2-885c-511e3209e7a1
2026-07-24 14:30:18,010 | INFO | 01_build_trial_table | Loaded 10f85ffa-1cf1-4bc2-885c-511e3209e7a1 | trials=557 | choices=533 | session time=2s | cumulative sessions=264/264 | cumulative trials=185236
2026-07-24 14:30:18,010 | INFO | 01_build_trial_table | Subject 73/230 | FMR031 | session 2/3 | loading 3da15f76-b31b-4ca7-a25c-c46cb8e40a06
2026-07-24 14:30:20,408 | INFO | 01_build_trial_table | Loaded 3da15f76-b31b-4ca7-a25c-c46cb8e40a06 | trials=658 | choices=640 | session time=2s | cumulative sessions=265/265 | cumulative trials=185894
2026-07-24 14:30:20,408 | INFO | 01_build_trial_table | Subject 73/230 | FMR031 | session 3/3 | loading 95efe206-080b-4996-8905-65b76fd0297c
2026-07-24 14:30:22,840 | INFO | 01_build_trial_table | Loaded 95efe206-080b-4996-8905-65b76fd0297c | trials=592 | choices=570 | session time=2s | cumulative sessions=266/266 | cumulative trials=186486
2026-07-24 14:30:22,840 | INFO | 01_build_trial_table | Subject 73/230 | FMR031 complete | elapsed=10s | total loaded sessions=266 | total trials=186486
2026-07-24 14:30:22,840 | INFO | 01_build_trial_table | Subject 74/230 | FMR032 | starting discovery
2026-07-24 14:30:23,738 | INFO | 01_build_trial_table | Subject FMR032: querying left-camera DLC sessions
2026-07-24 14:30:24,162 | INFO | 01_build_trial_table | Subject FMR032: checking task protocol for 3 DLC sessions
2026-07-24 14:30:25,324 | INFO | 01_build_trial_table | Subject FMR032: protocol checks 3/3 (3 ChoiceWorld)
2026-07-24 14:30:25,324 | INFO | 01_build_trial_table | Subject FMR032: querying raw left-camera video sessions
2026-07-24 14:30:25,746 | INFO | 01_build_trial_table | Subject FMR032: found 3 raw-video sessions
2026-07-24 14:30:25,746 | INFO | 01_build_trial_table | Subject 74/230 | FMR032 | 3 ChoiceWorld DLC sessions; 3 video sessions
2026-07-24 14:30:25,747 | INFO | 01_build_trial_table | Subject 74/230 | FMR032 | session 1/3 | loading 51016b5a-8103-49a0-ad87-af767937cac3
2026-07-24 14:30:28,141 | INFO | 01_build_trial_table | Loaded 51016b5a-8103-49a0-ad87-af767937cac3 | trials=745 | choices=745 | session time=2s | cumulative sessions=267/267 | cumulative trials=187231
2026-07-24 14:30:28,141 | INFO | 01_build_trial_table | Subject 74/230 | FMR032 | session 2/3 | loading 914b9fdb-9e49-4b40-88a2-b03b8917cd55
2026-07-24 14:30:30,534 | INFO | 01_build_trial_table | Loaded 914b9fdb-9e49-4b40-88a2-b03b8917cd55 | trials=766 | choices=764 | session time=2s | cumulative sessions=268/268 | cumulative trials=187997
2026-07-24 14:30:30,534 | INFO | 01_build_trial_table | Subject 74/230 | FMR032 | session 3/3 | loading e730c7bc-c8c8-4402-9c9f-f560618ca7d1
2026-07-24 14:30:32,928 | INFO | 01_build_trial_table | Loaded e730c7bc-c8c8-4402-9c9f-f560618ca7d1 | trials=786 | choices=783 | session time=2s | cumulative sessions=269/269 | cumulative trials=188783
2026-07-24 14:30:32,928 | INFO | 01_build_trial_table | Subject 74/230 | FMR032 complete | elapsed=10s | total loaded sessions=269 | total trials=188783
2026-07-24 14:30:32,929 | INFO | 01_build_trial_table | Subject 75/230 | KS014 | starting discovery
2026-07-24 14:30:33,924 | INFO | 01_build_trial_table | Subject KS014: querying left-camera DLC sessions
2026-07-24 14:30:34,325 | INFO | 01_build_trial_table | Subject KS014: checking task protocol for 3 DLC sessions
2026-07-24 14:30:35,533 | INFO | 01_build_trial_table | Subject KS014: protocol checks 3/3 (3 ChoiceWorld)
2026-07-24 14:30:35,533 | INFO | 01_build_trial_table | Subject KS014: querying raw left-camera video sessions
2026-07-24 14:30:35,950 | INFO | 01_build_trial_table | Subject KS014: found 3 raw-video sessions
2026-07-24 14:30:35,950 | INFO | 01_build_trial_table | Subject 75/230 | KS014 | 3 ChoiceWorld DLC sessions; 3 video sessions
2026-07-24 14:30:35,950 | INFO | 01_build_trial_table | Subject 75/230 | KS014 | session 1/3 | loading 16693458-0801-4d35-a3f1-9115c7e5acfd
2026-07-24 14:30:39,171 | INFO | 01_build_trial_table | Loaded 16693458-0801-4d35-a3f1-9115c7e5acfd | trials=531 | choices=531 | session time=3s | cumulative sessions=270/270 | cumulative trials=189314
2026-07-24 14:30:39,171 | INFO | 01_build_trial_table | Subject 75/230 | KS014 | session 2/3 | loading b9c205c3-feac-485b-a89d-afc96d9cb280
2026-07-24 14:30:41,606 | INFO | 01_build_trial_table | Loaded b9c205c3-feac-485b-a89d-afc96d9cb280 | trials=657 | choices=657 | session time=2s | cumulative sessions=271/271 | cumulative trials=189971
2026-07-24 14:30:41,607 | INFO | 01_build_trial_table | Subject 75/230 | KS014 | session 3/3 | loading e1931de1-cf7b-49af-af33-2ade15e8abe7
2026-07-24 14:30:44,806 | INFO | 01_build_trial_table | Loaded e1931de1-cf7b-49af-af33-2ade15e8abe7 | trials=688 | choices=686 | session time=3s | cumulative sessions=272/272 | cumulative trials=190659
2026-07-24 14:30:44,806 | INFO | 01_build_trial_table | Subject 75/230 | KS014 complete | elapsed=12s | total loaded sessions=272 | total trials=190659
2026-07-24 14:30:44,807 | INFO | 01_build_trial_table | Subject 76/230 | KS016 | starting discovery
2026-07-24 14:30:45,931 | INFO | 01_build_trial_table | Subject KS016: querying left-camera DLC sessions
2026-07-24 14:30:46,365 | INFO | 01_build_trial_table | Subject KS016: checking task protocol for 3 DLC sessions
2026-07-24 14:30:47,547 | INFO | 01_build_trial_table | Subject KS016: protocol checks 3/3 (3 ChoiceWorld)
2026-07-24 14:30:47,548 | INFO | 01_build_trial_table | Subject KS016: querying raw left-camera video sessions
2026-07-24 14:30:47,959 | INFO | 01_build_trial_table | Subject KS016: found 3 raw-video sessions
2026-07-24 14:30:47,959 | INFO | 01_build_trial_table | Subject 76/230 | KS016 | 3 ChoiceWorld DLC sessions; 3 video sessions
2026-07-24 14:30:47,959 | INFO | 01_build_trial_table | Subject 76/230 | KS016 | session 1/3 | loading 16c3667b-e0ea-43fb-9ad4-8dcd1e6c40e1
2026-07-24 14:30:51,214 | INFO | 01_build_trial_table | Loaded 16c3667b-e0ea-43fb-9ad4-8dcd1e6c40e1 | trials=553 | choices=553 | session time=3s | cumulative sessions=273/273 | cumulative trials=191212
2026-07-24 14:30:51,214 | INFO | 01_build_trial_table | Subject 76/230 | KS016 | session 2/3 | loading 6cf2a88a-515b-4f7f-89a2-7d53eab9b5f4
2026-07-24 14:30:54,385 | INFO | 01_build_trial_table | Loaded 6cf2a88a-515b-4f7f-89a2-7d53eab9b5f4 | trials=445 | choices=445 | session time=3s | cumulative sessions=274/274 | cumulative trials=191657
2026-07-24 14:30:54,385 | INFO | 01_build_trial_table | Subject 76/230 | KS016 | session 3/3 | loading dd87e278-999d-478b-8cbd-b5bf92b84763
2026-07-24 14:30:58,003 | INFO | 01_build_trial_table | Loaded dd87e278-999d-478b-8cbd-b5bf92b84763 | trials=744 | choices=744 | session time=4s | cumulative sessions=275/275 | cumulative trials=192401
2026-07-24 14:30:58,003 | INFO | 01_build_trial_table | Subject 76/230 | KS016 complete | elapsed=13s | total loaded sessions=275 | total trials=192401
2026-07-24 14:30:58,003 | INFO | 01_build_trial_table | Subject 77/230 | KS020 | starting discovery
2026-07-24 14:30:58,755 | INFO | 01_build_trial_table | Subject KS020: querying left-camera DLC sessions
2026-07-24 14:30:59,165 | INFO | 01_build_trial_table | Subject KS020: checking task protocol for 2 DLC sessions
2026-07-24 14:30:59,951 | INFO | 01_build_trial_table | Subject KS020: protocol checks 2/2 (2 ChoiceWorld)
2026-07-24 14:30:59,951 | INFO | 01_build_trial_table | Subject KS020: querying raw left-camera video sessions
2026-07-24 14:31:00,380 | INFO | 01_build_trial_table | Subject KS020: found 2 raw-video sessions
2026-07-24 14:31:00,380 | INFO | 01_build_trial_table | Subject 77/230 | KS020 | 2 ChoiceWorld DLC sessions; 2 video sessions
2026-07-24 14:31:00,380 | INFO | 01_build_trial_table | Subject 77/230 | KS020 | session 1/2 | loading 572a95d1-39ca-42e1-8424-5c9ffcb2df87
2026-07-24 14:31:03,296 | INFO | 01_build_trial_table | Loaded 572a95d1-39ca-42e1-8424-5c9ffcb2df87 | trials=339 | choices=332 | session time=3s | cumulative sessions=276/276 | cumulative trials=192740
2026-07-24 14:31:03,297 | INFO | 01_build_trial_table | Subject 77/230 | KS020 | session 2/2 | loading c7b0e1a3-4d4d-4a76-9339-e73d0ed5425b
2026-07-24 14:31:04,277 | WARNING | 01_build_trial_table | Failed KS020 c7b0e1a3-4d4d-4a76-9339-e73d0ed5425b: trials 
 The ALF object was not found.  This may occur if the object or namespace or incorrectly formatted e.g. the object "_ibl_trials.intervals.npy" would be found with the filters `object="trials", namespace="ibl"` 
2026-07-24 14:31:04,277 | INFO | 01_build_trial_table | Subject 77/230 | KS020 complete | elapsed=6s | total loaded sessions=276 | total trials=192740
2026-07-24 14:31:04,277 | INFO | 01_build_trial_table | Subject 78/230 | KS022 | starting discovery
2026-07-24 14:31:05,247 | INFO | 01_build_trial_table | Subject KS022: querying left-camera DLC sessions
2026-07-24 14:31:05,673 | INFO | 01_build_trial_table | Subject KS022: checking task protocol for 1 DLC sessions
2026-07-24 14:31:06,064 | INFO | 01_build_trial_table | Subject KS022: protocol checks 1/1 (1 ChoiceWorld)
2026-07-24 14:31:06,064 | INFO | 01_build_trial_table | Subject KS022: querying raw left-camera video sessions
2026-07-24 14:31:06,483 | INFO | 01_build_trial_table | Subject KS022: found 1 raw-video sessions
2026-07-24 14:31:06,483 | INFO | 01_build_trial_table | Subject 78/230 | KS022 | 1 ChoiceWorld DLC sessions; 1 video sessions
2026-07-24 14:31:06,484 | INFO | 01_build_trial_table | Subject 78/230 | KS022 | session 1/1 | loading 15f742e1-1043-45c9-9504-f1e8a53c1744
2026-07-24 14:31:09,700 | INFO | 01_build_trial_table | Loaded 15f742e1-1043-45c9-9504-f1e8a53c1744 | trials=826 | choices=826 | session time=3s | cumulative sessions=277/278 | cumulative trials=193566
2026-07-24 14:31:09,701 | INFO | 01_build_trial_table | Subject 78/230 | KS022 complete | elapsed=5s | total loaded sessions=277 | total trials=193566
2026-07-24 14:31:09,701 | INFO | 01_build_trial_table | Subject 79/230 | KS023 | starting discovery
2026-07-24 14:31:10,610 | INFO | 01_build_trial_table | Subject KS023: querying left-camera DLC sessions
2026-07-24 14:31:11,043 | INFO | 01_build_trial_table | Subject KS023: checking task protocol for 4 DLC sessions
2026-07-24 14:31:12,596 | INFO | 01_build_trial_table | Subject KS023: protocol checks 4/4 (4 ChoiceWorld)
2026-07-24 14:31:12,596 | INFO | 01_build_trial_table | Subject KS023: querying raw left-camera video sessions
2026-07-24 14:31:12,998 | INFO | 01_build_trial_table | Subject KS023: found 4 raw-video sessions
2026-07-24 14:31:12,999 | INFO | 01_build_trial_table | Subject 79/230 | KS023 | 4 ChoiceWorld DLC sessions; 4 video sessions
2026-07-24 14:31:12,999 | INFO | 01_build_trial_table | Subject 79/230 | KS023 | session 1/4 | loading a4000c2f-fa75-4b3e-8f06-a7cf599b87ad
2026-07-24 14:31:16,256 | INFO | 01_build_trial_table | Loaded a4000c2f-fa75-4b3e-8f06-a7cf599b87ad | trials=653 | choices=652 | session time=3s | cumulative sessions=278/279 | cumulative trials=194219
2026-07-24 14:31:16,257 | INFO | 01_build_trial_table | Subject 79/230 | KS023 | session 2/4 | loading a92c4b1d-46bd-457e-a1f4-414265f0e2d4
2026-07-24 14:31:19,427 | INFO | 01_build_trial_table | Loaded a92c4b1d-46bd-457e-a1f4-414265f0e2d4 | trials=800 | choices=800 | session time=3s | cumulative sessions=279/280 | cumulative trials=195019
2026-07-24 14:31:19,427 | INFO | 01_build_trial_table | Subject 79/230 | KS023 | session 3/4 | loading aad23144-0e52-4eac-80c5-c4ee2decb198
2026-07-24 14:31:23,032 | INFO | 01_build_trial_table | Loaded aad23144-0e52-4eac-80c5-c4ee2decb198 | trials=641 | choices=641 | session time=4s | cumulative sessions=280/281 | cumulative trials=195660
2026-07-24 14:31:23,032 | INFO | 01_build_trial_table | Subject 79/230 | KS023 | session 4/4 | loading cc45c568-c3b9-4f74-836e-c87762e898c8
2026-07-24 14:31:26,221 | INFO | 01_build_trial_table | Loaded cc45c568-c3b9-4f74-836e-c87762e898c8 | trials=715 | choices=715 | session time=3s | cumulative sessions=281/282 | cumulative trials=196375
2026-07-24 14:31:26,221 | INFO | 01_build_trial_table | Subject 79/230 | KS023 complete | elapsed=17s | total loaded sessions=281 | total trials=196375
2026-07-24 14:31:26,221 | INFO | 01_build_trial_table | Subject 80/230 | KS042 | starting discovery
2026-07-24 14:31:26,890 | INFO | 01_build_trial_table | Subject KS042: querying left-camera DLC sessions
2026-07-24 14:31:27,296 | INFO | 01_build_trial_table | Subject KS042: checking task protocol for 2 DLC sessions
2026-07-24 14:31:28,097 | INFO | 01_build_trial_table | Subject KS042: protocol checks 2/2 (2 ChoiceWorld)
2026-07-24 14:31:28,097 | INFO | 01_build_trial_table | Subject KS042: querying raw left-camera video sessions
2026-07-24 14:31:28,497 | INFO | 01_build_trial_table | Subject KS042: found 2 raw-video sessions
2026-07-24 14:31:28,498 | INFO | 01_build_trial_table | Subject 80/230 | KS042 | 2 ChoiceWorld DLC sessions; 2 video sessions
2026-07-24 14:31:28,498 | INFO | 01_build_trial_table | Subject 80/230 | KS042 | session 1/2 | loading 07dc4b76-5b93-4a03-82a0-b3d9cc73f412
2026-07-24 14:31:31,824 | INFO | 01_build_trial_table | Loaded 07dc4b76-5b93-4a03-82a0-b3d9cc73f412 | trials=692 | choices=691 | session time=3s | cumulative sessions=282/283 | cumulative trials=197067
2026-07-24 14:31:31,824 | INFO | 01_build_trial_table | Subject 80/230 | KS042 | session 2/2 | loading 8c552ddc-813e-4035-81cc-3971b57efe65
2026-07-24 14:31:35,089 | INFO | 01_build_trial_table | Loaded 8c552ddc-813e-4035-81cc-3971b57efe65 | trials=457 | choices=456 | session time=3s | cumulative sessions=283/284 | cumulative trials=197524
2026-07-24 14:31:35,089 | INFO | 01_build_trial_table | Subject 80/230 | KS042 complete | elapsed=9s | total loaded sessions=283 | total trials=197524
2026-07-24 14:31:35,089 | INFO | 01_build_trial_table | Subject 81/230 | KS043 | starting discovery
2026-07-24 14:31:35,634 | INFO | 01_build_trial_table | Subject KS043: querying left-camera DLC sessions
2026-07-24 14:31:36,043 | INFO | 01_build_trial_table | Subject KS043: checking task protocol for 2 DLC sessions
2026-07-24 14:31:36,813 | INFO | 01_build_trial_table | Subject KS043: protocol checks 2/2 (2 ChoiceWorld)
2026-07-24 14:31:36,814 | INFO | 01_build_trial_table | Subject KS043: querying raw left-camera video sessions
2026-07-24 14:31:37,217 | INFO | 01_build_trial_table | Subject KS043: found 2 raw-video sessions
2026-07-24 14:31:37,217 | INFO | 01_build_trial_table | Subject 81/230 | KS043 | 2 ChoiceWorld DLC sessions; 2 video sessions
2026-07-24 14:31:37,218 | INFO | 01_build_trial_table | Subject 81/230 | KS043 | session 1/2 | loading 9468fa93-21ae-4984-955c-e8402e280c83
2026-07-24 14:31:40,755 | INFO | 01_build_trial_table | Loaded 9468fa93-21ae-4984-955c-e8402e280c83 | trials=514 | choices=514 | session time=4s | cumulative sessions=284/285 | cumulative trials=198038
2026-07-24 14:31:40,755 | INFO | 01_build_trial_table | Subject 81/230 | KS043 | session 2/2 | loading e5c75b62-6871-4135-b3d0-f6464c2d90c0
2026-07-24 14:31:44,202 | INFO | 01_build_trial_table | Loaded e5c75b62-6871-4135-b3d0-f6464c2d90c0 | trials=581 | choices=579 | session time=3s | cumulative sessions=285/286 | cumulative trials=198619
2026-07-24 14:31:44,202 | INFO | 01_build_trial_table | Subject 81/230 | KS043 complete | elapsed=9s | total loaded sessions=285 | total trials=198619
2026-07-24 14:31:44,202 | INFO | 01_build_trial_table | Subject 82/230 | KS044 | starting discovery
2026-07-24 14:31:44,868 | INFO | 01_build_trial_table | Subject KS044: querying left-camera DLC sessions
2026-07-24 14:31:45,309 | INFO | 01_build_trial_table | Subject KS044: checking task protocol for 2 DLC sessions
2026-07-24 14:31:46,099 | INFO | 01_build_trial_table | Subject KS044: protocol checks 2/2 (2 ChoiceWorld)
2026-07-24 14:31:46,100 | INFO | 01_build_trial_table | Subject KS044: querying raw left-camera video sessions
2026-07-24 14:31:46,530 | INFO | 01_build_trial_table | Subject KS044: found 2 raw-video sessions
2026-07-24 14:31:46,530 | INFO | 01_build_trial_table | Subject 82/230 | KS044 | 2 ChoiceWorld DLC sessions; 2 video sessions
2026-07-24 14:31:46,530 | INFO | 01_build_trial_table | Subject 82/230 | KS044 | session 1/2 | loading 781b35fd-e1f0-4d14-b2bb-95b7263082bb
2026-07-24 14:31:50,087 | INFO | 01_build_trial_table | Loaded 781b35fd-e1f0-4d14-b2bb-95b7263082bb | trials=471 | choices=471 | session time=4s | cumulative sessions=286/287 | cumulative trials=199090
2026-07-24 14:31:50,087 | INFO | 01_build_trial_table | Subject 82/230 | KS044 | session 2/2 | loading a6fe44a8-07ab-49b8-81f9-e18575aa85cc
2026-07-24 14:31:53,415 | INFO | 01_build_trial_table | Loaded a6fe44a8-07ab-49b8-81f9-e18575aa85cc | trials=786 | choices=783 | session time=3s | cumulative sessions=287/288 | cumulative trials=199876
2026-07-24 14:31:53,415 | INFO | 01_build_trial_table | Subject 82/230 | KS044 complete | elapsed=9s | total loaded sessions=287 | total trials=199876
2026-07-24 14:31:53,415 | INFO | 01_build_trial_table | Subject 83/230 | KS045 | starting discovery
2026-07-24 14:31:54,085 | INFO | 01_build_trial_table | Subject KS045: querying left-camera DLC sessions
2026-07-24 14:31:54,489 | INFO | 01_build_trial_table | Subject KS045: checking task protocol for 1 DLC sessions
2026-07-24 14:31:54,899 | INFO | 01_build_trial_table | Subject KS045: protocol checks 1/1 (1 ChoiceWorld)
2026-07-24 14:31:54,899 | INFO | 01_build_trial_table | Subject KS045: querying raw left-camera video sessions
2026-07-24 14:31:55,299 | INFO | 01_build_trial_table | Subject KS045: found 1 raw-video sessions
2026-07-24 14:31:55,299 | INFO | 01_build_trial_table | Subject 83/230 | KS045 | 1 ChoiceWorld DLC sessions; 1 video sessions
2026-07-24 14:31:55,299 | INFO | 01_build_trial_table | Subject 83/230 | KS045 | session 1/1 | loading 0cad7ea8-8e6c-4ad1-a5c5-53fbb2df1a63
2026-07-24 14:31:57,386 | INFO | 01_build_trial_table | Loaded 0cad7ea8-8e6c-4ad1-a5c5-53fbb2df1a63 | trials=314 | choices=297 | session time=2s | cumulative sessions=288/289 | cumulative trials=200190
2026-07-24 14:31:57,386 | INFO | 01_build_trial_table | Subject 83/230 | KS045 complete | elapsed=4s | total loaded sessions=288 | total trials=200190
2026-07-24 14:31:57,386 | INFO | 01_build_trial_table | Subject 84/230 | KS046 | starting discovery
2026-07-24 14:31:57,947 | INFO | 01_build_trial_table | Subject KS046: querying left-camera DLC sessions
2026-07-24 14:31:58,359 | INFO | 01_build_trial_table | Subject KS046: checking task protocol for 4 DLC sessions
2026-07-24 14:31:59,919 | INFO | 01_build_trial_table | Subject KS046: protocol checks 4/4 (4 ChoiceWorld)
2026-07-24 14:31:59,919 | INFO | 01_build_trial_table | Subject KS046: querying raw left-camera video sessions
2026-07-24 14:32:00,360 | INFO | 01_build_trial_table | Subject KS046: found 4 raw-video sessions
2026-07-24 14:32:00,360 | INFO | 01_build_trial_table | Subject 84/230 | KS046 | 4 ChoiceWorld DLC sessions; 4 video sessions
2026-07-24 14:32:00,360 | INFO | 01_build_trial_table | Subject 84/230 | KS046 | session 1/4 | loading 0ac8d013-b91e-4732-bc7b-a1164ff3e445
2026-07-24 14:32:04,681 | INFO | 01_build_trial_table | Loaded 0ac8d013-b91e-4732-bc7b-a1164ff3e445 | trials=841 | choices=840 | session time=4s | cumulative sessions=289/290 | cumulative trials=201031
2026-07-24 14:32:04,681 | INFO | 01_build_trial_table | Subject 84/230 | KS046 | session 2/4 | loading 69c9a415-f7fa-4208-887b-1417c1479b48
2026-07-24 14:32:08,112 | INFO | 01_build_trial_table | Loaded 69c9a415-f7fa-4208-887b-1417c1479b48 | trials=637 | choices=637 | session time=3s | cumulative sessions=290/291 | cumulative trials=201668
2026-07-24 14:32:08,112 | INFO | 01_build_trial_table | Subject 84/230 | KS046 | session 3/4 | loading aa3432cd-62bd-40bc-bc1c-a12d53bcbdcf
2026-07-24 14:32:11,480 | INFO | 01_build_trial_table | Loaded aa3432cd-62bd-40bc-bc1c-a12d53bcbdcf | trials=656 | choices=656 | session time=3s | cumulative sessions=291/292 | cumulative trials=202324
2026-07-24 14:32:11,480 | INFO | 01_build_trial_table | Subject 84/230 | KS046 | session 4/4 | loading dfbe628d-365b-461c-a07f-8b9911ba83aa
2026-07-24 14:32:14,758 | INFO | 01_build_trial_table | Loaded dfbe628d-365b-461c-a07f-8b9911ba83aa | trials=753 | choices=753 | session time=3s | cumulative sessions=292/293 | cumulative trials=203077
2026-07-24 14:32:14,758 | INFO | 01_build_trial_table | Subject 84/230 | KS046 complete | elapsed=17s | total loaded sessions=292 | total trials=203077
2026-07-24 14:32:14,758 | INFO | 01_build_trial_table | Subject 85/230 | KS051 | starting discovery
2026-07-24 14:32:15,456 | INFO | 01_build_trial_table | Subject KS051: querying left-camera DLC sessions
2026-07-24 14:32:15,869 | INFO | 01_build_trial_table | Subject KS051: checking task protocol for 2 DLC sessions
2026-07-24 14:32:16,657 | INFO | 01_build_trial_table | Subject KS051: protocol checks 2/2 (2 ChoiceWorld)
2026-07-24 14:32:16,657 | INFO | 01_build_trial_table | Subject KS051: querying raw left-camera video sessions
2026-07-24 14:32:17,077 | INFO | 01_build_trial_table | Subject KS051: found 2 raw-video sessions
2026-07-24 14:32:17,077 | INFO | 01_build_trial_table | Subject 85/230 | KS051 | 2 ChoiceWorld DLC sessions; 2 video sessions
2026-07-24 14:32:17,077 | INFO | 01_build_trial_table | Subject 85/230 | KS051 | session 1/2 | loading 0a018f12-ee06-4b11-97aa-bbbff5448e9f
2026-07-24 14:32:20,311 | INFO | 01_build_trial_table | Loaded 0a018f12-ee06-4b11-97aa-bbbff5448e9f | trials=478 | choices=478 | session time=3s | cumulative sessions=293/294 | cumulative trials=203555
2026-07-24 14:32:20,311 | INFO | 01_build_trial_table | Subject 85/230 | KS051 | session 2/2 | loading 4503697e-af44-47d9-898d-4924be990240
2026-07-24 14:32:22,928 | INFO | 01_build_trial_table | Loaded 4503697e-af44-47d9-898d-4924be990240 | trials=415 | choices=409 | session time=3s | cumulative sessions=294/295 | cumulative trials=203970
2026-07-24 14:32:22,928 | INFO | 01_build_trial_table | Subject 85/230 | KS051 complete | elapsed=8s | total loaded sessions=294 | total trials=203970
2026-07-24 14:32:22,928 | INFO | 01_build_trial_table | Subject 86/230 | KS055 | starting discovery
2026-07-24 14:32:23,475 | INFO | 01_build_trial_table | Subject KS055: querying left-camera DLC sessions
2026-07-24 14:32:23,885 | INFO | 01_build_trial_table | Subject KS055: checking task protocol for 1 DLC sessions
2026-07-24 14:32:24,291 | INFO | 01_build_trial_table | Subject KS055: protocol checks 1/1 (1 ChoiceWorld)
2026-07-24 14:32:24,292 | INFO | 01_build_trial_table | Subject KS055: querying raw left-camera video sessions
2026-07-24 14:32:24,692 | INFO | 01_build_trial_table | Subject KS055: found 1 raw-video sessions
2026-07-24 14:32:24,692 | INFO | 01_build_trial_table | Subject 86/230 | KS055 | 1 ChoiceWorld DLC sessions; 1 video sessions
2026-07-24 14:32:24,692 | INFO | 01_build_trial_table | Subject 86/230 | KS055 | session 1/1 | loading b22f694e-4a34-4142-ab9d-2556c3487086
2026-07-24 14:32:28,436 | INFO | 01_build_trial_table | Loaded b22f694e-4a34-4142-ab9d-2556c3487086 | trials=480 | choices=479 | session time=4s | cumulative sessions=295/296 | cumulative trials=204450
2026-07-24 14:32:28,436 | INFO | 01_build_trial_table | Subject 86/230 | KS055 complete | elapsed=6s | total loaded sessions=295 | total trials=204450
2026-07-24 14:32:28,436 | INFO | 01_build_trial_table | Subject 87/230 | KS074 | starting discovery
2026-07-24 14:32:29,120 | INFO | 01_build_trial_table | Subject KS074: querying left-camera DLC sessions
2026-07-24 14:32:29,520 | INFO | 01_build_trial_table | Subject KS074: checking task protocol for 1 DLC sessions
2026-07-24 14:32:29,903 | INFO | 01_build_trial_table | Subject KS074: protocol checks 1/1 (1 ChoiceWorld)
2026-07-24 14:32:29,903 | INFO | 01_build_trial_table | Subject KS074: querying raw left-camera video sessions
2026-07-24 14:32:30,307 | INFO | 01_build_trial_table | Subject KS074: found 1 raw-video sessions
2026-07-24 14:32:30,308 | INFO | 01_build_trial_table | Subject 87/230 | KS074 | 1 ChoiceWorld DLC sessions; 1 video sessions
2026-07-24 14:32:30,308 | INFO | 01_build_trial_table | Subject 87/230 | KS074 | session 1/1 | loading c7bf2d49-4937-4597-b307-9f39cb1c7b16
2026-07-24 14:32:32,423 | INFO | 01_build_trial_table | Loaded c7bf2d49-4937-4597-b307-9f39cb1c7b16 | trials=587 | choices=587 | session time=2s | cumulative sessions=296/297 | cumulative trials=205037
2026-07-24 14:32:32,424 | INFO | 01_build_trial_table | Subject 87/230 | KS074 complete | elapsed=4s | total loaded sessions=296 | total trials=205037
2026-07-24 14:32:32,424 | INFO | 01_build_trial_table | Subject 88/230 | KS075 | starting discovery
2026-07-24 14:32:32,982 | INFO | 01_build_trial_table | Subject KS075: querying left-camera DLC sessions
2026-07-24 14:32:33,386 | INFO | 01_build_trial_table | Subject KS075: checking task protocol for 1 DLC sessions
2026-07-24 14:32:33,775 | INFO | 01_build_trial_table | Subject KS075: protocol checks 1/1 (1 ChoiceWorld)
2026-07-24 14:32:33,775 | INFO | 01_build_trial_table | Subject KS075: querying raw left-camera video sessions
2026-07-24 14:32:34,175 | INFO | 01_build_trial_table | Subject KS075: found 1 raw-video sessions
2026-07-24 14:32:34,175 | INFO | 01_build_trial_table | Subject 88/230 | KS075 | 1 ChoiceWorld DLC sessions; 1 video sessions
2026-07-24 14:32:34,175 | INFO | 01_build_trial_table | Subject 88/230 | KS075 | session 1/1 | loading 5dcee0eb-b34d-4652-acc3-d10afc6eae68
2026-07-24 14:32:36,095 | INFO | 01_build_trial_table | Loaded 5dcee0eb-b34d-4652-acc3-d10afc6eae68 | trials=828 | choices=828 | session time=2s | cumulative sessions=297/298 | cumulative trials=205865
2026-07-24 14:32:36,095 | INFO | 01_build_trial_table | Subject 88/230 | KS075 complete | elapsed=4s | total loaded sessions=297 | total trials=205865
2026-07-24 14:32:36,095 | INFO | 01_build_trial_table | Subject 89/230 | KS084 | starting discovery
2026-07-24 14:32:36,643 | INFO | 01_build_trial_table | Subject KS084: querying left-camera DLC sessions
2026-07-24 14:32:37,060 | INFO | 01_build_trial_table | Subject KS084: checking task protocol for 2 DLC sessions
2026-07-24 14:32:37,839 | INFO | 01_build_trial_table | Subject KS084: protocol checks 2/2 (2 ChoiceWorld)
2026-07-24 14:32:37,839 | INFO | 01_build_trial_table | Subject KS084: querying raw left-camera video sessions
2026-07-24 14:32:38,237 | INFO | 01_build_trial_table | Subject KS084: found 2 raw-video sessions
2026-07-24 14:32:38,238 | INFO | 01_build_trial_table | Subject 89/230 | KS084 | 2 ChoiceWorld DLC sessions; 2 video sessions
2026-07-24 14:32:38,238 | INFO | 01_build_trial_table | Subject 89/230 | KS084 | session 1/2 | loading 1b715600-0cbc-442c-bd00-5b0ac2865de1
2026-07-24 14:32:41,887 | INFO | 01_build_trial_table | Loaded 1b715600-0cbc-442c-bd00-5b0ac2865de1 | trials=437 | choices=437 | session time=4s | cumulative sessions=298/299 | cumulative trials=206302
2026-07-24 14:32:41,887 | INFO | 01_build_trial_table | Subject 89/230 | KS084 | session 2/2 | loading b196a2ad-511b-4e90-ac99-b5a29ad25c22
2026-07-24 14:32:43,990 | INFO | 01_build_trial_table | Loaded b196a2ad-511b-4e90-ac99-b5a29ad25c22 | trials=530 | choices=530 | session time=2s | cumulative sessions=299/300 | cumulative trials=206832
2026-07-24 14:32:43,991 | INFO | 01_build_trial_table | Subject 89/230 | KS084 complete | elapsed=8s | total loaded sessions=299 | total trials=206832
2026-07-24 14:32:43,991 | INFO | 01_build_trial_table | Subject 90/230 | KS086 | starting discovery
2026-07-24 14:32:44,711 | INFO | 01_build_trial_table | Subject KS086: querying left-camera DLC sessions
2026-07-24 14:32:45,180 | INFO | 01_build_trial_table | Subject KS086: checking task protocol for 2 DLC sessions
2026-07-24 14:32:45,963 | INFO | 01_build_trial_table | Subject KS086: protocol checks 2/2 (2 ChoiceWorld)
2026-07-24 14:32:45,963 | INFO | 01_build_trial_table | Subject KS086: querying raw left-camera video sessions
2026-07-24 14:32:46,362 | INFO | 01_build_trial_table | Subject KS086: found 2 raw-video sessions
2026-07-24 14:32:46,362 | INFO | 01_build_trial_table | Subject 90/230 | KS086 | 2 ChoiceWorld DLC sessions; 2 video sessions
2026-07-24 14:32:46,363 | INFO | 01_build_trial_table | Subject 90/230 | KS086 | session 1/2 | loading e45481fa-be22-4365-972c-e7404ed8ab5a
2026-07-24 14:32:49,732 | INFO | 01_build_trial_table | Loaded e45481fa-be22-4365-972c-e7404ed8ab5a | trials=525 | choices=509 | session time=3s | cumulative sessions=300/301 | cumulative trials=207357
2026-07-24 14:32:49,732 | INFO | 01_build_trial_table | Subject 90/230 | KS086 | session 2/2 | loading ffef0311-8ffa-49e3-a857-b3adf6d86e12
2026-07-24 14:32:52,424 | INFO | 01_build_trial_table | Loaded ffef0311-8ffa-49e3-a857-b3adf6d86e12 | trials=578 | choices=571 | session time=3s | cumulative sessions=301/302 | cumulative trials=207935
2026-07-24 14:32:52,424 | INFO | 01_build_trial_table | Subject 90/230 | KS086 complete | elapsed=8s | total loaded sessions=301 | total trials=207935
2026-07-24 14:32:52,424 | INFO | 01_build_trial_table | Subject 91/230 | KS089 | starting discovery
2026-07-24 14:32:53,097 | INFO | 01_build_trial_table | Subject KS089: querying left-camera DLC sessions
2026-07-24 14:32:53,498 | INFO | 01_build_trial_table | Subject KS089: checking task protocol for 1 DLC sessions
2026-07-24 14:32:53,902 | INFO | 01_build_trial_table | Subject KS089: protocol checks 1/1 (1 ChoiceWorld)
2026-07-24 14:32:53,903 | INFO | 01_build_trial_table | Subject KS089: querying raw left-camera video sessions
2026-07-24 14:32:54,303 | INFO | 01_build_trial_table | Subject KS089: found 1 raw-video sessions
2026-07-24 14:32:54,303 | INFO | 01_build_trial_table | Subject 91/230 | KS089 | 1 ChoiceWorld DLC sessions; 1 video sessions
2026-07-24 14:32:54,303 | INFO | 01_build_trial_table | Subject 91/230 | KS089 | session 1/1 | loading d04feec7-d0b7-4f35-af89-0232dd975bf0
2026-07-24 14:32:56,410 | INFO | 01_build_trial_table | Loaded d04feec7-d0b7-4f35-af89-0232dd975bf0 | trials=402 | choices=384 | session time=2s | cumulative sessions=302/303 | cumulative trials=208337
2026-07-24 14:32:56,410 | INFO | 01_build_trial_table | Subject 91/230 | KS089 complete | elapsed=4s | total loaded sessions=302 | total trials=208337
2026-07-24 14:32:56,411 | INFO | 01_build_trial_table | Subject 92/230 | KS091 | starting discovery
2026-07-24 14:32:57,137 | INFO | 01_build_trial_table | Subject KS091: querying left-camera DLC sessions
2026-07-24 14:32:57,559 | INFO | 01_build_trial_table | Subject KS091: checking task protocol for 2 DLC sessions
2026-07-24 14:32:58,337 | INFO | 01_build_trial_table | Subject KS091: protocol checks 2/2 (2 ChoiceWorld)
2026-07-24 14:32:58,337 | INFO | 01_build_trial_table | Subject KS091: querying raw left-camera video sessions
2026-07-24 14:32:58,768 | INFO | 01_build_trial_table | Subject KS091: found 2 raw-video sessions
2026-07-24 14:32:58,768 | INFO | 01_build_trial_table | Subject 92/230 | KS091 | 2 ChoiceWorld DLC sessions; 2 video sessions
2026-07-24 14:32:58,769 | INFO | 01_build_trial_table | Subject 92/230 | KS091 | session 1/2 | loading 196a2adf-ff83-49b2-823a-33f990049c2e
2026-07-24 14:33:02,409 | INFO | 01_build_trial_table | Loaded 196a2adf-ff83-49b2-823a-33f990049c2e | trials=600 | choices=600 | session time=4s | cumulative sessions=303/304 | cumulative trials=208937
2026-07-24 14:33:02,409 | INFO | 01_build_trial_table | Subject 92/230 | KS091 | session 2/2 | loading 78b4fff5-c5ec-44d9-b5f9-d59493063f00
2026-07-24 14:33:06,098 | INFO | 01_build_trial_table | Loaded 78b4fff5-c5ec-44d9-b5f9-d59493063f00 | trials=892 | choices=892 | session time=4s | cumulative sessions=304/305 | cumulative trials=209829
2026-07-24 14:33:06,098 | INFO | 01_build_trial_table | Subject 92/230 | KS091 complete | elapsed=10s | total loaded sessions=304 | total trials=209829
2026-07-24 14:33:06,098 | INFO | 01_build_trial_table | Subject 93/230 | KS094 | starting discovery
2026-07-24 14:33:06,606 | INFO | 01_build_trial_table | Subject KS094: querying left-camera DLC sessions
2026-07-24 14:33:07,041 | INFO | 01_build_trial_table | Subject KS094: checking task protocol for 4 DLC sessions
2026-07-24 14:33:08,622 | INFO | 01_build_trial_table | Subject KS094: protocol checks 4/4 (4 ChoiceWorld)
2026-07-24 14:33:08,622 | INFO | 01_build_trial_table | Subject KS094: querying raw left-camera video sessions
2026-07-24 14:33:09,028 | INFO | 01_build_trial_table | Subject KS094: found 4 raw-video sessions
2026-07-24 14:33:09,030 | INFO | 01_build_trial_table | Subject 93/230 | KS094 | 4 ChoiceWorld DLC sessions; 4 video sessions
2026-07-24 14:33:09,030 | INFO | 01_build_trial_table | Subject 93/230 | KS094 | session 1/4 | loading 3f859b5c-e73a-4044-b49e-34bb81e96715
2026-07-24 14:33:12,613 | INFO | 01_build_trial_table | Loaded 3f859b5c-e73a-4044-b49e-34bb81e96715 | trials=490 | choices=490 | session time=4s | cumulative sessions=305/306 | cumulative trials=210319
2026-07-24 14:33:12,613 | INFO | 01_build_trial_table | Subject 93/230 | KS094 | session 2/4 | loading 6b0b5d24-bcda-4053-a59c-beaa1fe03b8f
2026-07-24 14:33:15,918 | INFO | 01_build_trial_table | Loaded 6b0b5d24-bcda-4053-a59c-beaa1fe03b8f | trials=684 | choices=683 | session time=3s | cumulative sessions=306/307 | cumulative trials=211003
2026-07-24 14:33:15,919 | INFO | 01_build_trial_table | Subject 93/230 | KS094 | session 3/4 | loading 752456f3-9f47-4fbf-bd44-9d131c0f41aa
2026-07-24 14:33:19,236 | INFO | 01_build_trial_table | Loaded 752456f3-9f47-4fbf-bd44-9d131c0f41aa | trials=511 | choices=507 | session time=3s | cumulative sessions=307/308 | cumulative trials=211514
2026-07-24 14:33:19,236 | INFO | 01_build_trial_table | Subject 93/230 | KS094 | session 4/4 | loading c8d46ee6-eb68-4535-8756-7c9aa32f10e4
2026-07-24 14:33:21,905 | INFO | 01_build_trial_table | Loaded c8d46ee6-eb68-4535-8756-7c9aa32f10e4 | trials=480 | choices=477 | session time=3s | cumulative sessions=308/309 | cumulative trials=211994
2026-07-24 14:33:21,905 | INFO | 01_build_trial_table | Subject 93/230 | KS094 complete | elapsed=16s | total loaded sessions=308 | total trials=211994
2026-07-24 14:33:21,905 | INFO | 01_build_trial_table | Subject 94/230 | KS096 | starting discovery
2026-07-24 14:33:22,417 | INFO | 01_build_trial_table | Subject KS096: querying left-camera DLC sessions
2026-07-24 14:33:22,832 | INFO | 01_build_trial_table | Subject KS096: checking task protocol for 5 DLC sessions
2026-07-24 14:33:24,851 | INFO | 01_build_trial_table | Subject KS096: protocol checks 5/5 (5 ChoiceWorld)
2026-07-24 14:33:24,851 | INFO | 01_build_trial_table | Subject KS096: querying raw left-camera video sessions
2026-07-24 14:33:25,283 | INFO | 01_build_trial_table | Subject KS096: found 5 raw-video sessions
2026-07-24 14:33:25,283 | INFO | 01_build_trial_table | Subject 94/230 | KS096 | 5 ChoiceWorld DLC sessions; 5 video sessions
2026-07-24 14:33:25,283 | INFO | 01_build_trial_table | Subject 94/230 | KS096 | session 1/5 | loading 1b9e349e-93f2-41cc-a4b5-b212d7ddc8df
2026-07-24 14:33:28,571 | INFO | 01_build_trial_table | Loaded 1b9e349e-93f2-41cc-a4b5-b212d7ddc8df | trials=1140 | choices=1138 | session time=3s | cumulative sessions=309/310 | cumulative trials=213134
2026-07-24 14:33:28,572 | INFO | 01_build_trial_table | Subject 94/230 | KS096 | session 2/5 | loading 446f4724-1690-49f9-819a-2bd8e2ea88ce
2026-07-24 14:33:31,270 | INFO | 01_build_trial_table | Loaded 446f4724-1690-49f9-819a-2bd8e2ea88ce | trials=701 | choices=701 | session time=3s | cumulative sessions=310/311 | cumulative trials=213835
2026-07-24 14:33:31,271 | INFO | 01_build_trial_table | Subject 94/230 | KS096 | session 3/5 | loading 8928f98a-b411-497e-aa4b-aa752434686d
2026-07-24 14:33:34,776 | INFO | 01_build_trial_table | Loaded 8928f98a-b411-497e-aa4b-aa752434686d | trials=663 | choices=663 | session time=4s | cumulative sessions=311/312 | cumulative trials=214498
2026-07-24 14:33:34,776 | INFO | 01_build_trial_table | Subject 94/230 | KS096 | session 4/5 | loading a2701b93-d8e1-47e9-a819-f1063046f3e7
2026-07-24 14:33:37,414 | INFO | 01_build_trial_table | Loaded a2701b93-d8e1-47e9-a819-f1063046f3e7 | trials=515 | choices=515 | session time=3s | cumulative sessions=312/313 | cumulative trials=215013
2026-07-24 14:33:37,415 | INFO | 01_build_trial_table | Subject 94/230 | KS096 | session 5/5 | loading f819d499-8bf7-4da0-a431-15377a8319d5
2026-07-24 14:33:40,692 | INFO | 01_build_trial_table | Loaded f819d499-8bf7-4da0-a431-15377a8319d5 | trials=441 | choices=438 | session time=3s | cumulative sessions=313/314 | cumulative trials=215454
2026-07-24 14:33:40,692 | INFO | 01_build_trial_table | Subject 94/230 | KS096 complete | elapsed=19s | total loaded sessions=313 | total trials=215454
2026-07-24 14:33:40,692 | INFO | 01_build_trial_table | Subject 95/230 | MFD_05 | starting discovery
2026-07-24 14:33:41,256 | INFO | 01_build_trial_table | Subject MFD_05: querying left-camera DLC sessions
2026-07-24 14:33:41,662 | INFO | 01_build_trial_table | Subject MFD_05: checking task protocol for 3 DLC sessions
2026-07-24 14:33:42,824 | INFO | 01_build_trial_table | Subject MFD_05: protocol checks 3/3 (3 ChoiceWorld)
2026-07-24 14:33:42,824 | INFO | 01_build_trial_table | Subject MFD_05: querying raw left-camera video sessions
2026-07-24 14:33:43,227 | INFO | 01_build_trial_table | Subject MFD_05: found 3 raw-video sessions
2026-07-24 14:33:43,227 | INFO | 01_build_trial_table | Subject 95/230 | MFD_05 | 3 ChoiceWorld DLC sessions; 3 video sessions
2026-07-24 14:33:43,228 | INFO | 01_build_trial_table | Subject 95/230 | MFD_05 | session 1/3 | loading 004d8fd5-41e7-4f1b-a45b-0d4ad76fe446
2026-07-24 14:33:46,138 | INFO | 01_build_trial_table | Loaded 004d8fd5-41e7-4f1b-a45b-0d4ad76fe446 | trials=692 | choices=692 | session time=3s | cumulative sessions=314/315 | cumulative trials=216146
2026-07-24 14:33:46,138 | INFO | 01_build_trial_table | Subject 95/230 | MFD_05 | session 2/3 | loading 7dd27c2f-9544-448d-918d-be0f9837b0e0
2026-07-24 14:33:48,656 | INFO | 01_build_trial_table | Loaded 7dd27c2f-9544-448d-918d-be0f9837b0e0 | trials=525 | choices=524 | session time=3s | cumulative sessions=315/316 | cumulative trials=216671
2026-07-24 14:33:48,656 | INFO | 01_build_trial_table | Subject 95/230 | MFD_05 | session 3/3 | loading ca4ecb4c-4b60-4723-9b9e-2c54a6290a53
2026-07-24 14:33:51,461 | INFO | 01_build_trial_table | Loaded ca4ecb4c-4b60-4723-9b9e-2c54a6290a53 | trials=620 | choices=620 | session time=3s | cumulative sessions=316/317 | cumulative trials=217291
2026-07-24 14:33:51,461 | INFO | 01_build_trial_table | Subject 95/230 | MFD_05 complete | elapsed=11s | total loaded sessions=316 | total trials=217291
2026-07-24 14:33:51,461 | INFO | 01_build_trial_table | Subject 96/230 | MFD_06 | starting discovery
2026-07-24 14:33:52,128 | INFO | 01_build_trial_table | Subject MFD_06: querying left-camera DLC sessions
2026-07-24 14:33:52,546 | INFO | 01_build_trial_table | Subject MFD_06: checking task protocol for 5 DLC sessions
2026-07-24 14:33:54,510 | INFO | 01_build_trial_table | Subject MFD_06: protocol checks 5/5 (5 ChoiceWorld)
2026-07-24 14:33:54,510 | INFO | 01_build_trial_table | Subject MFD_06: querying raw left-camera video sessions
2026-07-24 14:33:54,917 | INFO | 01_build_trial_table | Subject MFD_06: found 5 raw-video sessions
2026-07-24 14:33:54,917 | INFO | 01_build_trial_table | Subject 96/230 | MFD_06 | 5 ChoiceWorld DLC sessions; 5 video sessions
2026-07-24 14:33:54,917 | INFO | 01_build_trial_table | Subject 96/230 | MFD_06 | session 1/5 | loading 35eeb752-8f4f-4040-9714-ba0f5b7ccdfe
2026-07-24 14:33:57,457 | INFO | 01_build_trial_table | Loaded 35eeb752-8f4f-4040-9714-ba0f5b7ccdfe | trials=762 | choices=762 | session time=3s | cumulative sessions=317/318 | cumulative trials=218053
2026-07-24 14:33:57,457 | INFO | 01_build_trial_table | Subject 96/230 | MFD_06 | session 2/5 | loading 3f71aa98-08c6-4e79-b4c8-00eae4f03eff
2026-07-24 14:34:00,019 | INFO | 01_build_trial_table | Loaded 3f71aa98-08c6-4e79-b4c8-00eae4f03eff | trials=672 | choices=670 | session time=3s | cumulative sessions=318/319 | cumulative trials=218725
2026-07-24 14:34:00,020 | INFO | 01_build_trial_table | Subject 96/230 | MFD_06 | session 3/5 | loading 6899a67d-2e53-4215-a52a-c7021b5da5d4
2026-07-24 14:34:02,765 | INFO | 01_build_trial_table | Loaded 6899a67d-2e53-4215-a52a-c7021b5da5d4 | trials=402 | choices=381 | session time=3s | cumulative sessions=319/320 | cumulative trials=219127
2026-07-24 14:34:02,765 | INFO | 01_build_trial_table | Subject 96/230 | MFD_06 | session 4/5 | loading 97c1d08d-57b4-4595-8052-91eb84ebfd74
2026-07-24 14:34:05,319 | INFO | 01_build_trial_table | Loaded 97c1d08d-57b4-4595-8052-91eb84ebfd74 | trials=779 | choices=779 | session time=3s | cumulative sessions=320/321 | cumulative trials=219906
2026-07-24 14:34:05,320 | INFO | 01_build_trial_table | Subject 96/230 | MFD_06 | session 5/5 | loading a1782f4f-86b0-480c-a7f2-3d8f1ab482ab
2026-07-24 14:34:07,935 | INFO | 01_build_trial_table | Loaded a1782f4f-86b0-480c-a7f2-3d8f1ab482ab | trials=741 | choices=741 | session time=3s | cumulative sessions=321/322 | cumulative trials=220647
2026-07-24 14:34:07,935 | INFO | 01_build_trial_table | Subject 96/230 | MFD_06 complete | elapsed=16s | total loaded sessions=321 | total trials=220647
2026-07-24 14:34:07,935 | INFO | 01_build_trial_table | Subject 97/230 | MFD_07 | starting discovery
2026-07-24 14:34:08,590 | INFO | 01_build_trial_table | Subject MFD_07: querying left-camera DLC sessions
2026-07-24 14:34:09,017 | INFO | 01_build_trial_table | Subject MFD_07: checking task protocol for 3 DLC sessions
2026-07-24 14:34:10,191 | INFO | 01_build_trial_table | Subject MFD_07: protocol checks 3/3 (3 ChoiceWorld)
2026-07-24 14:34:10,192 | INFO | 01_build_trial_table | Subject MFD_07: querying raw left-camera video sessions
2026-07-24 14:34:10,613 | INFO | 01_build_trial_table | Subject MFD_07: found 3 raw-video sessions
2026-07-24 14:34:10,613 | INFO | 01_build_trial_table | Subject 97/230 | MFD_07 | 3 ChoiceWorld DLC sessions; 3 video sessions
2026-07-24 14:34:10,613 | INFO | 01_build_trial_table | Subject 97/230 | MFD_07 | session 1/3 | loading 11163613-a6c9-4975-9586-84dc00481547
2026-07-24 14:34:13,224 | INFO | 01_build_trial_table | Loaded 11163613-a6c9-4975-9586-84dc00481547 | trials=816 | choices=815 | session time=3s | cumulative sessions=322/323 | cumulative trials=221463
2026-07-24 14:34:13,224 | INFO | 01_build_trial_table | Subject 97/230 | MFD_07 | session 2/3 | loading 15b69921-d471-4ded-8814-2adad954bcd8
2026-07-24 14:34:16,049 | INFO | 01_build_trial_table | Loaded 15b69921-d471-4ded-8814-2adad954bcd8 | trials=825 | choices=822 | session time=3s | cumulative sessions=323/324 | cumulative trials=222288
2026-07-24 14:34:16,049 | INFO | 01_build_trial_table | Subject 97/230 | MFD_07 | session 3/3 | loading c46b8def-620d-4d70-9397-be5694255f73
2026-07-24 14:34:18,581 | INFO | 01_build_trial_table | Loaded c46b8def-620d-4d70-9397-be5694255f73 | trials=720 | choices=719 | session time=3s | cumulative sessions=324/325 | cumulative trials=223008
2026-07-24 14:34:18,582 | INFO | 01_build_trial_table | Subject 97/230 | MFD_07 complete | elapsed=11s | total loaded sessions=324 | total trials=223008
2026-07-24 14:34:18,582 | INFO | 01_build_trial_table | Subject 98/230 | MFD_08 | starting discovery
2026-07-24 14:34:19,264 | INFO | 01_build_trial_table | Subject MFD_08: querying left-camera DLC sessions
2026-07-24 14:34:19,673 | INFO | 01_build_trial_table | Subject MFD_08: checking task protocol for 2 DLC sessions
2026-07-24 14:34:20,485 | INFO | 01_build_trial_table | Subject MFD_08: protocol checks 2/2 (2 ChoiceWorld)
2026-07-24 14:34:20,485 | INFO | 01_build_trial_table | Subject MFD_08: querying raw left-camera video sessions
2026-07-24 14:34:20,912 | INFO | 01_build_trial_table | Subject MFD_08: found 2 raw-video sessions
2026-07-24 14:34:20,912 | INFO | 01_build_trial_table | Subject 98/230 | MFD_08 | 2 ChoiceWorld DLC sessions; 2 video sessions
2026-07-24 14:34:20,912 | INFO | 01_build_trial_table | Subject 98/230 | MFD_08 | session 1/2 | loading 5ae68c54-2897-4d3a-8120-426150704385
2026-07-24 14:34:23,702 | INFO | 01_build_trial_table | Loaded 5ae68c54-2897-4d3a-8120-426150704385 | trials=740 | choices=740 | session time=3s | cumulative sessions=325/326 | cumulative trials=223748
2026-07-24 14:34:23,702 | INFO | 01_build_trial_table | Subject 98/230 | MFD_08 | session 2/2 | loading a7eba2cf-427f-4df9-879b-e53e962eae18
2026-07-24 14:34:26,579 | INFO | 01_build_trial_table | Loaded a7eba2cf-427f-4df9-879b-e53e962eae18 | trials=789 | choices=789 | session time=3s | cumulative sessions=326/327 | cumulative trials=224537
2026-07-24 14:34:26,579 | INFO | 01_build_trial_table | Subject 98/230 | MFD_08 complete | elapsed=8s | total loaded sessions=326 | total trials=224537
2026-07-24 14:34:26,579 | INFO | 01_build_trial_table | Subject 99/230 | MFD_09 | starting discovery
2026-07-24 14:34:27,276 | INFO | 01_build_trial_table | Subject MFD_09: querying left-camera DLC sessions
2026-07-24 14:34:27,673 | INFO | 01_build_trial_table | Subject MFD_09: checking task protocol for 1 DLC sessions
2026-07-24 14:34:28,071 | INFO | 01_build_trial_table | Subject MFD_09: protocol checks 1/1 (1 ChoiceWorld)
2026-07-24 14:34:28,072 | INFO | 01_build_trial_table | Subject MFD_09: querying raw left-camera video sessions
2026-07-24 14:34:28,486 | INFO | 01_build_trial_table | Subject MFD_09: found 1 raw-video sessions
2026-07-24 14:34:28,487 | INFO | 01_build_trial_table | Subject 99/230 | MFD_09 | 1 ChoiceWorld DLC sessions; 1 video sessions
2026-07-24 14:34:28,487 | INFO | 01_build_trial_table | Subject 99/230 | MFD_09 | session 1/1 | loading ebce500b-c530-47de-8cb1-963c552703ea
2026-07-24 14:34:31,403 | INFO | 01_build_trial_table | Loaded ebce500b-c530-47de-8cb1-963c552703ea | trials=569 | choices=537 | session time=3s | cumulative sessions=327/328 | cumulative trials=225106
2026-07-24 14:34:31,403 | INFO | 01_build_trial_table | Subject 99/230 | MFD_09 complete | elapsed=5s | total loaded sessions=327 | total trials=225106
2026-07-24 14:34:31,403 | INFO | 01_build_trial_table | Subject 100/230 | NR_0017 | starting discovery
2026-07-24 14:34:32,120 | INFO | 01_build_trial_table | Subject NR_0017: querying left-camera DLC sessions
2026-07-24 14:34:32,542 | INFO | 01_build_trial_table | Subject NR_0017: checking task protocol for 1 DLC sessions
2026-07-24 14:34:33,143 | INFO | 01_build_trial_table | Subject NR_0017: protocol checks 1/1 (1 ChoiceWorld)
2026-07-24 14:34:33,143 | INFO | 01_build_trial_table | Subject NR_0017: querying raw left-camera video sessions
2026-07-24 14:34:33,539 | INFO | 01_build_trial_table | Subject NR_0017: found 1 raw-video sessions
2026-07-24 14:34:33,540 | INFO | 01_build_trial_table | Subject 100/230 | NR_0017 | 1 ChoiceWorld DLC sessions; 1 video sessions
2026-07-24 14:34:33,540 | INFO | 01_build_trial_table | Subject 100/230 | NR_0017 | session 1/1 | loading e6043c7d-8f6e-4b66-8309-2ec0abac0f79
2026-07-24 14:34:36,089 | INFO | 01_build_trial_table | Loaded e6043c7d-8f6e-4b66-8309-2ec0abac0f79 | trials=911 | choices=911 | session time=3s | cumulative sessions=328/329 | cumulative trials=226017
2026-07-24 14:34:36,089 | INFO | 01_build_trial_table | Subject 100/230 | NR_0017 complete | elapsed=5s | total loaded sessions=328 | total trials=226017
2026-07-24 14:34:36,089 | INFO | 01_build_trial_table | Subject 101/230 | NR_0019 | starting discovery
2026-07-24 14:34:36,799 | INFO | 01_build_trial_table | Subject NR_0019: querying left-camera DLC sessions
2026-07-24 14:34:37,219 | INFO | 01_build_trial_table | Subject NR_0019: checking task protocol for 3 DLC sessions
2026-07-24 14:34:38,389 | INFO | 01_build_trial_table | Subject NR_0019: protocol checks 3/3 (3 ChoiceWorld)
2026-07-24 14:34:38,389 | INFO | 01_build_trial_table | Subject NR_0019: querying raw left-camera video sessions
2026-07-24 14:34:38,795 | INFO | 01_build_trial_table | Subject NR_0019: found 3 raw-video sessions
2026-07-24 14:34:38,795 | INFO | 01_build_trial_table | Subject 101/230 | NR_0019 | 3 ChoiceWorld DLC sessions; 3 video sessions
2026-07-24 14:34:38,795 | INFO | 01_build_trial_table | Subject 101/230 | NR_0019 | session 1/3 | loading 63c70ae8-4dfb-418b-b21b-f0b1e5fba6c9
2026-07-24 14:34:42,180 | INFO | 01_build_trial_table | Loaded 63c70ae8-4dfb-418b-b21b-f0b1e5fba6c9 | trials=900 | choices=900 | session time=3s | cumulative sessions=329/330 | cumulative trials=226917
2026-07-24 14:34:42,180 | INFO | 01_build_trial_table | Subject 101/230 | NR_0019 | session 2/3 | loading 9b528ad0-4599-4a55-9148-96cc1d93fb24
2026-07-24 14:34:45,045 | INFO | 01_build_trial_table | Loaded 9b528ad0-4599-4a55-9148-96cc1d93fb24 | trials=581 | choices=581 | session time=3s | cumulative sessions=330/331 | cumulative trials=227498
2026-07-24 14:34:45,045 | INFO | 01_build_trial_table | Subject 101/230 | NR_0019 | session 3/3 | loading b887df2c-bb9c-44c9-a9c0-538da87b2cab
2026-07-24 14:34:48,327 | INFO | 01_build_trial_table | Loaded b887df2c-bb9c-44c9-a9c0-538da87b2cab | trials=478 | choices=477 | session time=3s | cumulative sessions=331/332 | cumulative trials=227976
2026-07-24 14:34:48,327 | INFO | 01_build_trial_table | Subject 101/230 | NR_0019 complete | elapsed=12s | total loaded sessions=331 | total trials=227976
2026-07-24 14:34:48,327 | INFO | 01_build_trial_table | Subject 102/230 | NR_0020 | starting discovery
2026-07-24 14:34:49,028 | INFO | 01_build_trial_table | Subject NR_0020: querying left-camera DLC sessions
2026-07-24 14:34:49,439 | INFO | 01_build_trial_table | Subject NR_0020: checking task protocol for 4 DLC sessions
2026-07-24 14:34:50,984 | INFO | 01_build_trial_table | Subject NR_0020: protocol checks 4/4 (4 ChoiceWorld)
2026-07-24 14:34:50,984 | INFO | 01_build_trial_table | Subject NR_0020: querying raw left-camera video sessions
2026-07-24 14:34:51,415 | INFO | 01_build_trial_table | Subject NR_0020: found 4 raw-video sessions
2026-07-24 14:34:51,415 | INFO | 01_build_trial_table | Subject 102/230 | NR_0020 | 4 ChoiceWorld DLC sessions; 4 video sessions
2026-07-24 14:34:51,415 | INFO | 01_build_trial_table | Subject 102/230 | NR_0020 | session 1/4 | loading 3e6a97d3-3991-49e2-b346-6948cb4580fb
2026-07-24 14:34:54,918 | INFO | 01_build_trial_table | Loaded 3e6a97d3-3991-49e2-b346-6948cb4580fb | trials=525 | choices=525 | session time=4s | cumulative sessions=332/333 | cumulative trials=228501
2026-07-24 14:34:54,918 | INFO | 01_build_trial_table | Subject 102/230 | NR_0020 | session 2/4 | loading 5b49aca6-a6f4-4075-931a-617ad64c219c
2026-07-24 14:34:57,517 | INFO | 01_build_trial_table | Loaded 5b49aca6-a6f4-4075-931a-617ad64c219c | trials=773 | choices=773 | session time=3s | cumulative sessions=333/334 | cumulative trials=229274
2026-07-24 14:34:57,517 | INFO | 01_build_trial_table | Subject 102/230 | NR_0020 | session 3/4 | loading d901aff5-2250-467a-b4a1-0cb9729df9e2
2026-07-24 14:35:00,898 | INFO | 01_build_trial_table | Loaded d901aff5-2250-467a-b4a1-0cb9729df9e2 | trials=458 | choices=458 | session time=3s | cumulative sessions=334/335 | cumulative trials=229732
2026-07-24 14:35:00,899 | INFO | 01_build_trial_table | Subject 102/230 | NR_0020 | session 4/4 | loading eacc49a9-f3a1-49f1-b87f-0972f90ee837
2026-07-24 14:35:05,364 | INFO | 01_build_trial_table | Loaded eacc49a9-f3a1-49f1-b87f-0972f90ee837 | trials=817 | choices=817 | session time=4s | cumulative sessions=335/336 | cumulative trials=230549
2026-07-24 14:35:05,364 | INFO | 01_build_trial_table | Subject 102/230 | NR_0020 complete | elapsed=17s | total loaded sessions=335 | total trials=230549
2026-07-24 14:35:05,364 | INFO | 01_build_trial_table | Subject 103/230 | NR_0021 | starting discovery
2026-07-24 14:35:06,062 | INFO | 01_build_trial_table | Subject NR_0021: querying left-camera DLC sessions
2026-07-24 14:35:06,487 | INFO | 01_build_trial_table | Subject NR_0021: checking task protocol for 4 DLC sessions
2026-07-24 14:35:08,064 | INFO | 01_build_trial_table | Subject NR_0021: protocol checks 4/4 (4 ChoiceWorld)
2026-07-24 14:35:08,064 | INFO | 01_build_trial_table | Subject NR_0021: querying raw left-camera video sessions
2026-07-24 14:35:08,480 | INFO | 01_build_trial_table | Subject NR_0021: found 4 raw-video sessions
2026-07-24 14:35:08,481 | INFO | 01_build_trial_table | Subject 103/230 | NR_0021 | 4 ChoiceWorld DLC sessions; 4 video sessions
2026-07-24 14:35:08,481 | INFO | 01_build_trial_table | Subject 103/230 | NR_0021 | session 1/4 | loading 1ca83b26-30fc-4350-a616-c38b7d00d240
2026-07-24 14:35:11,855 | INFO | 01_build_trial_table | Loaded 1ca83b26-30fc-4350-a616-c38b7d00d240 | trials=586 | choices=584 | session time=3s | cumulative sessions=336/337 | cumulative trials=231135
2026-07-24 14:35:11,856 | INFO | 01_build_trial_table | Subject 103/230 | NR_0021 | session 2/4 | loading 27ef44c0-acb2-4220-b776-477d0d5abd35
2026-07-24 14:35:15,400 | INFO | 01_build_trial_table | Loaded 27ef44c0-acb2-4220-b776-477d0d5abd35 | trials=593 | choices=588 | session time=4s | cumulative sessions=337/338 | cumulative trials=231728
2026-07-24 14:35:15,400 | INFO | 01_build_trial_table | Subject 103/230 | NR_0021 | session 3/4 | loading e0928e11-2b86-4387-a203-80c77fab5d52
2026-07-24 14:35:18,660 | INFO | 01_build_trial_table | Loaded e0928e11-2b86-4387-a203-80c77fab5d52 | trials=474 | choices=474 | session time=3s | cumulative sessions=338/339 | cumulative trials=232202
2026-07-24 14:35:18,661 | INFO | 01_build_trial_table | Subject 103/230 | NR_0021 | session 4/4 | loading f115196e-8dfe-4d2a-8af3-8206d93c1729
2026-07-24 14:35:20,821 | INFO | 01_build_trial_table | Loaded f115196e-8dfe-4d2a-8af3-8206d93c1729 | trials=645 | choices=645 | session time=2s | cumulative sessions=339/340 | cumulative trials=232847
2026-07-24 14:35:20,821 | INFO | 01_build_trial_table | Subject 103/230 | NR_0021 complete | elapsed=15s | total loaded sessions=339 | total trials=232847
2026-07-24 14:35:20,822 | INFO | 01_build_trial_table | Subject 104/230 | NR_0024 | starting discovery
2026-07-24 14:35:21,638 | INFO | 01_build_trial_table | Subject NR_0024: querying left-camera DLC sessions
2026-07-24 14:35:22,065 | INFO | 01_build_trial_table | Subject NR_0024: checking task protocol for 4 DLC sessions
2026-07-24 14:35:23,644 | INFO | 01_build_trial_table | Subject NR_0024: protocol checks 4/4 (4 ChoiceWorld)
2026-07-24 14:35:23,644 | INFO | 01_build_trial_table | Subject NR_0024: querying raw left-camera video sessions
2026-07-24 14:35:24,048 | INFO | 01_build_trial_table | Subject NR_0024: found 4 raw-video sessions
2026-07-24 14:35:24,048 | INFO | 01_build_trial_table | Subject 104/230 | NR_0024 | 4 ChoiceWorld DLC sessions; 4 video sessions
2026-07-24 14:35:24,048 | INFO | 01_build_trial_table | Subject 104/230 | NR_0024 | session 1/4 | loading 2d9bfc10-59fb-424a-b699-7c42f86c7871
2026-07-24 14:35:26,745 | INFO | 01_build_trial_table | Loaded 2d9bfc10-59fb-424a-b699-7c42f86c7871 | trials=678 | choices=678 | session time=3s | cumulative sessions=340/341 | cumulative trials=233525
2026-07-24 14:35:26,745 | INFO | 01_build_trial_table | Subject 104/230 | NR_0024 | session 2/4 | loading 3bcb81b4-d9ca-4fc9-a1cd-353a966239ca
2026-07-24 14:35:30,157 | INFO | 01_build_trial_table | Loaded 3bcb81b4-d9ca-4fc9-a1cd-353a966239ca | trials=664 | choices=664 | session time=3s | cumulative sessions=341/342 | cumulative trials=234189
2026-07-24 14:35:30,158 | INFO | 01_build_trial_table | Subject 104/230 | NR_0024 | session 3/4 | loading 7cc74598-9c1b-436b-84fa-0bf89f31adf6
2026-07-24 14:35:33,470 | INFO | 01_build_trial_table | Loaded 7cc74598-9c1b-436b-84fa-0bf89f31adf6 | trials=526 | choices=526 | session time=3s | cumulative sessions=342/343 | cumulative trials=234715
2026-07-24 14:35:33,470 | INFO | 01_build_trial_table | Subject 104/230 | NR_0024 | session 4/4 | loading f4eb56a4-8bf8-4bbc-a8f3-6e6535134bad
2026-07-24 14:35:36,701 | INFO | 01_build_trial_table | Loaded f4eb56a4-8bf8-4bbc-a8f3-6e6535134bad | trials=558 | choices=558 | session time=3s | cumulative sessions=343/344 | cumulative trials=235273
2026-07-24 14:35:36,701 | INFO | 01_build_trial_table | Subject 104/230 | NR_0024 complete | elapsed=16s | total loaded sessions=343 | total trials=235273
2026-07-24 14:35:36,701 | INFO | 01_build_trial_table | Subject 105/230 | NR_0027 | starting discovery
2026-07-24 14:35:37,256 | INFO | 01_build_trial_table | Subject NR_0027: querying left-camera DLC sessions
2026-07-24 14:35:37,667 | INFO | 01_build_trial_table | Subject NR_0027: checking task protocol for 4 DLC sessions
2026-07-24 14:35:39,248 | INFO | 01_build_trial_table | Subject NR_0027: protocol checks 4/4 (4 ChoiceWorld)
2026-07-24 14:35:39,249 | INFO | 01_build_trial_table | Subject NR_0027: querying raw left-camera video sessions
2026-07-24 14:35:39,674 | INFO | 01_build_trial_table | Subject NR_0027: found 4 raw-video sessions
2026-07-24 14:35:39,675 | INFO | 01_build_trial_table | Subject 105/230 | NR_0027 | 4 ChoiceWorld DLC sessions; 4 video sessions
2026-07-24 14:35:39,675 | INFO | 01_build_trial_table | Subject 105/230 | NR_0027 | session 1/4 | loading 0f77ca5d-73c2-45bd-aa4c-4c5ed275dbde
2026-07-24 14:35:42,976 | INFO | 01_build_trial_table | Loaded 0f77ca5d-73c2-45bd-aa4c-4c5ed275dbde | trials=1191 | choices=1191 | session time=3s | cumulative sessions=344/345 | cumulative trials=236464
2026-07-24 14:35:42,976 | INFO | 01_build_trial_table | Subject 105/230 | NR_0027 | session 2/4 | loading 195443eb-08e9-4a18-a7e1-d105b2ce1429
2026-07-24 14:35:45,595 | INFO | 01_build_trial_table | Loaded 195443eb-08e9-4a18-a7e1-d105b2ce1429 | trials=1037 | choices=1037 | session time=3s | cumulative sessions=345/346 | cumulative trials=237501
2026-07-24 14:35:45,595 | INFO | 01_build_trial_table | Subject 105/230 | NR_0027 | session 3/4 | loading 6c6b0d06-6039-4525-a74b-58cfaa1d3a60
2026-07-24 14:35:49,060 | INFO | 01_build_trial_table | Loaded 6c6b0d06-6039-4525-a74b-58cfaa1d3a60 | trials=1006 | choices=1006 | session time=3s | cumulative sessions=346/347 | cumulative trials=238507
2026-07-24 14:35:49,061 | INFO | 01_build_trial_table | Subject 105/230 | NR_0027 | session 4/4 | loading ae8787b1-4229-4d56-b0c2-566b61a25b77
2026-07-24 14:35:52,748 | INFO | 01_build_trial_table | Loaded ae8787b1-4229-4d56-b0c2-566b61a25b77 | trials=885 | choices=885 | session time=4s | cumulative sessions=347/348 | cumulative trials=239392
2026-07-24 14:35:52,749 | INFO | 01_build_trial_table | Subject 105/230 | NR_0027 complete | elapsed=16s | total loaded sessions=347 | total trials=239392
2026-07-24 14:35:52,749 | INFO | 01_build_trial_table | Subject 106/230 | NR_0028 | starting discovery
2026-07-24 14:35:53,267 | INFO | 01_build_trial_table | Subject NR_0028: querying left-camera DLC sessions
2026-07-24 14:35:53,690 | INFO | 01_build_trial_table | Subject NR_0028: checking task protocol for 5 DLC sessions
2026-07-24 14:35:55,662 | INFO | 01_build_trial_table | Subject NR_0028: protocol checks 5/5 (5 ChoiceWorld)
2026-07-24 14:35:55,662 | INFO | 01_build_trial_table | Subject NR_0028: querying raw left-camera video sessions
2026-07-24 14:35:56,072 | INFO | 01_build_trial_table | Subject NR_0028: found 5 raw-video sessions
2026-07-24 14:35:56,072 | INFO | 01_build_trial_table | Subject 106/230 | NR_0028 | 5 ChoiceWorld DLC sessions; 5 video sessions
2026-07-24 14:35:56,072 | INFO | 01_build_trial_table | Subject 106/230 | NR_0028 | session 1/5 | loading 28338153-4113-485b-835b-91cb96d984f2
2026-07-24 14:35:58,686 | INFO | 01_build_trial_table | Loaded 28338153-4113-485b-835b-91cb96d984f2 | trials=906 | choices=906 | session time=3s | cumulative sessions=348/349 | cumulative trials=240298
2026-07-24 14:35:58,686 | INFO | 01_build_trial_table | Subject 106/230 | NR_0028 | session 2/5 | loading 29a6def1-fc5c-4eea-ac48-47e9b053dcb5
2026-07-24 14:36:01,656 | INFO | 01_build_trial_table | Loaded 29a6def1-fc5c-4eea-ac48-47e9b053dcb5 | trials=834 | choices=834 | session time=3s | cumulative sessions=349/350 | cumulative trials=241132
2026-07-24 14:36:01,657 | INFO | 01_build_trial_table | Subject 106/230 | NR_0028 | session 3/5 | loading 5c0c560e-9e1f-45e9-b66e-e4ee7855be84
2026-07-24 14:36:05,813 | INFO | 01_build_trial_table | Loaded 5c0c560e-9e1f-45e9-b66e-e4ee7855be84 | trials=1100 | choices=1100 | session time=4s | cumulative sessions=350/351 | cumulative trials=242232
2026-07-24 14:36:05,813 | INFO | 01_build_trial_table | Subject 106/230 | NR_0028 | session 4/5 | loading c958919c-2e75-435d-845d-5b62190b520e
2026-07-24 14:36:08,471 | INFO | 01_build_trial_table | Loaded c958919c-2e75-435d-845d-5b62190b520e | trials=788 | choices=788 | session time=3s | cumulative sessions=351/352 | cumulative trials=243020
2026-07-24 14:36:08,471 | INFO | 01_build_trial_table | Subject 106/230 | NR_0028 | session 5/5 | loading f56194bc-8215-4ae8-bc6a-89781ad8e050
2026-07-24 14:36:11,812 | INFO | 01_build_trial_table | Loaded f56194bc-8215-4ae8-bc6a-89781ad8e050 | trials=696 | choices=696 | session time=3s | cumulative sessions=352/353 | cumulative trials=243716
2026-07-24 14:36:11,812 | INFO | 01_build_trial_table | Subject 106/230 | NR_0028 complete | elapsed=19s | total loaded sessions=352 | total trials=243716
2026-07-24 14:36:11,812 | INFO | 01_build_trial_table | Subject 107/230 | NR_0029 | starting discovery
2026-07-24 14:36:12,588 | INFO | 01_build_trial_table | Subject NR_0029: querying left-camera DLC sessions
2026-07-24 14:36:12,996 | INFO | 01_build_trial_table | Subject NR_0029: checking task protocol for 5 DLC sessions
2026-07-24 14:36:14,955 | INFO | 01_build_trial_table | Subject NR_0029: protocol checks 5/5 (5 ChoiceWorld)
2026-07-24 14:36:14,955 | INFO | 01_build_trial_table | Subject NR_0029: querying raw left-camera video sessions
2026-07-24 14:36:15,370 | INFO | 01_build_trial_table | Subject NR_0029: found 5 raw-video sessions
2026-07-24 14:36:15,370 | INFO | 01_build_trial_table | Subject 107/230 | NR_0029 | 5 ChoiceWorld DLC sessions; 5 video sessions
2026-07-24 14:36:15,370 | INFO | 01_build_trial_table | Subject 107/230 | NR_0029 | session 1/5 | loading 3a3ea015-b5f4-4e8b-b189-9364d1fc7435
2026-07-24 14:36:17,970 | INFO | 01_build_trial_table | Loaded 3a3ea015-b5f4-4e8b-b189-9364d1fc7435 | trials=401 | choices=392 | session time=3s | cumulative sessions=353/354 | cumulative trials=244117
2026-07-24 14:36:17,971 | INFO | 01_build_trial_table | Subject 107/230 | NR_0029 | session 2/5 | loading 4e560423-5caf-4cda-8511-d1ab4cd2bf7d
2026-07-24 14:36:20,566 | INFO | 01_build_trial_table | Loaded 4e560423-5caf-4cda-8511-d1ab4cd2bf7d | trials=575 | choices=571 | session time=3s | cumulative sessions=354/355 | cumulative trials=244692
2026-07-24 14:36:20,566 | INFO | 01_build_trial_table | Subject 107/230 | NR_0029 | session 3/5 | loading d85c454e-8737-4cba-b6ad-b2339429d99b
2026-07-24 14:36:23,103 | INFO | 01_build_trial_table | Loaded d85c454e-8737-4cba-b6ad-b2339429d99b | trials=413 | choices=408 | session time=3s | cumulative sessions=355/356 | cumulative trials=245105
2026-07-24 14:36:23,103 | INFO | 01_build_trial_table | Subject 107/230 | NR_0029 | session 4/5 | loading de905562-31c6-4c31-9ece-3ee87b97eab4
2026-07-24 14:36:25,643 | INFO | 01_build_trial_table | Loaded de905562-31c6-4c31-9ece-3ee87b97eab4 | trials=401 | choices=395 | session time=3s | cumulative sessions=356/357 | cumulative trials=245506
2026-07-24 14:36:25,643 | INFO | 01_build_trial_table | Subject 107/230 | NR_0029 | session 5/5 | loading e6594a5b-552c-421a-b376-1a1baa9dc4fd
2026-07-24 14:36:28,208 | INFO | 01_build_trial_table | Loaded e6594a5b-552c-421a-b376-1a1baa9dc4fd | trials=401 | choices=392 | session time=3s | cumulative sessions=357/358 | cumulative trials=245907
2026-07-24 14:36:28,208 | INFO | 01_build_trial_table | Subject 107/230 | NR_0029 complete | elapsed=16s | total loaded sessions=357 | total trials=245907
2026-07-24 14:36:28,208 | INFO | 01_build_trial_table | Subject 108/230 | NR_0031 | starting discovery
2026-07-24 14:36:28,828 | INFO | 01_build_trial_table | Subject NR_0031: querying left-camera DLC sessions
2026-07-24 14:36:29,236 | INFO | 01_build_trial_table | Subject NR_0031: checking task protocol for 2 DLC sessions
2026-07-24 14:36:30,011 | INFO | 01_build_trial_table | Subject NR_0031: protocol checks 2/2 (2 ChoiceWorld)
2026-07-24 14:36:30,012 | INFO | 01_build_trial_table | Subject NR_0031: querying raw left-camera video sessions
2026-07-24 14:36:30,416 | INFO | 01_build_trial_table | Subject NR_0031: found 2 raw-video sessions
2026-07-24 14:36:30,416 | INFO | 01_build_trial_table | Subject 108/230 | NR_0031 | 2 ChoiceWorld DLC sessions; 2 video sessions
2026-07-24 14:36:30,417 | INFO | 01_build_trial_table | Subject 108/230 | NR_0031 | session 1/2 | loading 642c97ea-fe89-4ec9-8629-5e492ea4019d
2026-07-24 14:36:33,710 | INFO | 01_build_trial_table | Loaded 642c97ea-fe89-4ec9-8629-5e492ea4019d | trials=489 | choices=488 | session time=3s | cumulative sessions=358/359 | cumulative trials=246396
2026-07-24 14:36:33,710 | INFO | 01_build_trial_table | Subject 108/230 | NR_0031 | session 2/2 | loading caa5dddc-9290-4e27-9f5e-575ba3598614
2026-07-24 14:36:37,399 | INFO | 01_build_trial_table | Loaded caa5dddc-9290-4e27-9f5e-575ba3598614 | trials=404 | choices=404 | session time=4s | cumulative sessions=359/360 | cumulative trials=246800
2026-07-24 14:36:37,399 | INFO | 01_build_trial_table | Subject 108/230 | NR_0031 complete | elapsed=9s | total loaded sessions=359 | total trials=246800
2026-07-24 14:36:37,399 | INFO | 01_build_trial_table | Subject 109/230 | NYU-08 | starting discovery
2026-07-24 14:36:38,634 | INFO | 01_build_trial_table | Subject NYU-08: querying left-camera DLC sessions
2026-07-24 14:36:39,040 | INFO | 01_build_trial_table | Subject NYU-08: checking task protocol for 2 DLC sessions
2026-07-24 14:36:39,828 | INFO | 01_build_trial_table | Subject NYU-08: protocol checks 2/2 (2 ChoiceWorld)
2026-07-24 14:36:39,828 | INFO | 01_build_trial_table | Subject NYU-08: querying raw left-camera video sessions
2026-07-24 14:36:40,228 | INFO | 01_build_trial_table | Subject NYU-08: found 2 raw-video sessions
2026-07-24 14:36:40,229 | INFO | 01_build_trial_table | Subject 109/230 | NYU-08 | 2 ChoiceWorld DLC sessions; 2 video sessions
2026-07-24 14:36:40,229 | INFO | 01_build_trial_table | Subject 109/230 | NYU-08 | session 1/2 | loading 37602f31-1b09-4fc9-87b8-cc13b922d0e6
2026-07-24 14:36:42,331 | INFO | 01_build_trial_table | Loaded 37602f31-1b09-4fc9-87b8-cc13b922d0e6 | trials=409 | choices=406 | session time=2s | cumulative sessions=360/361 | cumulative trials=247209
2026-07-24 14:36:42,331 | INFO | 01_build_trial_table | Subject 109/230 | NYU-08 | session 2/2 | loading fee6dd62-01d9-42d2-bcc1-5a7e27244edc
2026-07-24 14:36:44,486 | INFO | 01_build_trial_table | Loaded fee6dd62-01d9-42d2-bcc1-5a7e27244edc | trials=492 | choices=492 | session time=2s | cumulative sessions=361/362 | cumulative trials=247701
2026-07-24 14:36:44,486 | INFO | 01_build_trial_table | Subject 109/230 | NYU-08 complete | elapsed=7s | total loaded sessions=361 | total trials=247701
2026-07-24 14:36:44,486 | INFO | 01_build_trial_table | Subject 110/230 | NYU-11 | starting discovery
2026-07-24 14:36:45,682 | INFO | 01_build_trial_table | Subject NYU-11: querying left-camera DLC sessions
2026-07-24 14:36:46,111 | INFO | 01_build_trial_table | Subject NYU-11: checking task protocol for 2 DLC sessions
2026-07-24 14:36:46,882 | INFO | 01_build_trial_table | Subject NYU-11: protocol checks 2/2 (2 ChoiceWorld)
2026-07-24 14:36:46,882 | INFO | 01_build_trial_table | Subject NYU-11: querying raw left-camera video sessions
2026-07-24 14:36:47,294 | INFO | 01_build_trial_table | Subject NYU-11: found 2 raw-video sessions
2026-07-24 14:36:47,294 | INFO | 01_build_trial_table | Subject 110/230 | NYU-11 | 2 ChoiceWorld DLC sessions; 2 video sessions
2026-07-24 14:36:47,294 | INFO | 01_build_trial_table | Subject 110/230 | NYU-11 | session 1/2 | loading 56956777-dca5-468c-87cb-78150432cc57
2026-07-24 14:36:50,567 | INFO | 01_build_trial_table | Loaded 56956777-dca5-468c-87cb-78150432cc57 | trials=425 | choices=423 | session time=3s | cumulative sessions=362/363 | cumulative trials=248126
2026-07-24 14:36:50,567 | INFO | 01_build_trial_table | Subject 110/230 | NYU-11 | session 2/2 | loading 6713a4a7-faed-4df2-acab-ee4e63326f8d
2026-07-24 14:36:53,122 | INFO | 01_build_trial_table | Loaded 6713a4a7-faed-4df2-acab-ee4e63326f8d | trials=565 | choices=556 | session time=3s | cumulative sessions=363/364 | cumulative trials=248691
2026-07-24 14:36:53,122 | INFO | 01_build_trial_table | Subject 110/230 | NYU-11 complete | elapsed=9s | total loaded sessions=363 | total trials=248691
2026-07-24 14:36:53,122 | INFO | 01_build_trial_table | Subject 111/230 | NYU-12 | starting discovery
2026-07-24 14:36:53,994 | INFO | 01_build_trial_table | Subject NYU-12: querying left-camera DLC sessions
2026-07-24 14:36:54,403 | INFO | 01_build_trial_table | Subject NYU-12: checking task protocol for 3 DLC sessions
2026-07-24 14:36:55,558 | INFO | 01_build_trial_table | Subject NYU-12: protocol checks 3/3 (3 ChoiceWorld)
2026-07-24 14:36:55,558 | INFO | 01_build_trial_table | Subject NYU-12: querying raw left-camera video sessions
2026-07-24 14:36:55,966 | INFO | 01_build_trial_table | Subject NYU-12: found 3 raw-video sessions
2026-07-24 14:36:55,966 | INFO | 01_build_trial_table | Subject 111/230 | NYU-12 | 3 ChoiceWorld DLC sessions; 3 video sessions
2026-07-24 14:36:55,966 | INFO | 01_build_trial_table | Subject 111/230 | NYU-12 | session 1/3 | loading 032ffcdf-7692-40b3-b9ff-8def1fc18b2e
2026-07-24 14:36:59,205 | INFO | 01_build_trial_table | Loaded 032ffcdf-7692-40b3-b9ff-8def1fc18b2e | trials=581 | choices=580 | session time=3s | cumulative sessions=364/365 | cumulative trials=249272
2026-07-24 14:36:59,205 | INFO | 01_build_trial_table | Subject 111/230 | NYU-12 | session 2/3 | loading 4364a246-f8d7-4ce7-ba23-a098104b96e4
2026-07-24 14:37:02,268 | INFO | 01_build_trial_table | Loaded 4364a246-f8d7-4ce7-ba23-a098104b96e4 | trials=557 | choices=555 | session time=3s | cumulative sessions=365/366 | cumulative trials=249829
2026-07-24 14:37:02,268 | INFO | 01_build_trial_table | Subject 111/230 | NYU-12 | session 3/3 | loading a8a8af78-16de-4841-ab07-fde4b5281a03
2026-07-24 14:37:05,832 | INFO | 01_build_trial_table | Loaded a8a8af78-16de-4841-ab07-fde4b5281a03 | trials=550 | choices=539 | session time=4s | cumulative sessions=366/367 | cumulative trials=250379
2026-07-24 14:37:05,832 | INFO | 01_build_trial_table | Subject 111/230 | NYU-12 complete | elapsed=13s | total loaded sessions=366 | total trials=250379
2026-07-24 14:37:05,832 | INFO | 01_build_trial_table | Subject 112/230 | NYU-21 | starting discovery
2026-07-24 14:37:06,625 | INFO | 01_build_trial_table | Subject NYU-21: querying left-camera DLC sessions
2026-07-24 14:37:07,033 | INFO | 01_build_trial_table | Subject NYU-21: checking task protocol for 3 DLC sessions
2026-07-24 14:37:08,237 | INFO | 01_build_trial_table | Subject NYU-21: protocol checks 3/3 (3 ChoiceWorld)
2026-07-24 14:37:08,237 | INFO | 01_build_trial_table | Subject NYU-21: querying raw left-camera video sessions
2026-07-24 14:37:08,647 | INFO | 01_build_trial_table | Subject NYU-21: found 3 raw-video sessions
2026-07-24 14:37:08,647 | INFO | 01_build_trial_table | Subject 112/230 | NYU-21 | 3 ChoiceWorld DLC sessions; 3 video sessions
2026-07-24 14:37:08,647 | INFO | 01_build_trial_table | Subject 112/230 | NYU-21 | session 1/3 | loading 61e11a11-ab65-48fb-ae08-3cb80662e5d6
2026-07-24 14:37:10,790 | INFO | 01_build_trial_table | Loaded 61e11a11-ab65-48fb-ae08-3cb80662e5d6 | trials=891 | choices=888 | session time=2s | cumulative sessions=367/368 | cumulative trials=251270
2026-07-24 14:37:10,790 | INFO | 01_build_trial_table | Subject 112/230 | NYU-21 | session 2/3 | loading 8c33abef-3d3e-4d42-9f27-445e9def08f9
2026-07-24 14:37:14,137 | INFO | 01_build_trial_table | Loaded 8c33abef-3d3e-4d42-9f27-445e9def08f9 | trials=721 | choices=719 | session time=3s | cumulative sessions=368/369 | cumulative trials=251991
2026-07-24 14:37:14,137 | INFO | 01_build_trial_table | Subject 112/230 | NYU-21 | session 3/3 | loading ebe2efe3-e8a1-451a-8947-76ef42427cc9
2026-07-24 14:37:17,939 | INFO | 01_build_trial_table | Loaded ebe2efe3-e8a1-451a-8947-76ef42427cc9 | trials=672 | choices=672 | session time=4s | cumulative sessions=369/370 | cumulative trials=252663
2026-07-24 14:37:17,940 | INFO | 01_build_trial_table | Subject 112/230 | NYU-21 complete | elapsed=12s | total loaded sessions=369 | total trials=252663
2026-07-24 14:37:17,940 | INFO | 01_build_trial_table | Subject 113/230 | NYU-26 | starting discovery
2026-07-24 14:37:18,715 | INFO | 01_build_trial_table | Subject NYU-26: querying left-camera DLC sessions
2026-07-24 14:37:19,118 | INFO | 01_build_trial_table | Subject NYU-26: checking task protocol for 1 DLC sessions
2026-07-24 14:37:19,501 | INFO | 01_build_trial_table | Subject NYU-26: protocol checks 1/1 (1 ChoiceWorld)
2026-07-24 14:37:19,501 | INFO | 01_build_trial_table | Subject NYU-26: querying raw left-camera video sessions
2026-07-24 14:37:19,905 | INFO | 01_build_trial_table | Subject NYU-26: found 1 raw-video sessions
2026-07-24 14:37:19,905 | INFO | 01_build_trial_table | Subject 113/230 | NYU-26 | 1 ChoiceWorld DLC sessions; 1 video sessions
2026-07-24 14:37:19,905 | INFO | 01_build_trial_table | Subject 113/230 | NYU-26 | session 1/1 | loading 71e55bfe-5a3a-4cba-bdc7-f085140d798e
2026-07-24 14:37:22,342 | INFO | 01_build_trial_table | Loaded 71e55bfe-5a3a-4cba-bdc7-f085140d798e | trials=1146 | choices=1146 | session time=2s | cumulative sessions=370/371 | cumulative trials=253809
2026-07-24 14:37:22,343 | INFO | 01_build_trial_table | Subject 113/230 | NYU-26 complete | elapsed=4s | total loaded sessions=370 | total trials=253809
2026-07-24 14:37:22,343 | INFO | 01_build_trial_table | Subject 114/230 | NYU-28 | starting discovery
2026-07-24 14:37:23,427 | INFO | 01_build_trial_table | Subject NYU-28: querying left-camera DLC sessions
2026-07-24 14:37:23,833 | INFO | 01_build_trial_table | Subject NYU-28: checking task protocol for 4 DLC sessions
2026-07-24 14:37:25,433 | INFO | 01_build_trial_table | Subject NYU-28: protocol checks 4/4 (4 ChoiceWorld)
2026-07-24 14:37:25,434 | INFO | 01_build_trial_table | Subject NYU-28: querying raw left-camera video sessions
2026-07-24 14:37:25,842 | INFO | 01_build_trial_table | Subject NYU-28: found 4 raw-video sessions
2026-07-24 14:37:25,842 | INFO | 01_build_trial_table | Subject 114/230 | NYU-28 | 4 ChoiceWorld DLC sessions; 4 video sessions
2026-07-24 14:37:25,843 | INFO | 01_build_trial_table | Subject 114/230 | NYU-28 | session 1/4 | loading 2573a6a3-deea-40e2-a2de-45d4c4ccb628
2026-07-24 14:37:28,314 | INFO | 01_build_trial_table | Loaded 2573a6a3-deea-40e2-a2de-45d4c4ccb628 | trials=329 | choices=317 | session time=2s | cumulative sessions=371/372 | cumulative trials=254138
2026-07-24 14:37:28,315 | INFO | 01_build_trial_table | Subject 114/230 | NYU-28 | session 2/4 | loading 7a2734eb-90bb-4bf6-8292-05efede0ea4d
2026-07-24 14:37:30,768 | INFO | 01_build_trial_table | Loaded 7a2734eb-90bb-4bf6-8292-05efede0ea4d | trials=651 | choices=646 | session time=2s | cumulative sessions=372/373 | cumulative trials=254789
2026-07-24 14:37:30,769 | INFO | 01_build_trial_table | Subject 114/230 | NYU-28 | session 3/4 | loading a7b8d51e-42f9-4c0c-96eb-52f2836c05fd
2026-07-24 14:37:33,187 | INFO | 01_build_trial_table | Loaded a7b8d51e-42f9-4c0c-96eb-52f2836c05fd | trials=564 | choices=555 | session time=2s | cumulative sessions=373/374 | cumulative trials=255353
2026-07-24 14:37:33,188 | INFO | 01_build_trial_table | Subject 114/230 | NYU-28 | session 4/4 | loading e229abcd-7ac1-4ed6-85d1-34a32dc52467
2026-07-24 14:37:35,624 | INFO | 01_build_trial_table | Loaded e229abcd-7ac1-4ed6-85d1-34a32dc52467 | trials=1059 | choices=1059 | session time=2s | cumulative sessions=374/375 | cumulative trials=256412
2026-07-24 14:37:35,624 | INFO | 01_build_trial_table | Subject 114/230 | NYU-28 complete | elapsed=13s | total loaded sessions=374 | total trials=256412
2026-07-24 14:37:35,624 | INFO | 01_build_trial_table | Subject 115/230 | NYU-29 | starting discovery
2026-07-24 14:37:36,178 | INFO | 01_build_trial_table | Subject NYU-29: querying left-camera DLC sessions
2026-07-24 14:37:36,575 | INFO | 01_build_trial_table | Subject NYU-29: checking task protocol for 1 DLC sessions
2026-07-24 14:37:36,959 | INFO | 01_build_trial_table | Subject NYU-29: protocol checks 1/1 (1 ChoiceWorld)
2026-07-24 14:37:36,959 | INFO | 01_build_trial_table | Subject NYU-29: querying raw left-camera video sessions
2026-07-24 14:37:37,356 | INFO | 01_build_trial_table | Subject NYU-29: found 1 raw-video sessions
2026-07-24 14:37:37,357 | INFO | 01_build_trial_table | Subject 115/230 | NYU-29 | 1 ChoiceWorld DLC sessions; 1 video sessions
2026-07-24 14:37:37,357 | INFO | 01_build_trial_table | Subject 115/230 | NYU-29 | session 1/1 | loading 754b74d5-7a06-4004-ae0c-72a10b6ed2e6
2026-07-24 14:37:39,486 | INFO | 01_build_trial_table | Loaded 754b74d5-7a06-4004-ae0c-72a10b6ed2e6 | trials=1028 | choices=1019 | session time=2s | cumulative sessions=375/376 | cumulative trials=257440
2026-07-24 14:37:39,486 | INFO | 01_build_trial_table | Subject 115/230 | NYU-29 complete | elapsed=4s | total loaded sessions=375 | total trials=257440
2026-07-24 14:37:39,486 | INFO | 01_build_trial_table | Subject 116/230 | NYU-30 | starting discovery
2026-07-24 14:37:40,224 | INFO | 01_build_trial_table | Subject NYU-30: querying left-camera DLC sessions
2026-07-24 14:37:40,636 | INFO | 01_build_trial_table | Subject NYU-30: checking task protocol for 4 DLC sessions
2026-07-24 14:37:42,235 | INFO | 01_build_trial_table | Subject NYU-30: protocol checks 4/4 (4 ChoiceWorld)
2026-07-24 14:37:42,235 | INFO | 01_build_trial_table | Subject NYU-30: querying raw left-camera video sessions
2026-07-24 14:37:42,638 | INFO | 01_build_trial_table | Subject NYU-30: found 4 raw-video sessions
2026-07-24 14:37:42,639 | INFO | 01_build_trial_table | Subject 116/230 | NYU-30 | 4 ChoiceWorld DLC sessions; 4 video sessions
2026-07-24 14:37:42,639 | INFO | 01_build_trial_table | Subject 116/230 | NYU-30 | session 1/4 | loading 5569f363-0934-464e-9a5b-77c8e67791a1
2026-07-24 14:37:45,247 | INFO | 01_build_trial_table | Loaded 5569f363-0934-464e-9a5b-77c8e67791a1 | trials=717 | choices=714 | session time=3s | cumulative sessions=376/377 | cumulative trials=258157
2026-07-24 14:37:45,248 | INFO | 01_build_trial_table | Subject 116/230 | NYU-30 | session 2/4 | loading 5ec72172-3901-4771-8777-6e9490ca51fc
2026-07-24 14:37:48,710 | INFO | 01_build_trial_table | Loaded 5ec72172-3901-4771-8777-6e9490ca51fc | trials=933 | choices=930 | session time=3s | cumulative sessions=377/378 | cumulative trials=259090
2026-07-24 14:37:48,710 | INFO | 01_build_trial_table | Subject 116/230 | NYU-30 | session 3/4 | loading 7691eeb3-715b-4571-8fda-6bb57aab8253
2026-07-24 14:37:50,674 | INFO | 01_build_trial_table | Loaded 7691eeb3-715b-4571-8fda-6bb57aab8253 | trials=785 | choices=785 | session time=2s | cumulative sessions=378/379 | cumulative trials=259875
2026-07-24 14:37:50,674 | INFO | 01_build_trial_table | Subject 116/230 | NYU-30 | session 4/4 | loading 77e6dc6a-66ed-433c-b1a2-778c914f523c
2026-07-24 14:37:53,384 | INFO | 01_build_trial_table | Loaded 77e6dc6a-66ed-433c-b1a2-778c914f523c | trials=784 | choices=784 | session time=3s | cumulative sessions=379/380 | cumulative trials=260659
2026-07-24 14:37:53,384 | INFO | 01_build_trial_table | Subject 116/230 | NYU-30 complete | elapsed=14s | total loaded sessions=379 | total trials=260659
2026-07-24 14:37:53,384 | INFO | 01_build_trial_table | Subject 117/230 | NYU-31 | starting discovery
2026-07-24 14:37:54,722 | INFO | 01_build_trial_table | Subject NYU-31: querying left-camera DLC sessions
2026-07-24 14:37:55,125 | INFO | 01_build_trial_table | Subject NYU-31: checking task protocol for 3 DLC sessions
2026-07-24 14:37:56,289 | INFO | 01_build_trial_table | Subject NYU-31: protocol checks 3/3 (3 ChoiceWorld)
2026-07-24 14:37:56,290 | INFO | 01_build_trial_table | Subject NYU-31: querying raw left-camera video sessions
2026-07-24 14:37:56,719 | INFO | 01_build_trial_table | Subject NYU-31: found 3 raw-video sessions
2026-07-24 14:37:56,719 | INFO | 01_build_trial_table | Subject 117/230 | NYU-31 | 3 ChoiceWorld DLC sessions; 3 video sessions
2026-07-24 14:37:56,719 | INFO | 01_build_trial_table | Subject 117/230 | NYU-31 | session 1/3 | loading 62d0ad31-e748-4407-a391-1d964efde2ca
2026-07-24 14:37:59,096 | INFO | 01_build_trial_table | Loaded 62d0ad31-e748-4407-a391-1d964efde2ca | trials=436 | choices=435 | session time=2s | cumulative sessions=380/381 | cumulative trials=261095
2026-07-24 14:37:59,097 | INFO | 01_build_trial_table | Subject 117/230 | NYU-31 | session 2/3 | loading 7f4561ef-66b1-4fa8-a3ca-4f9a3b1f6dd1
2026-07-24 14:38:01,843 | INFO | 01_build_trial_table | Loaded 7f4561ef-66b1-4fa8-a3ca-4f9a3b1f6dd1 | trials=689 | choices=678 | session time=3s | cumulative sessions=381/382 | cumulative trials=261784
2026-07-24 14:38:01,844 | INFO | 01_build_trial_table | Subject 117/230 | NYU-31 | session 3/3 | loading b6c15abe-2994-4dac-ba20-416b766b478f
2026-07-24 14:38:04,464 | INFO | 01_build_trial_table | Loaded b6c15abe-2994-4dac-ba20-416b766b478f | trials=711 | choices=702 | session time=3s | cumulative sessions=382/383 | cumulative trials=262495
2026-07-24 14:38:04,464 | INFO | 01_build_trial_table | Subject 117/230 | NYU-31 complete | elapsed=11s | total loaded sessions=382 | total trials=262495
2026-07-24 14:38:04,464 | INFO | 01_build_trial_table | Subject 118/230 | NYU-32 | starting discovery
2026-07-24 14:38:05,696 | INFO | 01_build_trial_table | Subject NYU-32: querying left-camera DLC sessions
2026-07-24 14:38:06,144 | INFO | 01_build_trial_table | Subject NYU-32: checking task protocol for 3 DLC sessions
2026-07-24 14:38:07,323 | INFO | 01_build_trial_table | Subject NYU-32: protocol checks 3/3 (3 ChoiceWorld)
2026-07-24 14:38:07,324 | INFO | 01_build_trial_table | Subject NYU-32: querying raw left-camera video sessions
2026-07-24 14:38:07,757 | INFO | 01_build_trial_table | Subject NYU-32: found 3 raw-video sessions
2026-07-24 14:38:07,757 | INFO | 01_build_trial_table | Subject 118/230 | NYU-32 | 3 ChoiceWorld DLC sessions; 3 video sessions
2026-07-24 14:38:07,757 | INFO | 01_build_trial_table | Subject 118/230 | NYU-32 | session 1/3 | loading 67b1d2b6-eba8-4492-a766-ce6791538242
2026-07-24 14:38:10,177 | INFO | 01_build_trial_table | Loaded 67b1d2b6-eba8-4492-a766-ce6791538242 | trials=581 | choices=574 | session time=2s | cumulative sessions=383/384 | cumulative trials=263076
2026-07-24 14:38:10,177 | INFO | 01_build_trial_table | Subject 118/230 | NYU-32 | session 2/3 | loading 917dae01-b697-4fd4-a444-70bfa0cb241d
2026-07-24 14:38:12,812 | INFO | 01_build_trial_table | Loaded 917dae01-b697-4fd4-a444-70bfa0cb241d | trials=667 | choices=662 | session time=3s | cumulative sessions=384/385 | cumulative trials=263743
2026-07-24 14:38:12,812 | INFO | 01_build_trial_table | Subject 118/230 | NYU-32 | session 3/3 | loading fb40e050-b446-4419-9bdb-0ea93cacff19
2026-07-24 14:38:15,246 | INFO | 01_build_trial_table | Loaded fb40e050-b446-4419-9bdb-0ea93cacff19 | trials=597 | choices=586 | session time=2s | cumulative sessions=385/386 | cumulative trials=264340
2026-07-24 14:38:15,246 | INFO | 01_build_trial_table | Subject 118/230 | NYU-32 complete | elapsed=11s | total loaded sessions=385 | total trials=264340
2026-07-24 14:38:15,246 | INFO | 01_build_trial_table | Subject 119/230 | NYU-37 | starting discovery
2026-07-24 14:38:15,834 | INFO | 01_build_trial_table | Subject NYU-37: querying left-camera DLC sessions
2026-07-24 14:38:16,245 | INFO | 01_build_trial_table | Subject NYU-37: checking task protocol for 5 DLC sessions
2026-07-24 14:38:18,204 | INFO | 01_build_trial_table | Subject NYU-37: protocol checks 5/5 (5 ChoiceWorld)
2026-07-24 14:38:18,204 | INFO | 01_build_trial_table | Subject NYU-37: querying raw left-camera video sessions
2026-07-24 14:38:18,616 | INFO | 01_build_trial_table | Subject NYU-37: found 5 raw-video sessions
2026-07-24 14:38:18,616 | INFO | 01_build_trial_table | Subject 119/230 | NYU-37 | 5 ChoiceWorld DLC sessions; 5 video sessions
2026-07-24 14:38:18,616 | INFO | 01_build_trial_table | Subject 119/230 | NYU-37 | session 1/5 | loading 21d21fc3-4201-4edc-802a-c67b61952548
2026-07-24 14:38:21,247 | INFO | 01_build_trial_table | Loaded 21d21fc3-4201-4edc-802a-c67b61952548 | trials=548 | choices=541 | session time=3s | cumulative sessions=386/387 | cumulative trials=264888
2026-07-24 14:38:21,247 | INFO | 01_build_trial_table | Subject 119/230 | NYU-37 | session 2/5 | loading 7af49c00-63dd-4fed-b2e0-1b3bd945b20b
2026-07-24 14:38:24,864 | INFO | 01_build_trial_table | Loaded 7af49c00-63dd-4fed-b2e0-1b3bd945b20b | trials=414 | choices=414 | session time=4s | cumulative sessions=387/388 | cumulative trials=265302
2026-07-24 14:38:24,864 | INFO | 01_build_trial_table | Subject 119/230 | NYU-37 | session 3/5 | loading 83d85891-bd75-4557-91b4-1cbb5f8bfc9d
2026-07-24 14:38:28,158 | INFO | 01_build_trial_table | Loaded 83d85891-bd75-4557-91b4-1cbb5f8bfc9d | trials=443 | choices=443 | session time=3s | cumulative sessions=388/389 | cumulative trials=265745
2026-07-24 14:38:28,158 | INFO | 01_build_trial_table | Subject 119/230 | NYU-37 | session 4/5 | loading aec5d3cc-4bb2-4349-80a9-0395b76f04e2
2026-07-24 14:38:31,511 | INFO | 01_build_trial_table | Loaded aec5d3cc-4bb2-4349-80a9-0395b76f04e2 | trials=649 | choices=645 | session time=3s | cumulative sessions=389/390 | cumulative trials=266394
2026-07-24 14:38:31,511 | INFO | 01_build_trial_table | Subject 119/230 | NYU-37 | session 5/5 | loading f88d4dd4-ccd7-400e-9035-fa00be3bcfa8
2026-07-24 14:38:34,876 | INFO | 01_build_trial_table | Loaded f88d4dd4-ccd7-400e-9035-fa00be3bcfa8 | trials=401 | choices=401 | session time=3s | cumulative sessions=390/391 | cumulative trials=266795
2026-07-24 14:38:34,876 | INFO | 01_build_trial_table | Subject 119/230 | NYU-37 complete | elapsed=20s | total loaded sessions=390 | total trials=266795
2026-07-24 14:38:34,876 | INFO | 01_build_trial_table | Subject 120/230 | NYU-38 | starting discovery
2026-07-24 14:38:35,917 | INFO | 01_build_trial_table | Subject NYU-38: querying left-camera DLC sessions
2026-07-24 14:38:36,325 | INFO | 01_build_trial_table | Subject NYU-38: checking task protocol for 2 DLC sessions
2026-07-24 14:38:37,106 | INFO | 01_build_trial_table | Subject NYU-38: protocol checks 2/2 (2 ChoiceWorld)
2026-07-24 14:38:37,106 | INFO | 01_build_trial_table | Subject NYU-38: querying raw left-camera video sessions
2026-07-24 14:38:37,514 | INFO | 01_build_trial_table | Subject NYU-38: found 2 raw-video sessions
2026-07-24 14:38:37,515 | INFO | 01_build_trial_table | Subject 120/230 | NYU-38 | 2 ChoiceWorld DLC sessions; 2 video sessions
2026-07-24 14:38:37,515 | INFO | 01_build_trial_table | Subject 120/230 | NYU-38 | session 1/2 | loading 149f3648-2394-4015-851b-7237e55dabd2
2026-07-24 14:38:39,945 | INFO | 01_build_trial_table | Loaded 149f3648-2394-4015-851b-7237e55dabd2 | trials=966 | choices=962 | session time=2s | cumulative sessions=391/392 | cumulative trials=267761
2026-07-24 14:38:39,946 | INFO | 01_build_trial_table | Subject 120/230 | NYU-38 | session 2/2 | loading 7c5537bb-1f49-40e8-b7f3-a0aef3897a07
2026-07-24 14:38:42,360 | INFO | 01_build_trial_table | Loaded 7c5537bb-1f49-40e8-b7f3-a0aef3897a07 | trials=920 | choices=915 | session time=2s | cumulative sessions=392/393 | cumulative trials=268681
2026-07-24 14:38:42,360 | INFO | 01_build_trial_table | Subject 120/230 | NYU-38 complete | elapsed=7s | total loaded sessions=392 | total trials=268681
2026-07-24 14:38:42,361 | INFO | 01_build_trial_table | Subject 121/230 | NYU-39 | starting discovery
2026-07-24 14:38:43,056 | INFO | 01_build_trial_table | Subject NYU-39: querying left-camera DLC sessions
2026-07-24 14:38:43,467 | INFO | 01_build_trial_table | Subject NYU-39: checking task protocol for 5 DLC sessions
2026-07-24 14:38:45,421 | INFO | 01_build_trial_table | Subject NYU-39: protocol checks 5/5 (5 ChoiceWorld)
2026-07-24 14:38:45,421 | INFO | 01_build_trial_table | Subject NYU-39: querying raw left-camera video sessions
2026-07-24 14:38:45,849 | INFO | 01_build_trial_table | Subject NYU-39: found 5 raw-video sessions
2026-07-24 14:38:45,849 | INFO | 01_build_trial_table | Subject 121/230 | NYU-39 | 5 ChoiceWorld DLC sessions; 5 video sessions
2026-07-24 14:38:45,849 | INFO | 01_build_trial_table | Subject 121/230 | NYU-39 | session 1/5 | loading 35ed605c-1a1a-47b1-86ff-2b56144f55af
2026-07-24 14:38:49,190 | INFO | 01_build_trial_table | Loaded 35ed605c-1a1a-47b1-86ff-2b56144f55af | trials=522 | choices=522 | session time=3s | cumulative sessions=393/394 | cumulative trials=269203
2026-07-24 14:38:49,191 | INFO | 01_build_trial_table | Subject 121/230 | NYU-39 | session 2/5 | loading 6ed57216-498d-48a6-b48b-a243a34710ea
2026-07-24 14:38:52,671 | INFO | 01_build_trial_table | Loaded 6ed57216-498d-48a6-b48b-a243a34710ea | trials=541 | choices=541 | session time=3s | cumulative sessions=394/395 | cumulative trials=269744
2026-07-24 14:38:52,671 | INFO | 01_build_trial_table | Subject 121/230 | NYU-39 | session 3/5 | loading 91a3353a-2da1-420d-8c7c-fad2fedfdd18
2026-07-24 14:38:56,380 | INFO | 01_build_trial_table | Loaded 91a3353a-2da1-420d-8c7c-fad2fedfdd18 | trials=508 | choices=508 | session time=4s | cumulative sessions=395/396 | cumulative trials=270252
2026-07-24 14:38:56,380 | INFO | 01_build_trial_table | Subject 121/230 | NYU-39 | session 4/5 | loading ee212778-3903-4f5b-ac4b-a72f22debf03
2026-07-24 14:38:59,779 | INFO | 01_build_trial_table | Loaded ee212778-3903-4f5b-ac4b-a72f22debf03 | trials=522 | choices=522 | session time=3s | cumulative sessions=396/397 | cumulative trials=270774
2026-07-24 14:38:59,779 | INFO | 01_build_trial_table | Subject 121/230 | NYU-39 | session 5/5 | loading fa1f26a1-eb49-4b24-917e-19f02a18ac61
2026-07-24 14:39:04,311 | INFO | 01_build_trial_table | Loaded fa1f26a1-eb49-4b24-917e-19f02a18ac61 | trials=605 | choices=605 | session time=5s | cumulative sessions=397/398 | cumulative trials=271379
2026-07-24 14:39:04,311 | INFO | 01_build_trial_table | Subject 121/230 | NYU-39 complete | elapsed=22s | total loaded sessions=397 | total trials=271379
2026-07-24 14:39:04,312 | INFO | 01_build_trial_table | Subject 122/230 | NYU-40 | starting discovery
2026-07-24 14:39:04,858 | INFO | 01_build_trial_table | Subject NYU-40: querying left-camera DLC sessions
2026-07-24 14:39:05,290 | INFO | 01_build_trial_table | Subject NYU-40: checking task protocol for 4 DLC sessions
2026-07-24 14:39:06,897 | INFO | 01_build_trial_table | Subject NYU-40: protocol checks 4/4 (4 ChoiceWorld)
2026-07-24 14:39:06,898 | INFO | 01_build_trial_table | Subject NYU-40: querying raw left-camera video sessions
2026-07-24 14:39:07,306 | INFO | 01_build_trial_table | Subject NYU-40: found 4 raw-video sessions
2026-07-24 14:39:07,306 | INFO | 01_build_trial_table | Subject 122/230 | NYU-40 | 4 ChoiceWorld DLC sessions; 4 video sessions
2026-07-24 14:39:07,306 | INFO | 01_build_trial_table | Subject 122/230 | NYU-40 | session 1/4 | loading 5157810e-0fff-4bcf-b19d-32d4e39c7dfc
2026-07-24 14:39:10,681 | INFO | 01_build_trial_table | Loaded 5157810e-0fff-4bcf-b19d-32d4e39c7dfc | trials=434 | choices=434 | session time=3s | cumulative sessions=398/399 | cumulative trials=271813
2026-07-24 14:39:10,681 | INFO | 01_build_trial_table | Subject 122/230 | NYU-40 | session 2/4 | loading 71855308-7e54-41d7-a7a4-b042e78e3b4f
2026-07-24 14:39:14,071 | INFO | 01_build_trial_table | Loaded 71855308-7e54-41d7-a7a4-b042e78e3b4f | trials=516 | choices=516 | session time=3s | cumulative sessions=399/400 | cumulative trials=272329
2026-07-24 14:39:14,071 | INFO | 01_build_trial_table | Subject 122/230 | NYU-40 | session 3/4 | loading 8ca740c5-e7fe-430a-aa10-e74e9c3cbbe8
2026-07-24 14:39:17,525 | INFO | 01_build_trial_table | Loaded 8ca740c5-e7fe-430a-aa10-e74e9c3cbbe8 | trials=546 | choices=545 | session time=3s | cumulative sessions=400/401 | cumulative trials=272875
2026-07-24 14:39:17,526 | INFO | 01_build_trial_table | Subject 122/230 | NYU-40 | session 4/4 | loading f359281f-6941-4bfd-90d4-940be22ed3c3
2026-07-24 14:39:20,870 | INFO | 01_build_trial_table | Loaded f359281f-6941-4bfd-90d4-940be22ed3c3 | trials=463 | choices=462 | session time=3s | cumulative sessions=401/402 | cumulative trials=273338
2026-07-24 14:39:20,870 | INFO | 01_build_trial_table | Subject 122/230 | NYU-40 complete | elapsed=17s | total loaded sessions=401 | total trials=273338
2026-07-24 14:39:20,870 | INFO | 01_build_trial_table | Subject 123/230 | NYU-41 | starting discovery
2026-07-24 14:39:21,734 | INFO | 01_build_trial_table | Subject NYU-41: querying left-camera DLC sessions
2026-07-24 14:39:22,161 | INFO | 01_build_trial_table | Subject NYU-41: checking task protocol for 4 DLC sessions
2026-07-24 14:39:23,700 | INFO | 01_build_trial_table | Subject NYU-41: protocol checks 4/4 (4 ChoiceWorld)
2026-07-24 14:39:23,700 | INFO | 01_build_trial_table | Subject NYU-41: querying raw left-camera video sessions
2026-07-24 14:39:24,113 | INFO | 01_build_trial_table | Subject NYU-41: found 4 raw-video sessions
2026-07-24 14:39:24,113 | INFO | 01_build_trial_table | Subject 123/230 | NYU-41 | 4 ChoiceWorld DLC sessions; 4 video sessions
2026-07-24 14:39:24,113 | INFO | 01_build_trial_table | Subject 123/230 | NYU-41 | session 1/4 | loading 09f836ad-8105-464a-a55d-70c49e6e6def
2026-07-24 14:39:29,857 | INFO | 01_build_trial_table | Loaded 09f836ad-8105-464a-a55d-70c49e6e6def | trials=722 | choices=717 | session time=6s | cumulative sessions=402/403 | cumulative trials=274060
2026-07-24 14:39:29,857 | INFO | 01_build_trial_table | Subject 123/230 | NYU-41 | session 2/4 | loading 0f056fb2-239f-491f-bfbb-52a5384a5e8f
2026-07-24 14:39:32,319 | INFO | 01_build_trial_table | Loaded 0f056fb2-239f-491f-bfbb-52a5384a5e8f | trials=856 | choices=856 | session time=2s | cumulative sessions=403/404 | cumulative trials=274916
2026-07-24 14:39:32,320 | INFO | 01_build_trial_table | Subject 123/230 | NYU-41 | session 3/4 | loading 2ad22504-9636-42ae-b4d9-76cfdb86ad52
2026-07-24 14:39:34,756 | INFO | 01_build_trial_table | Loaded 2ad22504-9636-42ae-b4d9-76cfdb86ad52 | trials=784 | choices=784 | session time=2s | cumulative sessions=404/405 | cumulative trials=275700
2026-07-24 14:39:34,756 | INFO | 01_build_trial_table | Subject 123/230 | NYU-41 | session 4/4 | loading 48d85702-d05a-4220-bb05-3199331c453b
2026-07-24 14:39:37,251 | INFO | 01_build_trial_table | Loaded 48d85702-d05a-4220-bb05-3199331c453b | trials=665 | choices=663 | session time=2s | cumulative sessions=405/406 | cumulative trials=276365
2026-07-24 14:39:37,252 | INFO | 01_build_trial_table | Subject 123/230 | NYU-41 complete | elapsed=16s | total loaded sessions=405 | total trials=276365
2026-07-24 14:39:37,252 | INFO | 01_build_trial_table | Subject 124/230 | NYU-42 | starting discovery
2026-07-24 14:39:38,240 | INFO | 01_build_trial_table | Subject NYU-42: querying left-camera DLC sessions
2026-07-24 14:39:38,648 | INFO | 01_build_trial_table | Subject NYU-42: checking task protocol for 2 DLC sessions
2026-07-24 14:39:39,424 | INFO | 01_build_trial_table | Subject NYU-42: protocol checks 2/2 (2 ChoiceWorld)
2026-07-24 14:39:39,424 | INFO | 01_build_trial_table | Subject NYU-42: querying raw left-camera video sessions
2026-07-24 14:39:39,851 | INFO | 01_build_trial_table | Subject NYU-42: found 2 raw-video sessions
2026-07-24 14:39:39,851 | INFO | 01_build_trial_table | Subject 124/230 | NYU-42 | 2 ChoiceWorld DLC sessions; 2 video sessions
2026-07-24 14:39:39,851 | INFO | 01_build_trial_table | Subject 124/230 | NYU-42 | session 1/2 | loading 2ed3ef53-aaec-445f-b043-64476d4015ca
2026-07-24 14:39:42,264 | INFO | 01_build_trial_table | Loaded 2ed3ef53-aaec-445f-b043-64476d4015ca | trials=271 | choices=245 | session time=2s | cumulative sessions=406/407 | cumulative trials=276636
2026-07-24 14:39:42,264 | INFO | 01_build_trial_table | Subject 124/230 | NYU-42 | session 2/2 | loading 720c3f1e-2bb9-441c-9b7b-bcd6f4ed4a7d
2026-07-24 14:39:44,737 | INFO | 01_build_trial_table | Loaded 720c3f1e-2bb9-441c-9b7b-bcd6f4ed4a7d | trials=620 | choices=612 | session time=2s | cumulative sessions=407/408 | cumulative trials=277256
2026-07-24 14:39:44,737 | INFO | 01_build_trial_table | Subject 124/230 | NYU-42 complete | elapsed=7s | total loaded sessions=407 | total trials=277256
2026-07-24 14:39:44,737 | INFO | 01_build_trial_table | Subject 125/230 | NYU-43 | starting discovery
2026-07-24 14:39:45,915 | INFO | 01_build_trial_table | Subject NYU-43: querying left-camera DLC sessions
2026-07-24 14:39:46,327 | INFO | 01_build_trial_table | Subject NYU-43: checking task protocol for 4 DLC sessions
2026-07-24 14:39:47,877 | INFO | 01_build_trial_table | Subject NYU-43: protocol checks 4/4 (4 ChoiceWorld)
2026-07-24 14:39:47,878 | INFO | 01_build_trial_table | Subject NYU-43: querying raw left-camera video sessions
2026-07-24 14:39:48,301 | INFO | 01_build_trial_table | Subject NYU-43: found 4 raw-video sessions
2026-07-24 14:39:48,301 | INFO | 01_build_trial_table | Subject 125/230 | NYU-43 | 4 ChoiceWorld DLC sessions; 4 video sessions
2026-07-24 14:39:48,301 | INFO | 01_build_trial_table | Subject 125/230 | NYU-43 | session 1/4 | loading 4c3542e6-295c-4aa7-a5a9-efe8b89191d7
2026-07-24 14:39:50,788 | INFO | 01_build_trial_table | Loaded 4c3542e6-295c-4aa7-a5a9-efe8b89191d7 | trials=610 | choices=586 | session time=2s | cumulative sessions=408/409 | cumulative trials=277866
2026-07-24 14:39:50,788 | INFO | 01_build_trial_table | Subject 125/230 | NYU-43 | session 2/4 | loading 58ff7fc3-f0a4-420d-b049-91dc9b5fe021
2026-07-24 14:39:53,264 | INFO | 01_build_trial_table | Loaded 58ff7fc3-f0a4-420d-b049-91dc9b5fe021 | trials=583 | choices=550 | session time=2s | cumulative sessions=409/410 | cumulative trials=278449
2026-07-24 14:39:53,264 | INFO | 01_build_trial_table | Subject 125/230 | NYU-43 | session 3/4 | loading e48e0f9b-1b5a-4c30-a6a0-bf026a2bfbde
2026-07-24 14:39:55,888 | INFO | 01_build_trial_table | Loaded e48e0f9b-1b5a-4c30-a6a0-bf026a2bfbde | trials=565 | choices=527 | session time=3s | cumulative sessions=410/411 | cumulative trials=279014
2026-07-24 14:39:55,888 | INFO | 01_build_trial_table | Subject 125/230 | NYU-43 | session 4/4 | loading ea880263-3ab4-4521-9e75-c715f7a36d73
2026-07-24 14:39:58,389 | INFO | 01_build_trial_table | Loaded ea880263-3ab4-4521-9e75-c715f7a36d73 | trials=458 | choices=417 | session time=3s | cumulative sessions=411/412 | cumulative trials=279472
2026-07-24 14:39:58,389 | INFO | 01_build_trial_table | Subject 125/230 | NYU-43 complete | elapsed=14s | total loaded sessions=411 | total trials=279472
2026-07-24 14:39:58,390 | INFO | 01_build_trial_table | Subject 126/230 | NYU-44 | starting discovery
2026-07-24 14:39:59,294 | INFO | 01_build_trial_table | Subject NYU-44: querying left-camera DLC sessions
2026-07-24 14:39:59,723 | INFO | 01_build_trial_table | Subject NYU-44: checking task protocol for 4 DLC sessions
2026-07-24 14:40:01,809 | INFO | 01_build_trial_table | Subject NYU-44: protocol checks 4/4 (4 ChoiceWorld)
2026-07-24 14:40:01,809 | INFO | 01_build_trial_table | Subject NYU-44: querying raw left-camera video sessions
2026-07-24 14:40:02,374 | INFO | 01_build_trial_table | Subject NYU-44: found 4 raw-video sessions
2026-07-24 14:40:02,374 | INFO | 01_build_trial_table | Subject 126/230 | NYU-44 | 4 ChoiceWorld DLC sessions; 4 video sessions
2026-07-24 14:40:02,374 | INFO | 01_build_trial_table | Subject 126/230 | NYU-44 | session 1/4 | loading 3c1ac3fc-b81f-4109-90a9-5e305fb48a1b
2026-07-24 14:40:05,254 | INFO | 01_build_trial_table | Loaded 3c1ac3fc-b81f-4109-90a9-5e305fb48a1b | trials=295 | choices=278 | session time=3s | cumulative sessions=412/413 | cumulative trials=279767
2026-07-24 14:40:05,254 | INFO | 01_build_trial_table | Subject 126/230 | NYU-44 | session 2/4 | loading 56913301-81d1-477f-9c16-63a351215f09
2026-07-24 14:40:08,072 | INFO | 01_build_trial_table | Loaded 56913301-81d1-477f-9c16-63a351215f09 | trials=455 | choices=454 | session time=3s | cumulative sessions=413/414 | cumulative trials=280222
2026-07-24 14:40:08,072 | INFO | 01_build_trial_table | Subject 126/230 | NYU-44 | session 3/4 | loading a372fd6a-1964-403a-b160-6498e0eccd16
2026-07-24 14:40:10,640 | INFO | 01_build_trial_table | Loaded a372fd6a-1964-403a-b160-6498e0eccd16 | trials=802 | choices=802 | session time=3s | cumulative sessions=414/415 | cumulative trials=281024
2026-07-24 14:40:10,640 | INFO | 01_build_trial_table | Subject 126/230 | NYU-44 | session 4/4 | loading b9055d59-8c6c-42b8-b261-19bd3cb8c426
2026-07-24 14:40:13,192 | INFO | 01_build_trial_table | Loaded b9055d59-8c6c-42b8-b261-19bd3cb8c426 | trials=534 | choices=516 | session time=3s | cumulative sessions=415/416 | cumulative trials=281558
2026-07-24 14:40:13,193 | INFO | 01_build_trial_table | Subject 126/230 | NYU-44 complete | elapsed=15s | total loaded sessions=415 | total trials=281558
2026-07-24 14:40:13,193 | INFO | 01_build_trial_table | Subject 127/230 | NYU-45 | starting discovery
2026-07-24 14:40:13,876 | INFO | 01_build_trial_table | Subject NYU-45: querying left-camera DLC sessions
2026-07-24 14:40:14,281 | INFO | 01_build_trial_table | Subject NYU-45: checking task protocol for 3 DLC sessions
2026-07-24 14:40:15,440 | INFO | 01_build_trial_table | Subject NYU-45: protocol checks 3/3 (3 ChoiceWorld)
2026-07-24 14:40:15,440 | INFO | 01_build_trial_table | Subject NYU-45: querying raw left-camera video sessions
2026-07-24 14:40:15,862 | INFO | 01_build_trial_table | Subject NYU-45: found 3 raw-video sessions
2026-07-24 14:40:15,862 | INFO | 01_build_trial_table | Subject 127/230 | NYU-45 | 3 ChoiceWorld DLC sessions; 3 video sessions
2026-07-24 14:40:15,862 | INFO | 01_build_trial_table | Subject 127/230 | NYU-45 | session 1/3 | loading 51e53aff-1d5d-4182-a684-aba783d50ae5
2026-07-24 14:40:19,358 | INFO | 01_build_trial_table | Loaded 51e53aff-1d5d-4182-a684-aba783d50ae5 | trials=505 | choices=505 | session time=3s | cumulative sessions=416/417 | cumulative trials=282063
2026-07-24 14:40:19,358 | INFO | 01_build_trial_table | Subject 127/230 | NYU-45 | session 2/3 | loading 537677fe-1e24-4755-948c-fa4a4e8ecce5
2026-07-24 14:40:22,691 | INFO | 01_build_trial_table | Loaded 537677fe-1e24-4755-948c-fa4a4e8ecce5 | trials=474 | choices=474 | session time=3s | cumulative sessions=417/418 | cumulative trials=282537
2026-07-24 14:40:22,692 | INFO | 01_build_trial_table | Subject 127/230 | NYU-45 | session 3/3 | loading 5bcafa14-71cb-42fa-8265-ce5cda1b89e0
2026-07-24 14:40:26,083 | INFO | 01_build_trial_table | Loaded 5bcafa14-71cb-42fa-8265-ce5cda1b89e0 | trials=436 | choices=436 | session time=3s | cumulative sessions=418/419 | cumulative trials=282973
2026-07-24 14:40:26,084 | INFO | 01_build_trial_table | Subject 127/230 | NYU-45 complete | elapsed=13s | total loaded sessions=418 | total trials=282973
2026-07-24 14:40:26,084 | INFO | 01_build_trial_table | Subject 128/230 | NYU-46 | starting discovery
2026-07-24 14:40:26,630 | INFO | 01_build_trial_table | Subject NYU-46: querying left-camera DLC sessions
2026-07-24 14:40:27,061 | INFO | 01_build_trial_table | Subject NYU-46: checking task protocol for 4 DLC sessions
2026-07-24 14:40:28,622 | INFO | 01_build_trial_table | Subject NYU-46: protocol checks 4/4 (4 ChoiceWorld)
2026-07-24 14:40:28,622 | INFO | 01_build_trial_table | Subject NYU-46: querying raw left-camera video sessions
2026-07-24 14:40:29,030 | INFO | 01_build_trial_table | Subject NYU-46: found 4 raw-video sessions
2026-07-24 14:40:29,031 | INFO | 01_build_trial_table | Subject 128/230 | NYU-46 | 4 ChoiceWorld DLC sessions; 4 video sessions
2026-07-24 14:40:29,031 | INFO | 01_build_trial_table | Subject 128/230 | NYU-46 | session 1/4 | loading 6434f2f5-6bce-42b8-8563-d93d493613a2
2026-07-24 14:40:31,736 | INFO | 01_build_trial_table | Loaded 6434f2f5-6bce-42b8-8563-d93d493613a2 | trials=401 | choices=395 | session time=3s | cumulative sessions=419/420 | cumulative trials=283374
2026-07-24 14:40:31,736 | INFO | 01_build_trial_table | Subject 128/230 | NYU-46 | session 2/4 | loading 64e3fb86-928c-4079-865c-b364205b502e
2026-07-24 14:40:34,399 | INFO | 01_build_trial_table | Loaded 64e3fb86-928c-4079-865c-b364205b502e | trials=533 | choices=533 | session time=3s | cumulative sessions=420/421 | cumulative trials=283907
2026-07-24 14:40:34,399 | INFO | 01_build_trial_table | Subject 128/230 | NYU-46 | session 3/4 | loading 72982282-e493-45ee-87ce-aa45cb3a3ec1
2026-07-24 14:40:37,976 | INFO | 01_build_trial_table | Loaded 72982282-e493-45ee-87ce-aa45cb3a3ec1 | trials=491 | choices=477 | session time=4s | cumulative sessions=421/422 | cumulative trials=284398
2026-07-24 14:40:37,977 | INFO | 01_build_trial_table | Subject 128/230 | NYU-46 | session 4/4 | loading d32876dd-8303-4720-8e7e-20678dc2fd71
2026-07-24 14:40:40,563 | INFO | 01_build_trial_table | Loaded d32876dd-8303-4720-8e7e-20678dc2fd71 | trials=424 | choices=424 | session time=3s | cumulative sessions=422/423 | cumulative trials=284822
2026-07-24 14:40:40,563 | INFO | 01_build_trial_table | Subject 128/230 | NYU-46 complete | elapsed=14s | total loaded sessions=422 | total trials=284822
2026-07-24 14:40:40,563 | INFO | 01_build_trial_table | Subject 129/230 | NYU-47 | starting discovery
2026-07-24 14:40:41,115 | INFO | 01_build_trial_table | Subject NYU-47: querying left-camera DLC sessions
2026-07-24 14:40:41,521 | INFO | 01_build_trial_table | Subject NYU-47: checking task protocol for 4 DLC sessions
2026-07-24 14:40:43,099 | INFO | 01_build_trial_table | Subject NYU-47: protocol checks 4/4 (4 ChoiceWorld)
2026-07-24 14:40:43,099 | INFO | 01_build_trial_table | Subject NYU-47: querying raw left-camera video sessions
2026-07-24 14:40:43,505 | INFO | 01_build_trial_table | Subject NYU-47: found 4 raw-video sessions
2026-07-24 14:40:43,505 | INFO | 01_build_trial_table | Subject 129/230 | NYU-47 | 4 ChoiceWorld DLC sessions; 4 video sessions
2026-07-24 14:40:43,505 | INFO | 01_build_trial_table | Subject 129/230 | NYU-47 | session 1/4 | loading 15948667-747b-4702-9d53-354ac70e9119
2026-07-24 14:40:46,901 | INFO | 01_build_trial_table | Loaded 15948667-747b-4702-9d53-354ac70e9119 | trials=439 | choices=439 | session time=3s | cumulative sessions=423/424 | cumulative trials=285261
2026-07-24 14:40:46,901 | INFO | 01_build_trial_table | Subject 129/230 | NYU-47 | session 2/4 | loading 288bfbf3-3700-4abe-b6e4-130b5c541e61
2026-07-24 14:40:50,212 | INFO | 01_build_trial_table | Loaded 288bfbf3-3700-4abe-b6e4-130b5c541e61 | trials=503 | choices=501 | session time=3s | cumulative sessions=424/425 | cumulative trials=285764
2026-07-24 14:40:50,213 | INFO | 01_build_trial_table | Subject 129/230 | NYU-47 | session 3/4 | loading f140a2ec-fd49-4814-994a-fe3476f14e66
2026-07-24 14:40:52,487 | INFO | 01_build_trial_table | Loaded f140a2ec-fd49-4814-994a-fe3476f14e66 | trials=403 | choices=388 | session time=2s | cumulative sessions=425/426 | cumulative trials=286167
2026-07-24 14:40:52,487 | INFO | 01_build_trial_table | Subject 129/230 | NYU-47 | session 4/4 | loading fc43390d-457e-463a-9fd4-b94a0a8b48f5
2026-07-24 14:40:55,808 | INFO | 01_build_trial_table | Loaded fc43390d-457e-463a-9fd4-b94a0a8b48f5 | trials=581 | choices=579 | session time=3s | cumulative sessions=426/427 | cumulative trials=286748
2026-07-24 14:40:55,808 | INFO | 01_build_trial_table | Subject 129/230 | NYU-47 complete | elapsed=15s | total loaded sessions=426 | total trials=286748
2026-07-24 14:40:55,808 | INFO | 01_build_trial_table | Subject 130/230 | NYU-48 | starting discovery
2026-07-24 14:40:56,358 | INFO | 01_build_trial_table | Subject NYU-48: querying left-camera DLC sessions
2026-07-24 14:40:56,772 | INFO | 01_build_trial_table | Subject NYU-48: checking task protocol for 4 DLC sessions
2026-07-24 14:40:58,327 | INFO | 01_build_trial_table | Subject NYU-48: protocol checks 4/4 (4 ChoiceWorld)
2026-07-24 14:40:58,327 | INFO | 01_build_trial_table | Subject NYU-48: querying raw left-camera video sessions
2026-07-24 14:40:58,742 | INFO | 01_build_trial_table | Subject NYU-48: found 4 raw-video sessions
2026-07-24 14:40:58,742 | INFO | 01_build_trial_table | Subject 130/230 | NYU-48 | 4 ChoiceWorld DLC sessions; 4 video sessions
2026-07-24 14:40:58,742 | INFO | 01_build_trial_table | Subject 130/230 | NYU-48 | session 1/4 | loading 3d59aa1a-b4ba-47fe-b9cf-741b5fdb0c7b
2026-07-24 14:41:02,610 | INFO | 01_build_trial_table | Loaded 3d59aa1a-b4ba-47fe-b9cf-741b5fdb0c7b | trials=709 | choices=708 | session time=4s | cumulative sessions=427/428 | cumulative trials=287457
2026-07-24 14:41:02,610 | INFO | 01_build_trial_table | Subject 130/230 | NYU-48 | session 2/4 | loading 93ad879a-aa42-4150-83e1-38773c9785e4
2026-07-24 14:41:06,024 | INFO | 01_build_trial_table | Loaded 93ad879a-aa42-4150-83e1-38773c9785e4 | trials=551 | choices=551 | session time=3s | cumulative sessions=428/429 | cumulative trials=288008
2026-07-24 14:41:06,024 | INFO | 01_build_trial_table | Subject 130/230 | NYU-48 | session 3/4 | loading a405053a-eb13-4aa4-850c-5a337e5dc7fd
2026-07-24 14:41:09,474 | INFO | 01_build_trial_table | Loaded a405053a-eb13-4aa4-850c-5a337e5dc7fd | trials=615 | choices=614 | session time=3s | cumulative sessions=429/430 | cumulative trials=288623
2026-07-24 14:41:09,475 | INFO | 01_build_trial_table | Subject 130/230 | NYU-48 | session 4/4 | loading c51f34d8-42f6-4c9c-bb5b-669fd9c42cd9
2026-07-24 14:41:11,466 | INFO | 01_build_trial_table | Loaded c51f34d8-42f6-4c9c-bb5b-669fd9c42cd9 | trials=472 | choices=472 | session time=2s | cumulative sessions=430/431 | cumulative trials=289095
2026-07-24 14:41:11,467 | INFO | 01_build_trial_table | Subject 130/230 | NYU-48 complete | elapsed=16s | total loaded sessions=430 | total trials=289095
2026-07-24 14:41:11,467 | INFO | 01_build_trial_table | Subject 131/230 | NYU-49 | starting discovery
2026-07-24 14:41:12,266 | INFO | 01_build_trial_table | Subject NYU-49: querying left-camera DLC sessions
2026-07-24 14:41:12,681 | INFO | 01_build_trial_table | Subject NYU-49: checking task protocol for 3 DLC sessions
2026-07-24 14:41:13,873 | INFO | 01_build_trial_table | Subject NYU-49: protocol checks 3/3 (3 ChoiceWorld)
2026-07-24 14:41:13,874 | INFO | 01_build_trial_table | Subject NYU-49: querying raw left-camera video sessions
2026-07-24 14:41:14,279 | INFO | 01_build_trial_table | Subject NYU-49: found 3 raw-video sessions
2026-07-24 14:41:14,279 | INFO | 01_build_trial_table | Subject 131/230 | NYU-49 | 3 ChoiceWorld DLC sessions; 3 video sessions
2026-07-24 14:41:14,279 | INFO | 01_build_trial_table | Subject 131/230 | NYU-49 | session 1/3 | loading 03b83d58-23d9-467e-bac1-e12ab34683c0
2026-07-24 14:41:16,803 | INFO | 01_build_trial_table | Loaded 03b83d58-23d9-467e-bac1-e12ab34683c0 | trials=494 | choices=468 | session time=3s | cumulative sessions=431/432 | cumulative trials=289589
2026-07-24 14:41:16,803 | INFO | 01_build_trial_table | Subject 131/230 | NYU-49 | session 2/3 | loading 3dad6235-17ae-4eb3-bcb8-8fb6f69876e0
2026-07-24 14:41:19,568 | INFO | 01_build_trial_table | Loaded 3dad6235-17ae-4eb3-bcb8-8fb6f69876e0 | trials=506 | choices=492 | session time=3s | cumulative sessions=432/433 | cumulative trials=290095
2026-07-24 14:41:19,568 | INFO | 01_build_trial_table | Subject 131/230 | NYU-49 | session 3/3 | loading 8747dfc2-3456-4059-93b3-16ed6a8d0748
2026-07-24 14:41:22,050 | INFO | 01_build_trial_table | Loaded 8747dfc2-3456-4059-93b3-16ed6a8d0748 | trials=754 | choices=746 | session time=2s | cumulative sessions=433/434 | cumulative trials=290849
2026-07-24 14:41:22,050 | INFO | 01_build_trial_table | Subject 131/230 | NYU-49 complete | elapsed=11s | total loaded sessions=433 | total trials=290849
2026-07-24 14:41:22,050 | INFO | 01_build_trial_table | Subject 132/230 | NYU-50 | starting discovery
2026-07-24 14:41:22,982 | INFO | 01_build_trial_table | Subject NYU-50: querying left-camera DLC sessions
2026-07-24 14:41:23,422 | INFO | 01_build_trial_table | Subject NYU-50: checking task protocol for 4 DLC sessions
2026-07-24 14:41:25,027 | INFO | 01_build_trial_table | Subject NYU-50: protocol checks 4/4 (4 ChoiceWorld)
2026-07-24 14:41:25,028 | INFO | 01_build_trial_table | Subject NYU-50: querying raw left-camera video sessions
2026-07-24 14:41:25,441 | INFO | 01_build_trial_table | Subject NYU-50: found 4 raw-video sessions
2026-07-24 14:41:25,441 | INFO | 01_build_trial_table | Subject 132/230 | NYU-50 | 4 ChoiceWorld DLC sessions; 4 video sessions
2026-07-24 14:41:25,441 | INFO | 01_build_trial_table | Subject 132/230 | NYU-50 | session 1/4 | loading 06446c29-941f-4dad-9577-e7f9833fcfde
2026-07-24 14:41:27,933 | INFO | 01_build_trial_table | Loaded 06446c29-941f-4dad-9577-e7f9833fcfde | trials=339 | choices=312 | session time=2s | cumulative sessions=434/435 | cumulative trials=291188
2026-07-24 14:41:27,933 | INFO | 01_build_trial_table | Subject 132/230 | NYU-50 | session 2/4 | loading 0d186d0f-38e3-41e8-b4b3-f8e1b5dc2d59
2026-07-24 14:41:30,408 | INFO | 01_build_trial_table | Loaded 0d186d0f-38e3-41e8-b4b3-f8e1b5dc2d59 | trials=430 | choices=385 | session time=2s | cumulative sessions=435/436 | cumulative trials=291618
2026-07-24 14:41:30,409 | INFO | 01_build_trial_table | Subject 132/230 | NYU-50 | session 3/4 | loading 7fe33e9a-a9d1-4357-99d2-3eb067c1db86
2026-07-24 14:41:32,880 | INFO | 01_build_trial_table | Loaded 7fe33e9a-a9d1-4357-99d2-3eb067c1db86 | trials=679 | choices=661 | session time=2s | cumulative sessions=436/437 | cumulative trials=292297
2026-07-24 14:41:32,880 | INFO | 01_build_trial_table | Subject 132/230 | NYU-50 | session 4/4 | loading c7972c13-7e45-4892-ba1b-f0abf0c94070
2026-07-24 14:41:35,382 | INFO | 01_build_trial_table | Loaded c7972c13-7e45-4892-ba1b-f0abf0c94070 | trials=794 | choices=776 | session time=3s | cumulative sessions=437/438 | cumulative trials=293091
2026-07-24 14:41:35,383 | INFO | 01_build_trial_table | Subject 132/230 | NYU-50 complete | elapsed=13s | total loaded sessions=437 | total trials=293091
2026-07-24 14:41:35,383 | INFO | 01_build_trial_table | Subject 133/230 | NYU-52 | starting discovery
2026-07-24 14:41:36,270 | INFO | 01_build_trial_table | Subject NYU-52: querying left-camera DLC sessions
2026-07-24 14:41:36,687 | INFO | 01_build_trial_table | Subject NYU-52: checking task protocol for 4 DLC sessions
2026-07-24 14:41:38,281 | INFO | 01_build_trial_table | Subject NYU-52: protocol checks 4/4 (4 ChoiceWorld)
2026-07-24 14:41:38,281 | INFO | 01_build_trial_table | Subject NYU-52: querying raw left-camera video sessions
2026-07-24 14:41:38,691 | INFO | 01_build_trial_table | Subject NYU-52: found 4 raw-video sessions
2026-07-24 14:41:38,691 | INFO | 01_build_trial_table | Subject 133/230 | NYU-52 | 4 ChoiceWorld DLC sessions; 4 video sessions
2026-07-24 14:41:38,691 | INFO | 01_build_trial_table | Subject 133/230 | NYU-52 | session 1/4 | loading 22bb2f57-c4d6-4867-9248-15857e14e453
2026-07-24 14:41:41,222 | INFO | 01_build_trial_table | Loaded 22bb2f57-c4d6-4867-9248-15857e14e453 | trials=541 | choices=500 | session time=3s | cumulative sessions=438/439 | cumulative trials=293632
2026-07-24 14:41:41,222 | INFO | 01_build_trial_table | Subject 133/230 | NYU-52 | session 2/4 | loading b72687bf-1452-4c33-8e9e-57d7676d6541
2026-07-24 14:41:43,834 | INFO | 01_build_trial_table | Loaded b72687bf-1452-4c33-8e9e-57d7676d6541 | trials=721 | choices=706 | session time=3s | cumulative sessions=439/440 | cumulative trials=294353
2026-07-24 14:41:43,834 | INFO | 01_build_trial_table | Subject 133/230 | NYU-52 | session 3/4 | loading ba361889-4c6c-4917-a6e4-fdfab243f2eb
2026-07-24 14:41:46,463 | INFO | 01_build_trial_table | Loaded ba361889-4c6c-4917-a6e4-fdfab243f2eb | trials=715 | choices=696 | session time=3s | cumulative sessions=440/441 | cumulative trials=295068
2026-07-24 14:41:46,463 | INFO | 01_build_trial_table | Subject 133/230 | NYU-52 | session 4/4 | loading c9f7374f-6b39-4e6a-b6c7-3e09738061bf
2026-07-24 14:41:48,962 | INFO | 01_build_trial_table | Loaded c9f7374f-6b39-4e6a-b6c7-3e09738061bf | trials=587 | choices=568 | session time=2s | cumulative sessions=441/442 | cumulative trials=295655
2026-07-24 14:41:48,962 | INFO | 01_build_trial_table | Subject 133/230 | NYU-52 complete | elapsed=14s | total loaded sessions=441 | total trials=295655
2026-07-24 14:41:48,962 | INFO | 01_build_trial_table | Subject 134/230 | NYU-56 | starting discovery
2026-07-24 14:41:49,922 | INFO | 01_build_trial_table | Subject NYU-56: querying left-camera DLC sessions
2026-07-24 14:41:50,345 | INFO | 01_build_trial_table | Subject NYU-56: checking task protocol for 4 DLC sessions
2026-07-24 14:41:51,936 | INFO | 01_build_trial_table | Subject NYU-56: protocol checks 4/4 (4 ChoiceWorld)
2026-07-24 14:41:51,936 | INFO | 01_build_trial_table | Subject NYU-56: querying raw left-camera video sessions
2026-07-24 14:41:52,366 | INFO | 01_build_trial_table | Subject NYU-56: found 4 raw-video sessions
2026-07-24 14:41:52,366 | INFO | 01_build_trial_table | Subject 134/230 | NYU-56 | 4 ChoiceWorld DLC sessions; 4 video sessions
2026-07-24 14:41:52,366 | INFO | 01_build_trial_table | Subject 134/230 | NYU-56 | session 1/4 | loading 35ec45f2-3309-4f28-b532-b942336dd01d
2026-07-24 14:41:54,885 | INFO | 01_build_trial_table | Loaded 35ec45f2-3309-4f28-b532-b942336dd01d | trials=610 | choices=584 | session time=3s | cumulative sessions=442/443 | cumulative trials=296265
2026-07-24 14:41:54,885 | INFO | 01_build_trial_table | Subject 134/230 | NYU-56 | session 2/4 | loading 79afa7ac-84ce-4bba-80a3-c83eb623d597
2026-07-24 14:41:57,436 | INFO | 01_build_trial_table | Loaded 79afa7ac-84ce-4bba-80a3-c83eb623d597 | trials=490 | choices=445 | session time=3s | cumulative sessions=443/444 | cumulative trials=296755
2026-07-24 14:41:57,436 | INFO | 01_build_trial_table | Subject 134/230 | NYU-56 | session 3/4 | loading 87dde49c-1ee8-4fdf-adff-21ea3b4500d8
2026-07-24 14:41:59,634 | INFO | 01_build_trial_table | Loaded 87dde49c-1ee8-4fdf-adff-21ea3b4500d8 | trials=621 | choices=596 | session time=2s | cumulative sessions=444/445 | cumulative trials=297376
2026-07-24 14:41:59,634 | INFO | 01_build_trial_table | Subject 134/230 | NYU-56 | session 4/4 | loading d8ef688e-9fd9-4c31-86c3-e8debbca2ae3
2026-07-24 14:42:02,547 | INFO | 01_build_trial_table | Loaded d8ef688e-9fd9-4c31-86c3-e8debbca2ae3 | trials=434 | choices=401 | session time=3s | cumulative sessions=445/446 | cumulative trials=297810
2026-07-24 14:42:02,547 | INFO | 01_build_trial_table | Subject 134/230 | NYU-56 complete | elapsed=14s | total loaded sessions=445 | total trials=297810
2026-07-24 14:42:02,547 | INFO | 01_build_trial_table | Subject 135/230 | NYU-57 | starting discovery
2026-07-24 14:42:03,562 | INFO | 01_build_trial_table | Subject NYU-57: querying left-camera DLC sessions
2026-07-24 14:42:03,982 | INFO | 01_build_trial_table | Subject NYU-57: checking task protocol for 3 DLC sessions
2026-07-24 14:42:05,163 | INFO | 01_build_trial_table | Subject NYU-57: protocol checks 3/3 (3 ChoiceWorld)
2026-07-24 14:42:05,163 | INFO | 01_build_trial_table | Subject NYU-57: querying raw left-camera video sessions
2026-07-24 14:42:05,570 | INFO | 01_build_trial_table | Subject NYU-57: found 3 raw-video sessions
2026-07-24 14:42:05,570 | INFO | 01_build_trial_table | Subject 135/230 | NYU-57 | 3 ChoiceWorld DLC sessions; 3 video sessions
2026-07-24 14:42:05,570 | INFO | 01_build_trial_table | Subject 135/230 | NYU-57 | session 1/3 | loading 005ff9c3-36d2-4b15-be6b-4ea5c564bc23
2026-07-24 14:42:08,029 | INFO | 01_build_trial_table | Loaded 005ff9c3-36d2-4b15-be6b-4ea5c564bc23 | trials=386 | choices=364 | session time=2s | cumulative sessions=446/447 | cumulative trials=298196
2026-07-24 14:42:08,029 | INFO | 01_build_trial_table | Subject 135/230 | NYU-57 | session 2/3 | loading 354c37f7-1025-46b2-8c95-4fe76bb6b60b
2026-07-24 14:42:10,494 | INFO | 01_build_trial_table | Loaded 354c37f7-1025-46b2-8c95-4fe76bb6b60b | trials=746 | choices=744 | session time=2s | cumulative sessions=447/448 | cumulative trials=298942
2026-07-24 14:42:10,494 | INFO | 01_build_trial_table | Subject 135/230 | NYU-57 | session 3/3 | loading 431012c1-caa6-46aa-a417-44b4bc29121f
2026-07-24 14:42:13,177 | INFO | 01_build_trial_table | Loaded 431012c1-caa6-46aa-a417-44b4bc29121f | trials=573 | choices=531 | session time=3s | cumulative sessions=448/449 | cumulative trials=299515
2026-07-24 14:42:13,177 | INFO | 01_build_trial_table | Subject 135/230 | NYU-57 complete | elapsed=11s | total loaded sessions=448 | total trials=299515
2026-07-24 14:42:13,177 | INFO | 01_build_trial_table | Subject 136/230 | NYU-58 | starting discovery
2026-07-24 14:42:14,171 | INFO | 01_build_trial_table | Subject NYU-58: querying left-camera DLC sessions
2026-07-24 14:42:14,592 | INFO | 01_build_trial_table | Subject NYU-58: checking task protocol for 4 DLC sessions
2026-07-24 14:42:16,182 | INFO | 01_build_trial_table | Subject NYU-58: protocol checks 4/4 (4 ChoiceWorld)
2026-07-24 14:42:16,182 | INFO | 01_build_trial_table | Subject NYU-58: querying raw left-camera video sessions
2026-07-24 14:42:16,594 | INFO | 01_build_trial_table | Subject NYU-58: found 4 raw-video sessions
2026-07-24 14:42:16,594 | INFO | 01_build_trial_table | Subject 136/230 | NYU-58 | 4 ChoiceWorld DLC sessions; 4 video sessions
2026-07-24 14:42:16,594 | INFO | 01_build_trial_table | Subject 136/230 | NYU-58 | session 1/4 | loading 4159f6c6-b93a-45fb-acfa-9d4a58a7cabf
2026-07-24 14:42:19,150 | INFO | 01_build_trial_table | Loaded 4159f6c6-b93a-45fb-acfa-9d4a58a7cabf | trials=709 | choices=698 | session time=3s | cumulative sessions=449/450 | cumulative trials=300224
2026-07-24 14:42:19,150 | INFO | 01_build_trial_table | Subject 136/230 | NYU-58 | session 2/4 | loading 91cc517d-628d-402f-a8a4-6bd239b97b36
2026-07-24 14:42:21,688 | INFO | 01_build_trial_table | Loaded 91cc517d-628d-402f-a8a4-6bd239b97b36 | trials=767 | choices=765 | session time=3s | cumulative sessions=450/451 | cumulative trials=300991
2026-07-24 14:42:21,688 | INFO | 01_build_trial_table | Subject 136/230 | NYU-58 | session 3/4 | loading a1342922-23c7-4982-9c72-6ca4a237439b
2026-07-24 14:42:24,246 | INFO | 01_build_trial_table | Loaded a1342922-23c7-4982-9c72-6ca4a237439b | trials=515 | choices=475 | session time=3s | cumulative sessions=451/452 | cumulative trials=301506
2026-07-24 14:42:24,246 | INFO | 01_build_trial_table | Subject 136/230 | NYU-58 | session 4/4 | loading cf1720c2-74cd-488c-b1d2-6ff6db6d1a74
2026-07-24 14:42:26,888 | INFO | 01_build_trial_table | Loaded cf1720c2-74cd-488c-b1d2-6ff6db6d1a74 | trials=702 | choices=690 | session time=3s | cumulative sessions=452/453 | cumulative trials=302208
2026-07-24 14:42:26,889 | INFO | 01_build_trial_table | Subject 136/230 | NYU-58 complete | elapsed=14s | total loaded sessions=452 | total trials=302208
2026-07-24 14:42:26,889 | INFO | 01_build_trial_table | Subject 137/230 | NYU-65 | starting discovery
2026-07-24 14:42:27,432 | INFO | 01_build_trial_table | Subject NYU-65: querying left-camera DLC sessions
2026-07-24 14:42:27,861 | INFO | 01_build_trial_table | Subject NYU-65: checking task protocol for 3 DLC sessions
2026-07-24 14:42:29,048 | INFO | 01_build_trial_table | Subject NYU-65: protocol checks 3/3 (3 ChoiceWorld)
2026-07-24 14:42:29,049 | INFO | 01_build_trial_table | Subject NYU-65: querying raw left-camera video sessions
2026-07-24 14:42:29,459 | INFO | 01_build_trial_table | Subject NYU-65: found 3 raw-video sessions
2026-07-24 14:42:29,459 | INFO | 01_build_trial_table | Subject 137/230 | NYU-65 | 3 ChoiceWorld DLC sessions; 3 video sessions
2026-07-24 14:42:29,459 | INFO | 01_build_trial_table | Subject 137/230 | NYU-65 | session 1/3 | loading 8c025071-c4f3-426c-9aed-f149e8f75b7b
2026-07-24 14:42:32,895 | INFO | 01_build_trial_table | Loaded 8c025071-c4f3-426c-9aed-f149e8f75b7b | trials=531 | choices=525 | session time=3s | cumulative sessions=453/454 | cumulative trials=302739
2026-07-24 14:42:32,895 | INFO | 01_build_trial_table | Subject 137/230 | NYU-65 | session 2/3 | loading a2ec6341-c55f-48a0-a23b-0ef2f5b1d71e
2026-07-24 14:42:36,285 | INFO | 01_build_trial_table | Loaded a2ec6341-c55f-48a0-a23b-0ef2f5b1d71e | trials=411 | choices=407 | session time=3s | cumulative sessions=454/455 | cumulative trials=303150
2026-07-24 14:42:36,285 | INFO | 01_build_trial_table | Subject 137/230 | NYU-65 | session 3/3 | loading bb8d9451-fdbd-4f46-b52e-9290e8f84d2e
2026-07-24 14:42:39,669 | INFO | 01_build_trial_table | Loaded bb8d9451-fdbd-4f46-b52e-9290e8f84d2e | trials=503 | choices=497 | session time=3s | cumulative sessions=455/456 | cumulative trials=303653
2026-07-24 14:42:39,669 | INFO | 01_build_trial_table | Subject 137/230 | NYU-65 complete | elapsed=13s | total loaded sessions=455 | total trials=303653
2026-07-24 14:42:39,669 | INFO | 01_build_trial_table | Subject 138/230 | PL015 | starting discovery
2026-07-24 14:42:40,764 | INFO | 01_build_trial_table | Subject PL015: querying left-camera DLC sessions
2026-07-24 14:42:41,180 | INFO | 01_build_trial_table | Subject PL015: checking task protocol for 5 DLC sessions
2026-07-24 14:42:43,166 | INFO | 01_build_trial_table | Subject PL015: protocol checks 5/5 (5 ChoiceWorld)
2026-07-24 14:42:43,166 | INFO | 01_build_trial_table | Subject PL015: querying raw left-camera video sessions
2026-07-24 14:42:43,577 | INFO | 01_build_trial_table | Subject PL015: found 5 raw-video sessions
2026-07-24 14:42:43,577 | INFO | 01_build_trial_table | Subject 138/230 | PL015 | 5 ChoiceWorld DLC sessions; 5 video sessions
2026-07-24 14:42:43,578 | INFO | 01_build_trial_table | Subject 138/230 | PL015 | session 1/5 | loading 09156021-9a1d-4e1d-ae59-48cbde3c5d42
2026-07-24 14:42:46,310 | INFO | 01_build_trial_table | Loaded 09156021-9a1d-4e1d-ae59-48cbde3c5d42 | trials=630 | choices=630 | session time=3s | cumulative sessions=456/457 | cumulative trials=304283
2026-07-24 14:42:46,311 | INFO | 01_build_trial_table | Subject 138/230 | PL015 | session 2/5 | loading 1d4a7bd6-296a-48b9-b20e-bd0ac80750a5
2026-07-24 14:42:49,124 | INFO | 01_build_trial_table | Loaded 1d4a7bd6-296a-48b9-b20e-bd0ac80750a5 | trials=417 | choices=414 | session time=3s | cumulative sessions=457/458 | cumulative trials=304700
2026-07-24 14:42:49,124 | INFO | 01_build_trial_table | Subject 138/230 | PL015 | session 3/5 | loading 64977c74-9c04-437a-9ea1-50386c4996db
2026-07-24 14:42:51,862 | INFO | 01_build_trial_table | Loaded 64977c74-9c04-437a-9ea1-50386c4996db | trials=817 | choices=817 | session time=3s | cumulative sessions=458/459 | cumulative trials=305517
2026-07-24 14:42:51,862 | INFO | 01_build_trial_table | Subject 138/230 | PL015 | session 4/5 | loading 90e524a2-aa63-47ce-b5b8-1b1941a1223a
2026-07-24 14:42:54,483 | INFO | 01_build_trial_table | Loaded 90e524a2-aa63-47ce-b5b8-1b1941a1223a | trials=419 | choices=417 | session time=3s | cumulative sessions=459/460 | cumulative trials=305936
2026-07-24 14:42:54,483 | INFO | 01_build_trial_table | Subject 138/230 | PL015 | session 5/5 | loading 9a6e127b-bb07-4be2-92e2-53dd858c2762
2026-07-24 14:42:57,402 | INFO | 01_build_trial_table | Loaded 9a6e127b-bb07-4be2-92e2-53dd858c2762 | trials=653 | choices=653 | session time=3s | cumulative sessions=460/461 | cumulative trials=306589
2026-07-24 14:42:57,402 | INFO | 01_build_trial_table | Subject 138/230 | PL015 complete | elapsed=18s | total loaded sessions=460 | total trials=306589
2026-07-24 14:42:57,402 | INFO | 01_build_trial_table | Subject 139/230 | PL016 | starting discovery
2026-07-24 14:42:58,121 | INFO | 01_build_trial_table | Subject PL016: querying left-camera DLC sessions
2026-07-24 14:42:58,530 | INFO | 01_build_trial_table | Subject PL016: checking task protocol for 1 DLC sessions
2026-07-24 14:42:58,919 | INFO | 01_build_trial_table | Subject PL016: protocol checks 1/1 (1 ChoiceWorld)
2026-07-24 14:42:58,919 | INFO | 01_build_trial_table | Subject PL016: querying raw left-camera video sessions
2026-07-24 14:42:59,326 | INFO | 01_build_trial_table | Subject PL016: found 1 raw-video sessions
2026-07-24 14:42:59,327 | INFO | 01_build_trial_table | Subject 139/230 | PL016 | 1 ChoiceWorld DLC sessions; 1 video sessions
2026-07-24 14:42:59,327 | INFO | 01_build_trial_table | Subject 139/230 | PL016 | session 1/1 | loading 58c4bf97-ec3b-45b4-9db4-d5d9515d5b00
2026-07-24 14:43:02,816 | INFO | 01_build_trial_table | Loaded 58c4bf97-ec3b-45b4-9db4-d5d9515d5b00 | trials=426 | choices=426 | session time=3s | cumulative sessions=461/462 | cumulative trials=307015
2026-07-24 14:43:02,816 | INFO | 01_build_trial_table | Subject 139/230 | PL016 complete | elapsed=5s | total loaded sessions=461 | total trials=307015
2026-07-24 14:43:02,816 | INFO | 01_build_trial_table | Subject 140/230 | PL017 | starting discovery
2026-07-24 14:43:03,545 | INFO | 01_build_trial_table | Subject PL017: querying left-camera DLC sessions
2026-07-24 14:43:03,964 | INFO | 01_build_trial_table | Subject PL017: checking task protocol for 6 DLC sessions
2026-07-24 14:43:06,337 | INFO | 01_build_trial_table | Subject PL017: protocol checks 6/6 (6 ChoiceWorld)
2026-07-24 14:43:06,337 | INFO | 01_build_trial_table | Subject PL017: querying raw left-camera video sessions
2026-07-24 14:43:06,762 | INFO | 01_build_trial_table | Subject PL017: found 6 raw-video sessions
2026-07-24 14:43:06,762 | INFO | 01_build_trial_table | Subject 140/230 | PL017 | 6 ChoiceWorld DLC sessions; 6 video sessions
2026-07-24 14:43:06,762 | INFO | 01_build_trial_table | Subject 140/230 | PL017 | session 1/6 | loading 10fac7a1-919d-4ca7-83c4-4675bd8d9416
2026-07-24 14:43:09,451 | INFO | 01_build_trial_table | Loaded 10fac7a1-919d-4ca7-83c4-4675bd8d9416 | trials=546 | choices=545 | session time=3s | cumulative sessions=462/463 | cumulative trials=307561
2026-07-24 14:43:09,452 | INFO | 01_build_trial_table | Subject 140/230 | PL017 | session 2/6 | loading 1b61b7f2-a599-4e40-abd6-3e758d2c9e25
2026-07-24 14:43:12,082 | INFO | 01_build_trial_table | Loaded 1b61b7f2-a599-4e40-abd6-3e758d2c9e25 | trials=875 | choices=875 | session time=3s | cumulative sessions=463/464 | cumulative trials=308436
2026-07-24 14:43:12,082 | INFO | 01_build_trial_table | Subject 140/230 | PL017 | session 3/6 | loading 68775ca0-b056-48d5-b6ae-a4c2a76ae48f
2026-07-24 14:43:14,809 | INFO | 01_build_trial_table | Loaded 68775ca0-b056-48d5-b6ae-a4c2a76ae48f | trials=817 | choices=813 | session time=3s | cumulative sessions=464/465 | cumulative trials=309253
2026-07-24 14:43:14,809 | INFO | 01_build_trial_table | Subject 140/230 | PL017 | session 4/6 | loading 8b1f4024-3d96-4ee7-95f9-8a1dfd4ce4ef
2026-07-24 14:43:17,505 | INFO | 01_build_trial_table | Loaded 8b1f4024-3d96-4ee7-95f9-8a1dfd4ce4ef | trials=401 | choices=394 | session time=3s | cumulative sessions=465/466 | cumulative trials=309654
2026-07-24 14:43:17,505 | INFO | 01_build_trial_table | Subject 140/230 | PL017 | session 5/6 | loading d71e565d-4ddb-42df-849e-f99cfdeced52
2026-07-24 14:43:20,893 | INFO | 01_build_trial_table | Loaded d71e565d-4ddb-42df-849e-f99cfdeced52 | trials=600 | choices=596 | session time=3s | cumulative sessions=466/467 | cumulative trials=310254
2026-07-24 14:43:20,894 | INFO | 01_build_trial_table | Subject 140/230 | PL017 | session 6/6 | loading f27e6cd6-cdd3-4524-b8e3-8146046e2a7d
2026-07-24 14:43:23,540 | INFO | 01_build_trial_table | Loaded f27e6cd6-cdd3-4524-b8e3-8146046e2a7d | trials=419 | choices=419 | session time=3s | cumulative sessions=467/468 | cumulative trials=310673
2026-07-24 14:43:23,540 | INFO | 01_build_trial_table | Subject 140/230 | PL017 complete | elapsed=21s | total loaded sessions=467 | total trials=310673
2026-07-24 14:43:23,540 | INFO | 01_build_trial_table | Subject 141/230 | PL024 | starting discovery
2026-07-24 14:43:24,065 | INFO | 01_build_trial_table | Subject PL024: querying left-camera DLC sessions
2026-07-24 14:43:24,466 | INFO | 01_build_trial_table | Subject PL024: checking task protocol for 1 DLC sessions
2026-07-24 14:43:24,874 | INFO | 01_build_trial_table | Subject PL024: protocol checks 1/1 (1 ChoiceWorld)
2026-07-24 14:43:24,874 | INFO | 01_build_trial_table | Subject PL024: querying raw left-camera video sessions
2026-07-24 14:43:25,281 | INFO | 01_build_trial_table | Subject PL024: found 1 raw-video sessions
2026-07-24 14:43:25,282 | INFO | 01_build_trial_table | Subject 141/230 | PL024 | 1 ChoiceWorld DLC sessions; 1 video sessions
2026-07-24 14:43:25,282 | INFO | 01_build_trial_table | Subject 141/230 | PL024 | session 1/1 | loading 30af8629-7b96-45b7-8778-374720ddbc5e
2026-07-24 14:43:28,004 | INFO | 01_build_trial_table | Loaded 30af8629-7b96-45b7-8778-374720ddbc5e | trials=416 | choices=413 | session time=3s | cumulative sessions=468/469 | cumulative trials=311089
2026-07-24 14:43:28,005 | INFO | 01_build_trial_table | Subject 141/230 | PL024 complete | elapsed=4s | total loaded sessions=468 | total trials=311089
2026-07-24 14:43:28,005 | INFO | 01_build_trial_table | Subject 142/230 | PL030 | starting discovery
2026-07-24 14:43:28,824 | INFO | 01_build_trial_table | Subject PL030: querying left-camera DLC sessions
2026-07-24 14:43:29,238 | INFO | 01_build_trial_table | Subject PL030: checking task protocol for 8 DLC sessions
2026-07-24 14:43:32,435 | INFO | 01_build_trial_table | Subject PL030: protocol checks 8/8 (8 ChoiceWorld)
2026-07-24 14:43:32,435 | INFO | 01_build_trial_table | Subject PL030: querying raw left-camera video sessions
2026-07-24 14:43:32,856 | INFO | 01_build_trial_table | Subject PL030: found 8 raw-video sessions
2026-07-24 14:43:32,857 | INFO | 01_build_trial_table | Subject 142/230 | PL030 | 8 ChoiceWorld DLC sessions; 8 video sessions
2026-07-24 14:43:32,857 | INFO | 01_build_trial_table | Subject 142/230 | PL030 | session 1/8 | loading 2038e95d-64d4-4ecb-83d0-1308d3c598f8
2026-07-24 14:43:35,549 | INFO | 01_build_trial_table | Loaded 2038e95d-64d4-4ecb-83d0-1308d3c598f8 | trials=535 | choices=535 | session time=3s | cumulative sessions=469/470 | cumulative trials=311624
2026-07-24 14:43:35,550 | INFO | 01_build_trial_table | Subject 142/230 | PL030 | session 2/8 | loading 233617ec-c5cf-4eda-afc8-3b1d94f36d73
2026-07-24 14:43:38,291 | INFO | 01_build_trial_table | Loaded 233617ec-c5cf-4eda-afc8-3b1d94f36d73 | trials=444 | choices=438 | session time=3s | cumulative sessions=470/471 | cumulative trials=312068
2026-07-24 14:43:38,291 | INFO | 01_build_trial_table | Subject 142/230 | PL030 | session 3/8 | loading 283ecb4c-e529-409c-9f0a-8ea5191dcf50
2026-07-24 14:43:41,115 | INFO | 01_build_trial_table | Loaded 283ecb4c-e529-409c-9f0a-8ea5191dcf50 | trials=487 | choices=487 | session time=3s | cumulative sessions=471/472 | cumulative trials=312555
2026-07-24 14:43:41,116 | INFO | 01_build_trial_table | Subject 142/230 | PL030 | session 4/8 | loading 500a71dd-8768-4211-a1fe-1fafc9fcbf29
2026-07-24 14:43:43,932 | INFO | 01_build_trial_table | Loaded 500a71dd-8768-4211-a1fe-1fafc9fcbf29 | trials=408 | choices=406 | session time=3s | cumulative sessions=472/473 | cumulative trials=312963
2026-07-24 14:43:43,932 | INFO | 01_build_trial_table | Subject 142/230 | PL030 | session 5/8 | loading 61caa69d-088b-465a-b9d0-d75341dabac6
2026-07-24 14:43:47,003 | INFO | 01_build_trial_table | Loaded 61caa69d-088b-465a-b9d0-d75341dabac6 | trials=504 | choices=504 | session time=3s | cumulative sessions=473/474 | cumulative trials=313467
2026-07-24 14:43:47,003 | INFO | 01_build_trial_table | Subject 142/230 | PL030 | session 6/8 | loading 6bf810fd-fbeb-4eea-9ea7-b6791d002b22
2026-07-24 14:43:49,762 | INFO | 01_build_trial_table | Loaded 6bf810fd-fbeb-4eea-9ea7-b6791d002b22 | trials=489 | choices=489 | session time=3s | cumulative sessions=474/475 | cumulative trials=313956
2026-07-24 14:43:49,762 | INFO | 01_build_trial_table | Subject 142/230 | PL030 | session 7/8 | loading bd07e3a7-09c3-4b67-996b-42b6d5cedf1c
2026-07-24 14:43:52,504 | INFO | 01_build_trial_table | Loaded bd07e3a7-09c3-4b67-996b-42b6d5cedf1c | trials=473 | choices=473 | session time=3s | cumulative sessions=475/476 | cumulative trials=314429
2026-07-24 14:43:52,504 | INFO | 01_build_trial_table | Subject 142/230 | PL030 | session 8/8 | loading c16d3557-b2c1-4545-93d0-112ac0915d93
2026-07-24 14:43:55,186 | INFO | 01_build_trial_table | Loaded c16d3557-b2c1-4545-93d0-112ac0915d93 | trials=532 | choices=531 | session time=3s | cumulative sessions=476/477 | cumulative trials=314961
2026-07-24 14:43:55,187 | INFO | 01_build_trial_table | Subject 142/230 | PL030 complete | elapsed=27s | total loaded sessions=476 | total trials=314961
2026-07-24 14:43:55,187 | INFO | 01_build_trial_table | Subject 143/230 | PL031 | starting discovery
2026-07-24 14:43:56,057 | INFO | 01_build_trial_table | Subject PL031: querying left-camera DLC sessions
2026-07-24 14:43:56,465 | INFO | 01_build_trial_table | Subject PL031: checking task protocol for 5 DLC sessions
2026-07-24 14:43:58,416 | INFO | 01_build_trial_table | Subject PL031: protocol checks 5/5 (5 ChoiceWorld)
2026-07-24 14:43:58,417 | INFO | 01_build_trial_table | Subject PL031: querying raw left-camera video sessions
2026-07-24 14:43:58,825 | INFO | 01_build_trial_table | Subject PL031: found 5 raw-video sessions
2026-07-24 14:43:58,826 | INFO | 01_build_trial_table | Subject 143/230 | PL031 | 5 ChoiceWorld DLC sessions; 5 video sessions
2026-07-24 14:43:58,826 | INFO | 01_build_trial_table | Subject 143/230 | PL031 | session 1/5 | loading 9fcbd1a0-77e6-4c41-9428-eeaee74becd5
2026-07-24 14:44:01,892 | INFO | 01_build_trial_table | Loaded 9fcbd1a0-77e6-4c41-9428-eeaee74becd5 | trials=522 | choices=522 | session time=3s | cumulative sessions=477/478 | cumulative trials=315483
2026-07-24 14:44:01,892 | INFO | 01_build_trial_table | Subject 143/230 | PL031 | session 2/5 | loading c23b4118-db40-4333-af1d-933154b533c6
2026-07-24 14:44:04,961 | INFO | 01_build_trial_table | Loaded c23b4118-db40-4333-af1d-933154b533c6 | trials=457 | choices=456 | session time=3s | cumulative sessions=478/479 | cumulative trials=315940
2026-07-24 14:44:04,962 | INFO | 01_build_trial_table | Subject 143/230 | PL031 | session 3/5 | loading c8e11fd8-d130-4f06-abba-9aa20240ce7c
2026-07-24 14:44:07,684 | INFO | 01_build_trial_table | Loaded c8e11fd8-d130-4f06-abba-9aa20240ce7c | trials=632 | choices=632 | session time=3s | cumulative sessions=479/480 | cumulative trials=316572
2026-07-24 14:44:07,684 | INFO | 01_build_trial_table | Subject 143/230 | PL031 | session 4/5 | loading ef38e503-dd79-4185-bf87-4712d4f274fe
2026-07-24 14:44:10,453 | INFO | 01_build_trial_table | Loaded ef38e503-dd79-4185-bf87-4712d4f274fe | trials=577 | choices=577 | session time=3s | cumulative sessions=480/481 | cumulative trials=317149
2026-07-24 14:44:10,453 | INFO | 01_build_trial_table | Subject 143/230 | PL031 | session 5/5 | loading fbd28ea6-3251-48e0-b215-2c51ec5185f7
2026-07-24 14:44:13,138 | INFO | 01_build_trial_table | Loaded fbd28ea6-3251-48e0-b215-2c51ec5185f7 | trials=629 | choices=629 | session time=3s | cumulative sessions=481/482 | cumulative trials=317778
2026-07-24 14:44:13,138 | INFO | 01_build_trial_table | Subject 143/230 | PL031 complete | elapsed=18s | total loaded sessions=481 | total trials=317778
2026-07-24 14:44:13,138 | INFO | 01_build_trial_table | Subject 144/230 | PL033 | starting discovery
2026-07-24 14:44:14,066 | INFO | 01_build_trial_table | Subject PL033: querying left-camera DLC sessions
2026-07-24 14:44:14,497 | INFO | 01_build_trial_table | Subject PL033: checking task protocol for 13 DLC sessions
2026-07-24 14:44:18,387 | INFO | 01_build_trial_table | Subject PL033: protocol checks 10/13 (10 ChoiceWorld)
2026-07-24 14:44:19,572 | INFO | 01_build_trial_table | Subject PL033: protocol checks 13/13 (13 ChoiceWorld)
2026-07-24 14:44:19,573 | INFO | 01_build_trial_table | Subject PL033: querying raw left-camera video sessions
2026-07-24 14:44:19,999 | INFO | 01_build_trial_table | Subject PL033: found 13 raw-video sessions
2026-07-24 14:44:19,999 | INFO | 01_build_trial_table | Subject 144/230 | PL033 | 13 ChoiceWorld DLC sessions; 13 video sessions
2026-07-24 14:44:19,999 | INFO | 01_build_trial_table | Subject 144/230 | PL033 | session 1/13 | loading 2ab7d2c2-bcb7-4ae6-9626-f3786c22d970
2026-07-24 14:44:22,742 | INFO | 01_build_trial_table | Loaded 2ab7d2c2-bcb7-4ae6-9626-f3786c22d970 | trials=591 | choices=590 | session time=3s | cumulative sessions=482/483 | cumulative trials=318369
2026-07-24 14:44:22,742 | INFO | 01_build_trial_table | Subject 144/230 | PL033 | session 2/13 | loading 37ac03f1-9831-4a30-90fc-a59e635b98bd
2026-07-24 14:44:25,534 | INFO | 01_build_trial_table | Loaded 37ac03f1-9831-4a30-90fc-a59e635b98bd | trials=490 | choices=489 | session time=3s | cumulative sessions=483/484 | cumulative trials=318859
2026-07-24 14:44:25,534 | INFO | 01_build_trial_table | Subject 144/230 | PL033 | session 3/13 | loading 4546cd60-fa2a-4d20-a9b6-d091e01d16f2
2026-07-24 14:44:28,297 | INFO | 01_build_trial_table | Loaded 4546cd60-fa2a-4d20-a9b6-d091e01d16f2 | trials=550 | choices=550 | session time=3s | cumulative sessions=484/485 | cumulative trials=319409
2026-07-24 14:44:28,297 | INFO | 01_build_trial_table | Subject 144/230 | PL033 | session 4/13 | loading 49250fba-801c-4867-a0a7-a1e19538cb61
2026-07-24 14:44:31,193 | INFO | 01_build_trial_table | Loaded 49250fba-801c-4867-a0a7-a1e19538cb61 | trials=678 | choices=678 | session time=3s | cumulative sessions=485/486 | cumulative trials=320087
2026-07-24 14:44:31,193 | INFO | 01_build_trial_table | Subject 144/230 | PL033 | session 5/13 | loading 62902992-8432-46fb-af12-6392012e58c7
2026-07-24 14:44:33,848 | INFO | 01_build_trial_table | Loaded 62902992-8432-46fb-af12-6392012e58c7 | trials=659 | choices=659 | session time=3s | cumulative sessions=486/487 | cumulative trials=320746
2026-07-24 14:44:33,848 | INFO | 01_build_trial_table | Subject 144/230 | PL033 | session 6/13 | loading 75db708a-9952-4452-a5b1-a851d88f8e28
2026-07-24 14:44:36,622 | INFO | 01_build_trial_table | Loaded 75db708a-9952-4452-a5b1-a851d88f8e28 | trials=551 | choices=551 | session time=3s | cumulative sessions=487/488 | cumulative trials=321297
2026-07-24 14:44:36,623 | INFO | 01_build_trial_table | Subject 144/230 | PL033 | session 7/13 | loading 7f150b7c-c261-46e6-9edb-cc391c9d9f03
2026-07-24 14:44:39,344 | INFO | 01_build_trial_table | Loaded 7f150b7c-c261-46e6-9edb-cc391c9d9f03 | trials=656 | choices=656 | session time=3s | cumulative sessions=488/489 | cumulative trials=321953
2026-07-24 14:44:39,344 | INFO | 01_build_trial_table | Subject 144/230 | PL033 | session 8/13 | loading 837b4e6a-ccfd-49b0-a1dd-3aa53fbf2ecb
2026-07-24 14:44:42,028 | INFO | 01_build_trial_table | Loaded 837b4e6a-ccfd-49b0-a1dd-3aa53fbf2ecb | trials=560 | choices=560 | session time=3s | cumulative sessions=489/490 | cumulative trials=322513
2026-07-24 14:44:42,028 | INFO | 01_build_trial_table | Subject 144/230 | PL033 | session 9/13 | loading 94dabed1-741c-4ddd-a6b7-70561e27b750
2026-07-24 14:44:44,790 | INFO | 01_build_trial_table | Loaded 94dabed1-741c-4ddd-a6b7-70561e27b750 | trials=629 | choices=629 | session time=3s | cumulative sessions=490/491 | cumulative trials=323142
2026-07-24 14:44:44,790 | INFO | 01_build_trial_table | Subject 144/230 | PL033 | session 10/13 | loading 9fc31d79-b56f-46d0-92a0-e9563caf4a7a
2026-07-24 14:44:47,587 | INFO | 01_build_trial_table | Loaded 9fc31d79-b56f-46d0-92a0-e9563caf4a7a | trials=420 | choices=419 | session time=3s | cumulative sessions=491/492 | cumulative trials=323562
2026-07-24 14:44:47,587 | INFO | 01_build_trial_table | Subject 144/230 | PL033 | session 11/13 | loading a34b4013-414b-42ed-9318-e93fbbc71e7b
2026-07-24 14:44:50,280 | INFO | 01_build_trial_table | Loaded a34b4013-414b-42ed-9318-e93fbbc71e7b | trials=711 | choices=711 | session time=3s | cumulative sessions=492/493 | cumulative trials=324273
2026-07-24 14:44:50,280 | INFO | 01_build_trial_table | Subject 144/230 | PL033 | session 12/13 | loading be164a14-6e73-42c3-ab60-d29c48693c0f
2026-07-24 14:44:53,008 | INFO | 01_build_trial_table | Loaded be164a14-6e73-42c3-ab60-d29c48693c0f | trials=420 | choices=420 | session time=3s | cumulative sessions=493/494 | cumulative trials=324693
2026-07-24 14:44:53,008 | INFO | 01_build_trial_table | Subject 144/230 | PL033 | session 13/13 | loading cef05f87-161b-4031-932c-6f47daf89698
2026-07-24 14:44:55,720 | INFO | 01_build_trial_table | Loaded cef05f87-161b-4031-932c-6f47daf89698 | trials=586 | choices=586 | session time=3s | cumulative sessions=494/495 | cumulative trials=325279
2026-07-24 14:44:55,721 | INFO | 01_build_trial_table | Subject 144/230 | PL033 complete | elapsed=43s | total loaded sessions=494 | total trials=325279
2026-07-24 14:44:55,721 | INFO | 01_build_trial_table | Subject 145/230 | PL034 | starting discovery
2026-07-24 14:44:56,205 | INFO | 01_build_trial_table | Subject PL034: querying left-camera DLC sessions
2026-07-24 14:44:56,611 | INFO | 01_build_trial_table | Subject PL034: checking task protocol for 3 DLC sessions
2026-07-24 14:44:57,794 | INFO | 01_build_trial_table | Subject PL034: protocol checks 3/3 (3 ChoiceWorld)
2026-07-24 14:44:57,794 | INFO | 01_build_trial_table | Subject PL034: querying raw left-camera video sessions
2026-07-24 14:44:58,197 | INFO | 01_build_trial_table | Subject PL034: found 3 raw-video sessions
2026-07-24 14:44:58,197 | INFO | 01_build_trial_table | Subject 145/230 | PL034 | 3 ChoiceWorld DLC sessions; 3 video sessions
2026-07-24 14:44:58,197 | INFO | 01_build_trial_table | Subject 145/230 | PL034 | session 1/3 | loading 3bb54985-77b2-421d-9d1f-46185be51216
2026-07-24 14:45:01,005 | INFO | 01_build_trial_table | Loaded 3bb54985-77b2-421d-9d1f-46185be51216 | trials=755 | choices=754 | session time=3s | cumulative sessions=495/496 | cumulative trials=326034
2026-07-24 14:45:01,006 | INFO | 01_build_trial_table | Subject 145/230 | PL034 | session 2/3 | loading 6cbeead9-bb7a-40e1-8ccd-47ae60239654
2026-07-24 14:45:04,885 | INFO | 01_build_trial_table | Loaded 6cbeead9-bb7a-40e1-8ccd-47ae60239654 | trials=499 | choices=499 | session time=4s | cumulative sessions=496/497 | cumulative trials=326533
2026-07-24 14:45:04,885 | INFO | 01_build_trial_table | Subject 145/230 | PL034 | session 3/3 | loading 87ad026d-5b95-4022-8d59-c260870d830f
2026-07-24 14:45:07,746 | INFO | 01_build_trial_table | Loaded 87ad026d-5b95-4022-8d59-c260870d830f | trials=926 | choices=926 | session time=3s | cumulative sessions=497/498 | cumulative trials=327459
2026-07-24 14:45:07,746 | INFO | 01_build_trial_table | Subject 145/230 | PL034 complete | elapsed=12s | total loaded sessions=497 | total trials=327459
2026-07-24 14:45:07,746 | INFO | 01_build_trial_table | Subject 146/230 | PL035 | starting discovery
2026-07-24 14:45:08,610 | INFO | 01_build_trial_table | Subject PL035: querying left-camera DLC sessions
2026-07-24 14:45:09,024 | INFO | 01_build_trial_table | Subject PL035: checking task protocol for 4 DLC sessions
2026-07-24 14:45:10,619 | INFO | 01_build_trial_table | Subject PL035: protocol checks 4/4 (4 ChoiceWorld)
2026-07-24 14:45:10,619 | INFO | 01_build_trial_table | Subject PL035: querying raw left-camera video sessions
2026-07-24 14:45:11,031 | INFO | 01_build_trial_table | Subject PL035: found 4 raw-video sessions
2026-07-24 14:45:11,032 | INFO | 01_build_trial_table | Subject 146/230 | PL035 | 4 ChoiceWorld DLC sessions; 4 video sessions
2026-07-24 14:45:11,032 | INFO | 01_build_trial_table | Subject 146/230 | PL035 | session 1/4 | loading 04749a70-ac63-477d-8392-d4d529184fab
2026-07-24 14:45:13,727 | INFO | 01_build_trial_table | Loaded 04749a70-ac63-477d-8392-d4d529184fab | trials=593 | choices=593 | session time=3s | cumulative sessions=498/499 | cumulative trials=328052
2026-07-24 14:45:13,727 | INFO | 01_build_trial_table | Subject 146/230 | PL035 | session 2/4 | loading 36573e0b-ddd6-4504-94ec-9a23c877486c
2026-07-24 14:45:16,799 | INFO | 01_build_trial_table | Loaded 36573e0b-ddd6-4504-94ec-9a23c877486c | trials=516 | choices=516 | session time=3s | cumulative sessions=499/500 | cumulative trials=328568
2026-07-24 14:45:16,800 | INFO | 01_build_trial_table | Subject 146/230 | PL035 | session 3/4 | loading 5437ec1f-6535-470c-80b8-4c8806ee085d
2026-07-24 14:45:19,522 | INFO | 01_build_trial_table | Loaded 5437ec1f-6535-470c-80b8-4c8806ee085d | trials=512 | choices=512 | session time=3s | cumulative sessions=500/501 | cumulative trials=329080
2026-07-24 14:45:19,522 | INFO | 01_build_trial_table | Subject 146/230 | PL035 | session 4/4 | loading a2b9fbbe-79fc-4166-a16e-b307813a2f06
2026-07-24 14:45:22,213 | INFO | 01_build_trial_table | Loaded a2b9fbbe-79fc-4166-a16e-b307813a2f06 | trials=469 | choices=469 | session time=3s | cumulative sessions=501/502 | cumulative trials=329549
2026-07-24 14:45:22,214 | INFO | 01_build_trial_table | Subject 146/230 | PL035 complete | elapsed=14s | total loaded sessions=501 | total trials=329549
2026-07-24 14:45:22,214 | INFO | 01_build_trial_table | Subject 147/230 | PL037 | starting discovery
2026-07-24 14:45:23,044 | INFO | 01_build_trial_table | Subject PL037: querying left-camera DLC sessions
2026-07-24 14:45:23,479 | INFO | 01_build_trial_table | Subject PL037: checking task protocol for 6 DLC sessions
2026-07-24 14:45:25,843 | INFO | 01_build_trial_table | Subject PL037: protocol checks 6/6 (6 ChoiceWorld)
2026-07-24 14:45:25,844 | INFO | 01_build_trial_table | Subject PL037: querying raw left-camera video sessions
2026-07-24 14:45:26,257 | INFO | 01_build_trial_table | Subject PL037: found 6 raw-video sessions
2026-07-24 14:45:26,258 | INFO | 01_build_trial_table | Subject 147/230 | PL037 | 6 ChoiceWorld DLC sessions; 6 video sessions
2026-07-24 14:45:26,258 | INFO | 01_build_trial_table | Subject 147/230 | PL037 | session 1/6 | loading 14127fdb-2e66-4823-b124-f49c128ba94d
2026-07-24 14:45:28,934 | INFO | 01_build_trial_table | Loaded 14127fdb-2e66-4823-b124-f49c128ba94d | trials=629 | choices=628 | session time=3s | cumulative sessions=502/503 | cumulative trials=330178
2026-07-24 14:45:28,934 | INFO | 01_build_trial_table | Subject 147/230 | PL037 | session 2/6 | loading 62ff920c-2fdd-4feb-9d9f-0d66f2e595a1
2026-07-24 14:45:31,785 | INFO | 01_build_trial_table | Loaded 62ff920c-2fdd-4feb-9d9f-0d66f2e595a1 | trials=627 | choices=627 | session time=3s | cumulative sessions=503/504 | cumulative trials=330805
2026-07-24 14:45:31,785 | INFO | 01_build_trial_table | Subject 147/230 | PL037 | session 3/6 | loading 7235b10c-6621-44ea-abe9-01559633472d
2026-07-24 14:45:34,520 | INFO | 01_build_trial_table | Loaded 7235b10c-6621-44ea-abe9-01559633472d | trials=610 | choices=610 | session time=3s | cumulative sessions=504/505 | cumulative trials=331415
2026-07-24 14:45:34,520 | INFO | 01_build_trial_table | Subject 147/230 | PL037 | session 4/6 | loading 7eeb8423-49e6-4d40-ab6f-703d17af231a
2026-07-24 14:45:37,316 | INFO | 01_build_trial_table | Loaded 7eeb8423-49e6-4d40-ab6f-703d17af231a | trials=632 | choices=632 | session time=3s | cumulative sessions=505/506 | cumulative trials=332047
2026-07-24 14:45:37,316 | INFO | 01_build_trial_table | Subject 147/230 | PL037 | session 5/6 | loading d23b005f-46f5-4fe1-870c-f55f6eb9533d
2026-07-24 14:45:40,047 | INFO | 01_build_trial_table | Loaded d23b005f-46f5-4fe1-870c-f55f6eb9533d | trials=586 | choices=583 | session time=3s | cumulative sessions=506/507 | cumulative trials=332633
2026-07-24 14:45:40,047 | INFO | 01_build_trial_table | Subject 147/230 | PL037 | session 6/6 | loading fd03d365-91df-41e2-ad81-9e0e4b9f5c7b
2026-07-24 14:45:42,730 | INFO | 01_build_trial_table | Loaded fd03d365-91df-41e2-ad81-9e0e4b9f5c7b | trials=601 | choices=601 | session time=3s | cumulative sessions=507/508 | cumulative trials=333234
2026-07-24 14:45:42,730 | INFO | 01_build_trial_table | Subject 147/230 | PL037 complete | elapsed=21s | total loaded sessions=507 | total trials=333234
2026-07-24 14:45:42,730 | INFO | 01_build_trial_table | Subject 148/230 | PL050 | starting discovery
2026-07-24 14:45:43,300 | INFO | 01_build_trial_table | Subject PL050: querying left-camera DLC sessions
2026-07-24 14:45:43,721 | INFO | 01_build_trial_table | Subject PL050: checking task protocol for 9 DLC sessions
2026-07-24 14:45:47,304 | INFO | 01_build_trial_table | Subject PL050: protocol checks 9/9 (9 ChoiceWorld)
2026-07-24 14:45:47,304 | INFO | 01_build_trial_table | Subject PL050: querying raw left-camera video sessions
2026-07-24 14:45:47,722 | INFO | 01_build_trial_table | Subject PL050: found 9 raw-video sessions
2026-07-24 14:45:47,723 | INFO | 01_build_trial_table | Subject 148/230 | PL050 | 9 ChoiceWorld DLC sessions; 9 video sessions
2026-07-24 14:45:47,723 | INFO | 01_build_trial_table | Subject 148/230 | PL050 | session 1/9 | loading 0cf6d255-8f2f-463e-84fb-c54bacb79f51
2026-07-24 14:45:50,539 | INFO | 01_build_trial_table | Loaded 0cf6d255-8f2f-463e-84fb-c54bacb79f51 | trials=702 | choices=702 | session time=3s | cumulative sessions=508/509 | cumulative trials=333936
2026-07-24 14:45:50,539 | INFO | 01_build_trial_table | Subject 148/230 | PL050 | session 2/9 | loading 1dbba733-24a4-4400-9436-53f1bd8428e8
2026-07-24 14:45:54,030 | INFO | 01_build_trial_table | Loaded 1dbba733-24a4-4400-9436-53f1bd8428e8 | trials=620 | choices=620 | session time=3s | cumulative sessions=509/510 | cumulative trials=334556
2026-07-24 14:45:54,031 | INFO | 01_build_trial_table | Subject 148/230 | PL050 | session 3/9 | loading 2584ce3c-db10-4076-89cb-5d313138dd38
2026-07-24 14:45:56,750 | INFO | 01_build_trial_table | Loaded 2584ce3c-db10-4076-89cb-5d313138dd38 | trials=712 | choices=712 | session time=3s | cumulative sessions=510/511 | cumulative trials=335268
2026-07-24 14:45:56,750 | INFO | 01_build_trial_table | Subject 148/230 | PL050 | session 4/9 | loading 37bbc17f-8dec-4fa8-97fd-e23a5c6bad1f
2026-07-24 14:45:59,470 | INFO | 01_build_trial_table | Loaded 37bbc17f-8dec-4fa8-97fd-e23a5c6bad1f | trials=759 | choices=759 | session time=3s | cumulative sessions=511/512 | cumulative trials=336027
2026-07-24 14:45:59,470 | INFO | 01_build_trial_table | Subject 148/230 | PL050 | session 5/9 | loading 6ab9d98c-b1e9-4574-b8fe-b9eec88097e0
2026-07-24 14:46:03,397 | INFO | 01_build_trial_table | Loaded 6ab9d98c-b1e9-4574-b8fe-b9eec88097e0 | trials=874 | choices=874 | session time=4s | cumulative sessions=512/513 | cumulative trials=336901
2026-07-24 14:46:03,397 | INFO | 01_build_trial_table | Subject 148/230 | PL050 | session 6/9 | loading 98e0074c-706a-40e5-bbb5-223f97585a99
2026-07-24 14:46:06,899 | INFO | 01_build_trial_table | Loaded 98e0074c-706a-40e5-bbb5-223f97585a99 | trials=740 | choices=740 | session time=4s | cumulative sessions=513/514 | cumulative trials=337641
2026-07-24 14:46:06,899 | INFO | 01_build_trial_table | Subject 148/230 | PL050 | session 7/9 | loading c02e5155-8e8f-427e-873d-d61490bbb9c3
2026-07-24 14:46:09,627 | INFO | 01_build_trial_table | Loaded c02e5155-8e8f-427e-873d-d61490bbb9c3 | trials=929 | choices=929 | session time=3s | cumulative sessions=514/515 | cumulative trials=338570
2026-07-24 14:46:09,627 | INFO | 01_build_trial_table | Subject 148/230 | PL050 | session 8/9 | loading e6bdb1f4-b0bf-4451-8f23-4384f2102f91
2026-07-24 14:46:12,342 | INFO | 01_build_trial_table | Loaded e6bdb1f4-b0bf-4451-8f23-4384f2102f91 | trials=773 | choices=773 | session time=3s | cumulative sessions=515/516 | cumulative trials=339343
2026-07-24 14:46:12,342 | INFO | 01_build_trial_table | Subject 148/230 | PL050 | session 9/9 | loading e6de6c35-1508-4471-b7c3-f12a5c7a6d39
2026-07-24 14:46:15,039 | INFO | 01_build_trial_table | Loaded e6de6c35-1508-4471-b7c3-f12a5c7a6d39 | trials=540 | choices=539 | session time=3s | cumulative sessions=516/517 | cumulative trials=339883
2026-07-24 14:46:15,040 | INFO | 01_build_trial_table | Subject 148/230 | PL050 complete | elapsed=32s | total loaded sessions=516 | total trials=339883
2026-07-24 14:46:15,040 | INFO | 01_build_trial_table | Subject 149/230 | SH013 | starting discovery
2026-07-24 14:46:16,133 | INFO | 01_build_trial_table | Subject SH013: querying left-camera DLC sessions
2026-07-24 14:46:16,543 | INFO | 01_build_trial_table | Subject SH013: checking task protocol for 3 DLC sessions
2026-07-24 14:46:17,697 | INFO | 01_build_trial_table | Subject SH013: protocol checks 3/3 (3 ChoiceWorld)
2026-07-24 14:46:17,697 | INFO | 01_build_trial_table | Subject SH013: querying raw left-camera video sessions
2026-07-24 14:46:18,118 | INFO | 01_build_trial_table | Subject SH013: found 3 raw-video sessions
2026-07-24 14:46:18,118 | INFO | 01_build_trial_table | Subject 149/230 | SH013 | 3 ChoiceWorld DLC sessions; 3 video sessions
2026-07-24 14:46:18,118 | INFO | 01_build_trial_table | Subject 149/230 | SH013 | session 1/3 | loading 34551324-5b96-4324-93ce-94f45387a52f
2026-07-24 14:46:20,336 | INFO | 01_build_trial_table | Loaded 34551324-5b96-4324-93ce-94f45387a52f | trials=236 | choices=211 | session time=2s | cumulative sessions=517/518 | cumulative trials=340119
2026-07-24 14:46:20,336 | INFO | 01_build_trial_table | Subject 149/230 | SH013 | session 2/3 | loading 637f9b07-0045-4883-b2c9-45a396ce69bd
2026-07-24 14:46:22,901 | INFO | 01_build_trial_table | Loaded 637f9b07-0045-4883-b2c9-45a396ce69bd | trials=457 | choices=447 | session time=3s | cumulative sessions=518/519 | cumulative trials=340576
2026-07-24 14:46:22,901 | INFO | 01_build_trial_table | Subject 149/230 | SH013 | session 3/3 | loading cdfb4449-30fb-4dd9-85cd-c8dd385ddf75
2026-07-24 14:46:25,125 | INFO | 01_build_trial_table | Loaded cdfb4449-30fb-4dd9-85cd-c8dd385ddf75 | trials=155 | choices=113 | session time=2s | cumulative sessions=519/520 | cumulative trials=340731
2026-07-24 14:46:25,125 | INFO | 01_build_trial_table | Subject 149/230 | SH013 complete | elapsed=10s | total loaded sessions=519 | total trials=340731
2026-07-24 14:46:25,126 | INFO | 01_build_trial_table | Subject 150/230 | SH014 | starting discovery
2026-07-24 14:46:26,046 | INFO | 01_build_trial_table | Subject SH014: querying left-camera DLC sessions
2026-07-24 14:46:26,446 | INFO | 01_build_trial_table | Subject SH014: checking task protocol for 1 DLC sessions
2026-07-24 14:46:26,851 | INFO | 01_build_trial_table | Subject SH014: protocol checks 1/1 (1 ChoiceWorld)
2026-07-24 14:46:26,851 | INFO | 01_build_trial_table | Subject SH014: querying raw left-camera video sessions
2026-07-24 14:46:27,254 | INFO | 01_build_trial_table | Subject SH014: found 1 raw-video sessions
2026-07-24 14:46:27,254 | INFO | 01_build_trial_table | Subject 150/230 | SH014 | 1 ChoiceWorld DLC sessions; 1 video sessions
2026-07-24 14:46:27,254 | INFO | 01_build_trial_table | Subject 150/230 | SH014 | session 1/1 | loading 352672f8-7a24-4f19-afcf-0ccd95aaea2e
2026-07-24 14:46:29,792 | INFO | 01_build_trial_table | Loaded 352672f8-7a24-4f19-afcf-0ccd95aaea2e | trials=159 | choices=103 | session time=3s | cumulative sessions=520/521 | cumulative trials=340890
2026-07-24 14:46:29,792 | INFO | 01_build_trial_table | Subject 150/230 | SH014 complete | elapsed=5s | total loaded sessions=520 | total trials=340890
2026-07-24 14:46:29,793 | INFO | 01_build_trial_table | Subject 151/230 | SH015 | starting discovery
2026-07-24 14:46:30,876 | INFO | 01_build_trial_table | Subject SH015: querying left-camera DLC sessions
2026-07-24 14:46:31,294 | INFO | 01_build_trial_table | Subject SH015: checking task protocol for 3 DLC sessions
2026-07-24 14:46:32,536 | INFO | 01_build_trial_table | Subject SH015: protocol checks 3/3 (3 ChoiceWorld)
2026-07-24 14:46:32,536 | INFO | 01_build_trial_table | Subject SH015: querying raw left-camera video sessions
2026-07-24 14:46:32,951 | INFO | 01_build_trial_table | Subject SH015: found 3 raw-video sessions
2026-07-24 14:46:32,951 | INFO | 01_build_trial_table | Subject 151/230 | SH015 | 3 ChoiceWorld DLC sessions; 3 video sessions
2026-07-24 14:46:32,951 | INFO | 01_build_trial_table | Subject 151/230 | SH015 | session 1/3 | loading 44bcaf66-178f-45ac-8754-02e89d884c67
2026-07-24 14:46:35,426 | INFO | 01_build_trial_table | Loaded 44bcaf66-178f-45ac-8754-02e89d884c67 | trials=582 | choices=567 | session time=2s | cumulative sessions=521/522 | cumulative trials=341472
2026-07-24 14:46:35,426 | INFO | 01_build_trial_table | Subject 151/230 | SH015 | session 2/3 | loading af2e1afe-7d77-42e3-8ef4-be742c1ff9d0
2026-07-24 14:46:37,846 | INFO | 01_build_trial_table | Loaded af2e1afe-7d77-42e3-8ef4-be742c1ff9d0 | trials=774 | choices=774 | session time=2s | cumulative sessions=522/523 | cumulative trials=342246
2026-07-24 14:46:37,847 | INFO | 01_build_trial_table | Subject 151/230 | SH015 | session 3/3 | loading ef8f1e97-ccab-4e21-bd66-2d9ec4313db5
2026-07-24 14:46:40,305 | INFO | 01_build_trial_table | Loaded ef8f1e97-ccab-4e21-bd66-2d9ec4313db5 | trials=876 | choices=866 | session time=2s | cumulative sessions=523/524 | cumulative trials=343122
2026-07-24 14:46:40,305 | INFO | 01_build_trial_table | Subject 151/230 | SH015 complete | elapsed=11s | total loaded sessions=523 | total trials=343122
2026-07-24 14:46:40,305 | INFO | 01_build_trial_table | Subject 152/230 | SH016 | starting discovery
2026-07-24 14:46:41,484 | INFO | 01_build_trial_table | Subject SH016: querying left-camera DLC sessions
2026-07-24 14:46:41,892 | INFO | 01_build_trial_table | Subject SH016: checking task protocol for 4 DLC sessions
2026-07-24 14:46:43,503 | INFO | 01_build_trial_table | Subject SH016: protocol checks 4/4 (4 ChoiceWorld)
2026-07-24 14:46:43,503 | INFO | 01_build_trial_table | Subject SH016: querying raw left-camera video sessions
2026-07-24 14:46:43,912 | INFO | 01_build_trial_table | Subject SH016: found 4 raw-video sessions
2026-07-24 14:46:43,912 | INFO | 01_build_trial_table | Subject 152/230 | SH016 | 4 ChoiceWorld DLC sessions; 4 video sessions
2026-07-24 14:46:43,912 | INFO | 01_build_trial_table | Subject 152/230 | SH016 | session 1/4 | loading 15151b1a-5b1d-4759-a157-303b9f08b776
2026-07-24 14:46:46,595 | INFO | 01_build_trial_table | Loaded 15151b1a-5b1d-4759-a157-303b9f08b776 | trials=276 | choices=243 | session time=3s | cumulative sessions=524/525 | cumulative trials=343398
2026-07-24 14:46:46,596 | INFO | 01_build_trial_table | Subject 152/230 | SH016 | session 2/4 | loading 1dcde29b-a7ab-4ad4-b1ea-43a2753b953a
2026-07-24 14:46:49,099 | INFO | 01_build_trial_table | Loaded 1dcde29b-a7ab-4ad4-b1ea-43a2753b953a | trials=544 | choices=521 | session time=3s | cumulative sessions=525/526 | cumulative trials=343942
2026-07-24 14:46:49,099 | INFO | 01_build_trial_table | Subject 152/230 | SH016 | session 3/4 | loading 54721d39-8143-4ec3-a6ca-a617ab3fc9e1
2026-07-24 14:46:51,654 | INFO | 01_build_trial_table | Loaded 54721d39-8143-4ec3-a6ca-a617ab3fc9e1 | trials=173 | choices=118 | session time=3s | cumulative sessions=526/527 | cumulative trials=344115
2026-07-24 14:46:51,655 | INFO | 01_build_trial_table | Subject 152/230 | SH016 | session 4/4 | loading ec20ae3a-4178-4a4a-8512-d5cd0fe6f7c9
2026-07-24 14:46:54,374 | INFO | 01_build_trial_table | Loaded ec20ae3a-4178-4a4a-8512-d5cd0fe6f7c9 | trials=166 | choices=116 | session time=3s | cumulative sessions=527/528 | cumulative trials=344281
2026-07-24 14:46:54,374 | INFO | 01_build_trial_table | Subject 152/230 | SH016 complete | elapsed=14s | total loaded sessions=527 | total trials=344281
2026-07-24 14:46:54,374 | INFO | 01_build_trial_table | Subject 153/230 | SH017 | starting discovery
2026-07-24 14:46:55,274 | INFO | 01_build_trial_table | Subject SH017: querying left-camera DLC sessions
2026-07-24 14:46:55,679 | INFO | 01_build_trial_table | Subject SH017: checking task protocol for 2 DLC sessions
2026-07-24 14:46:56,470 | INFO | 01_build_trial_table | Subject SH017: protocol checks 2/2 (2 ChoiceWorld)
2026-07-24 14:46:56,470 | INFO | 01_build_trial_table | Subject SH017: querying raw left-camera video sessions
2026-07-24 14:46:56,876 | INFO | 01_build_trial_table | Subject SH017: found 2 raw-video sessions
2026-07-24 14:46:56,876 | INFO | 01_build_trial_table | Subject 153/230 | SH017 | 2 ChoiceWorld DLC sessions; 2 video sessions
2026-07-24 14:46:56,876 | INFO | 01_build_trial_table | Subject 153/230 | SH017 | session 1/2 | loading 4a5c5a5f-3829-4026-9201-ea38c8ef65dd
2026-07-24 14:46:59,441 | INFO | 01_build_trial_table | Loaded 4a5c5a5f-3829-4026-9201-ea38c8ef65dd | trials=625 | choices=618 | session time=3s | cumulative sessions=528/529 | cumulative trials=344906
2026-07-24 14:46:59,442 | INFO | 01_build_trial_table | Subject 153/230 | SH017 | session 2/2 | loading 7f395298-8543-46bb-adc4-205d50d28cc5
2026-07-24 14:47:02,144 | INFO | 01_build_trial_table | Loaded 7f395298-8543-46bb-adc4-205d50d28cc5 | trials=497 | choices=493 | session time=3s | cumulative sessions=529/530 | cumulative trials=345403
2026-07-24 14:47:02,144 | INFO | 01_build_trial_table | Subject 153/230 | SH017 complete | elapsed=8s | total loaded sessions=529 | total trials=345403
2026-07-24 14:47:02,144 | INFO | 01_build_trial_table | Subject 154/230 | SH020 | starting discovery
2026-07-24 14:47:03,434 | INFO | 01_build_trial_table | Subject SH020: querying left-camera DLC sessions
2026-07-24 14:47:03,859 | INFO | 01_build_trial_table | Subject SH020: checking task protocol for 2 DLC sessions
2026-07-24 14:47:04,631 | INFO | 01_build_trial_table | Subject SH020: protocol checks 2/2 (2 ChoiceWorld)
2026-07-24 14:47:04,631 | INFO | 01_build_trial_table | Subject SH020: querying raw left-camera video sessions
2026-07-24 14:47:05,037 | INFO | 01_build_trial_table | Subject SH020: found 2 raw-video sessions
2026-07-24 14:47:05,038 | INFO | 01_build_trial_table | Subject 154/230 | SH020 | 2 ChoiceWorld DLC sessions; 2 video sessions
2026-07-24 14:47:05,038 | INFO | 01_build_trial_table | Subject 154/230 | SH020 | session 1/2 | loading 1e7b54c2-c86a-4839-ad5d-d041adb551e5
2026-07-24 14:47:07,633 | INFO | 01_build_trial_table | Loaded 1e7b54c2-c86a-4839-ad5d-d041adb551e5 | trials=633 | choices=624 | session time=3s | cumulative sessions=530/531 | cumulative trials=346036
2026-07-24 14:47:07,633 | INFO | 01_build_trial_table | Subject 154/230 | SH020 | session 2/2 | loading ff470d4d-a9d0-4fe4-854b-800b1598b764
2026-07-24 14:47:10,167 | INFO | 01_build_trial_table | Loaded ff470d4d-a9d0-4fe4-854b-800b1598b764 | trials=609 | choices=588 | session time=3s | cumulative sessions=531/532 | cumulative trials=346645
2026-07-24 14:47:10,168 | INFO | 01_build_trial_table | Subject 154/230 | SH020 complete | elapsed=8s | total loaded sessions=531 | total trials=346645
2026-07-24 14:47:10,168 | INFO | 01_build_trial_table | Subject 155/230 | SH022 | starting discovery
2026-07-24 14:47:11,225 | INFO | 01_build_trial_table | Subject SH022: querying left-camera DLC sessions
2026-07-24 14:47:11,633 | INFO | 01_build_trial_table | Subject SH022: checking task protocol for 3 DLC sessions
2026-07-24 14:47:12,823 | INFO | 01_build_trial_table | Subject SH022: protocol checks 3/3 (3 ChoiceWorld)
2026-07-24 14:47:12,823 | INFO | 01_build_trial_table | Subject SH022: querying raw left-camera video sessions
2026-07-24 14:47:13,228 | INFO | 01_build_trial_table | Subject SH022: found 3 raw-video sessions
2026-07-24 14:47:13,228 | INFO | 01_build_trial_table | Subject 155/230 | SH022 | 3 ChoiceWorld DLC sessions; 3 video sessions
2026-07-24 14:47:13,228 | INFO | 01_build_trial_table | Subject 155/230 | SH022 | session 1/3 | loading 43f721be-5454-45f4-9b4a-e162291dcf3b
2026-07-24 14:47:15,754 | INFO | 01_build_trial_table | Loaded 43f721be-5454-45f4-9b4a-e162291dcf3b | trials=700 | choices=699 | session time=3s | cumulative sessions=532/533 | cumulative trials=347345
2026-07-24 14:47:15,755 | INFO | 01_build_trial_table | Subject 155/230 | SH022 | session 2/3 | loading 52f792b3-3fb1-4264-9f71-f88ab94bbc3b
2026-07-24 14:47:18,225 | INFO | 01_build_trial_table | Loaded 52f792b3-3fb1-4264-9f71-f88ab94bbc3b | trials=603 | choices=593 | session time=2s | cumulative sessions=533/534 | cumulative trials=347948
2026-07-24 14:47:18,225 | INFO | 01_build_trial_table | Subject 155/230 | SH022 | session 3/3 | loading 6efc87dc-d52b-4dd5-b655-5a304398c542
2026-07-24 14:47:20,782 | INFO | 01_build_trial_table | Loaded 6efc87dc-d52b-4dd5-b655-5a304398c542 | trials=591 | choices=588 | session time=3s | cumulative sessions=534/535 | cumulative trials=348539
2026-07-24 14:47:20,782 | INFO | 01_build_trial_table | Subject 155/230 | SH022 complete | elapsed=11s | total loaded sessions=534 | total trials=348539
2026-07-24 14:47:20,782 | INFO | 01_build_trial_table | Subject 156/230 | SH023 | starting discovery
2026-07-24 14:47:21,751 | INFO | 01_build_trial_table | Subject SH023: querying left-camera DLC sessions
2026-07-24 14:47:22,164 | INFO | 01_build_trial_table | Subject SH023: checking task protocol for 4 DLC sessions
2026-07-24 14:47:23,715 | INFO | 01_build_trial_table | Subject SH023: protocol checks 4/4 (4 ChoiceWorld)
2026-07-24 14:47:23,716 | INFO | 01_build_trial_table | Subject SH023: querying raw left-camera video sessions
2026-07-24 14:47:24,128 | INFO | 01_build_trial_table | Subject SH023: found 4 raw-video sessions
2026-07-24 14:47:24,128 | INFO | 01_build_trial_table | Subject 156/230 | SH023 | 4 ChoiceWorld DLC sessions; 4 video sessions
2026-07-24 14:47:24,129 | INFO | 01_build_trial_table | Subject 156/230 | SH023 | session 1/4 | loading 274dacc9-05b2-4154-b4f7-8f6dd46efcc8
2026-07-24 14:47:26,586 | INFO | 01_build_trial_table | Loaded 274dacc9-05b2-4154-b4f7-8f6dd46efcc8 | trials=571 | choices=557 | session time=2s | cumulative sessions=535/536 | cumulative trials=349110
2026-07-24 14:47:26,586 | INFO | 01_build_trial_table | Subject 156/230 | SH023 | session 2/4 | loading 8affebe0-5c38-4a4a-ba07-ad9b7632f0fe
2026-07-24 14:47:29,022 | INFO | 01_build_trial_table | Loaded 8affebe0-5c38-4a4a-ba07-ad9b7632f0fe | trials=555 | choices=555 | session time=2s | cumulative sessions=536/537 | cumulative trials=349665
2026-07-24 14:47:29,023 | INFO | 01_build_trial_table | Subject 156/230 | SH023 | session 3/4 | loading 95636422-f252-40e1-9ca7-3b7feb927874
2026-07-24 14:47:31,490 | INFO | 01_build_trial_table | Loaded 95636422-f252-40e1-9ca7-3b7feb927874 | trials=772 | choices=754 | session time=2s | cumulative sessions=537/538 | cumulative trials=350437
2026-07-24 14:47:31,490 | INFO | 01_build_trial_table | Subject 156/230 | SH023 | session 4/4 | loading e0a06445-29f3-4027-86dc-2adcbfc4e961
2026-07-24 14:47:33,881 | INFO | 01_build_trial_table | Loaded e0a06445-29f3-4027-86dc-2adcbfc4e961 | trials=706 | choices=694 | session time=2s | cumulative sessions=538/539 | cumulative trials=351143
2026-07-24 14:47:33,881 | INFO | 01_build_trial_table | Subject 156/230 | SH023 complete | elapsed=13s | total loaded sessions=538 | total trials=351143
2026-07-24 14:47:33,881 | INFO | 01_build_trial_table | Subject 157/230 | SH027 | starting discovery
2026-07-24 14:47:34,616 | INFO | 01_build_trial_table | Subject SH027: querying left-camera DLC sessions
2026-07-24 14:47:35,023 | INFO | 01_build_trial_table | Subject SH027: checking task protocol for 3 DLC sessions
2026-07-24 14:47:36,181 | INFO | 01_build_trial_table | Subject SH027: protocol checks 3/3 (3 ChoiceWorld)
2026-07-24 14:47:36,181 | INFO | 01_build_trial_table | Subject SH027: querying raw left-camera video sessions
2026-07-24 14:47:36,590 | INFO | 01_build_trial_table | Subject SH027: found 3 raw-video sessions
2026-07-24 14:47:36,591 | INFO | 01_build_trial_table | Subject 157/230 | SH027 | 3 ChoiceWorld DLC sessions; 3 video sessions
2026-07-24 14:47:36,591 | INFO | 01_build_trial_table | Subject 157/230 | SH027 | session 1/3 | loading 56c93a95-9c9e-4526-b5bb-9706a7f2f9fb
2026-07-24 14:47:39,205 | INFO | 01_build_trial_table | Loaded 56c93a95-9c9e-4526-b5bb-9706a7f2f9fb | trials=612 | choices=592 | session time=3s | cumulative sessions=539/540 | cumulative trials=351755
2026-07-24 14:47:39,206 | INFO | 01_build_trial_table | Subject 157/230 | SH027 | session 2/3 | loading a23eb5b9-6b0c-469a-920c-26d422931e55
2026-07-24 14:47:41,860 | INFO | 01_build_trial_table | Loaded a23eb5b9-6b0c-469a-920c-26d422931e55 | trials=684 | choices=657 | session time=3s | cumulative sessions=540/541 | cumulative trials=352439
2026-07-24 14:47:41,860 | INFO | 01_build_trial_table | Subject 157/230 | SH027 | session 3/3 | loading d717d32d-8af8-4e86-a2dd-2aeaa76c110f
2026-07-24 14:47:44,444 | INFO | 01_build_trial_table | Loaded d717d32d-8af8-4e86-a2dd-2aeaa76c110f | trials=785 | choices=769 | session time=3s | cumulative sessions=541/542 | cumulative trials=353224
2026-07-24 14:47:44,444 | INFO | 01_build_trial_table | Subject 157/230 | SH027 complete | elapsed=11s | total loaded sessions=541 | total trials=353224
2026-07-24 14:47:44,444 | INFO | 01_build_trial_table | Subject 158/230 | SWC_023 | starting discovery
2026-07-24 14:47:45,662 | INFO | 01_build_trial_table | Subject SWC_023: querying left-camera DLC sessions
2026-07-24 14:47:46,091 | INFO | 01_build_trial_table | Subject SWC_023: checking task protocol for 1 DLC sessions
2026-07-24 14:47:46,474 | INFO | 01_build_trial_table | Subject SWC_023: protocol checks 1/1 (1 ChoiceWorld)
2026-07-24 14:47:46,474 | INFO | 01_build_trial_table | Subject SWC_023: querying raw left-camera video sessions
2026-07-24 14:47:46,874 | INFO | 01_build_trial_table | Subject SWC_023: found 1 raw-video sessions
2026-07-24 14:47:46,874 | INFO | 01_build_trial_table | Subject 158/230 | SWC_023 | 1 ChoiceWorld DLC sessions; 1 video sessions
2026-07-24 14:47:46,874 | INFO | 01_build_trial_table | Subject 158/230 | SWC_023 | session 1/1 | loading 38d95489-2e82-412a-8c1a-c5377b5f1555
2026-07-24 14:47:49,308 | INFO | 01_build_trial_table | Loaded 38d95489-2e82-412a-8c1a-c5377b5f1555 | trials=50 | choices=15 | session time=2s | cumulative sessions=542/543 | cumulative trials=353274
2026-07-24 14:47:49,308 | INFO | 01_build_trial_table | Subject 158/230 | SWC_023 complete | elapsed=5s | total loaded sessions=542 | total trials=353274
2026-07-24 14:47:49,308 | INFO | 01_build_trial_table | Subject 159/230 | SWC_029 | starting discovery
2026-07-24 14:47:50,758 | INFO | 01_build_trial_table | Subject SWC_029: querying left-camera DLC sessions
2026-07-24 14:47:51,180 | INFO | 01_build_trial_table | Subject SWC_029: checking task protocol for 2 DLC sessions
2026-07-24 14:47:51,949 | INFO | 01_build_trial_table | Subject SWC_029: protocol checks 2/2 (2 ChoiceWorld)
2026-07-24 14:47:51,949 | INFO | 01_build_trial_table | Subject SWC_029: querying raw left-camera video sessions
2026-07-24 14:47:52,350 | INFO | 01_build_trial_table | Subject SWC_029: found 2 raw-video sessions
2026-07-24 14:47:52,350 | INFO | 01_build_trial_table | Subject 159/230 | SWC_029 | 2 ChoiceWorld DLC sessions; 2 video sessions
2026-07-24 14:47:52,350 | INFO | 01_build_trial_table | Subject 159/230 | SWC_029 | session 1/2 | loading 6f321eab-6dad-4f2e-8160-5b182f999bb6
2026-07-24 14:47:54,661 | INFO | 01_build_trial_table | Loaded 6f321eab-6dad-4f2e-8160-5b182f999bb6 | trials=465 | choices=465 | session time=2s | cumulative sessions=543/544 | cumulative trials=353739
2026-07-24 14:47:54,661 | INFO | 01_build_trial_table | Subject 159/230 | SWC_029 | session 2/2 | loading f31752a8-a6bb-498b-8118-6339d3d74ecb
2026-07-24 14:47:57,028 | INFO | 01_build_trial_table | Loaded f31752a8-a6bb-498b-8118-6339d3d74ecb | trials=651 | choices=651 | session time=2s | cumulative sessions=544/545 | cumulative trials=354390
2026-07-24 14:47:57,028 | INFO | 01_build_trial_table | Subject 159/230 | SWC_029 complete | elapsed=8s | total loaded sessions=544 | total trials=354390
2026-07-24 14:47:57,028 | INFO | 01_build_trial_table | Subject 160/230 | SWC_038 | starting discovery
2026-07-24 14:47:57,883 | INFO | 01_build_trial_table | Subject SWC_038: querying left-camera DLC sessions
2026-07-24 14:47:58,294 | INFO | 01_build_trial_table | Subject SWC_038: checking task protocol for 3 DLC sessions
2026-07-24 14:47:59,497 | INFO | 01_build_trial_table | Subject SWC_038: protocol checks 3/3 (3 ChoiceWorld)
2026-07-24 14:47:59,498 | INFO | 01_build_trial_table | Subject SWC_038: querying raw left-camera video sessions
2026-07-24 14:47:59,908 | INFO | 01_build_trial_table | Subject SWC_038: found 3 raw-video sessions
2026-07-24 14:47:59,908 | INFO | 01_build_trial_table | Subject 160/230 | SWC_038 | 3 ChoiceWorld DLC sessions; 3 video sessions
2026-07-24 14:47:59,908 | INFO | 01_build_trial_table | Subject 160/230 | SWC_038 | session 1/3 | loading 03063955-2523-47bd-ae57-f7489dd40f15
2026-07-24 14:48:04,645 | INFO | 01_build_trial_table | Loaded 03063955-2523-47bd-ae57-f7489dd40f15 | trials=867 | choices=866 | session time=5s | cumulative sessions=545/546 | cumulative trials=355257
2026-07-24 14:48:04,645 | INFO | 01_build_trial_table | Subject 160/230 | SWC_038 | session 2/3 | loading 1e45d992-c356-40e1-9be1-a506d944896f
2026-07-24 14:48:08,107 | INFO | 01_build_trial_table | Loaded 1e45d992-c356-40e1-9be1-a506d944896f | trials=623 | choices=610 | session time=3s | cumulative sessions=546/547 | cumulative trials=355880
2026-07-24 14:48:08,108 | INFO | 01_build_trial_table | Subject 160/230 | SWC_038 | session 3/3 | loading 41872d7f-75cb-4445-bb1a-132b354c44f0
2026-07-24 14:48:10,353 | INFO | 01_build_trial_table | Loaded 41872d7f-75cb-4445-bb1a-132b354c44f0 | trials=512 | choices=507 | session time=2s | cumulative sessions=547/548 | cumulative trials=356392
2026-07-24 14:48:10,354 | INFO | 01_build_trial_table | Subject 160/230 | SWC_038 complete | elapsed=13s | total loaded sessions=547 | total trials=356392
2026-07-24 14:48:10,354 | INFO | 01_build_trial_table | Subject 161/230 | SWC_039 | starting discovery
2026-07-24 14:48:11,267 | INFO | 01_build_trial_table | Subject SWC_039: querying left-camera DLC sessions
2026-07-24 14:48:11,664 | INFO | 01_build_trial_table | Subject SWC_039: checking task protocol for 1 DLC sessions
2026-07-24 14:48:12,080 | INFO | 01_build_trial_table | Subject SWC_039: protocol checks 1/1 (1 ChoiceWorld)
2026-07-24 14:48:12,080 | INFO | 01_build_trial_table | Subject SWC_039: querying raw left-camera video sessions
2026-07-24 14:48:12,491 | INFO | 01_build_trial_table | Subject SWC_039: found 1 raw-video sessions
2026-07-24 14:48:12,492 | INFO | 01_build_trial_table | Subject 161/230 | SWC_039 | 1 ChoiceWorld DLC sessions; 1 video sessions
2026-07-24 14:48:12,492 | INFO | 01_build_trial_table | Subject 161/230 | SWC_039 | session 1/1 | loading 768a371d-7e88-47f8-bf21-4a6a6570dd6e
2026-07-24 14:48:15,934 | INFO | 01_build_trial_table | Loaded 768a371d-7e88-47f8-bf21-4a6a6570dd6e | trials=403 | choices=402 | session time=3s | cumulative sessions=548/549 | cumulative trials=356795
2026-07-24 14:48:15,935 | INFO | 01_build_trial_table | Subject 161/230 | SWC_039 complete | elapsed=6s | total loaded sessions=548 | total trials=356795
2026-07-24 14:48:15,935 | INFO | 01_build_trial_table | Subject 162/230 | SWC_042 | starting discovery
2026-07-24 14:48:16,682 | INFO | 01_build_trial_table | Subject SWC_042: querying left-camera DLC sessions
2026-07-24 14:48:17,104 | INFO | 01_build_trial_table | Subject SWC_042: checking task protocol for 3 DLC sessions
2026-07-24 14:48:18,294 | INFO | 01_build_trial_table | Subject SWC_042: protocol checks 3/3 (3 ChoiceWorld)
2026-07-24 14:48:18,294 | INFO | 01_build_trial_table | Subject SWC_042: querying raw left-camera video sessions
2026-07-24 14:48:18,703 | INFO | 01_build_trial_table | Subject SWC_042: found 3 raw-video sessions
2026-07-24 14:48:18,703 | INFO | 01_build_trial_table | Subject 162/230 | SWC_042 | 3 ChoiceWorld DLC sessions; 3 video sessions
2026-07-24 14:48:18,704 | INFO | 01_build_trial_table | Subject 162/230 | SWC_042 | session 1/3 | loading 66d98e6e-bcd9-4e78-8fbb-636f7e808b29
2026-07-24 14:48:21,417 | INFO | 01_build_trial_table | Loaded 66d98e6e-bcd9-4e78-8fbb-636f7e808b29 | trials=564 | choices=561 | session time=3s | cumulative sessions=549/550 | cumulative trials=357359
2026-07-24 14:48:21,417 | INFO | 01_build_trial_table | Subject 162/230 | SWC_042 | session 2/3 | loading 862ade13-53cd-4221-a3fa-dda8643641f2
2026-07-24 14:48:23,639 | INFO | 01_build_trial_table | Loaded 862ade13-53cd-4221-a3fa-dda8643641f2 | trials=595 | choices=585 | session time=2s | cumulative sessions=550/551 | cumulative trials=357954
2026-07-24 14:48:23,639 | INFO | 01_build_trial_table | Subject 162/230 | SWC_042 | session 3/3 | loading f9860a11-24d3-452e-ab95-39e199f20a93
2026-07-24 14:48:27,040 | INFO | 01_build_trial_table | Loaded f9860a11-24d3-452e-ab95-39e199f20a93 | trials=463 | choices=453 | session time=3s | cumulative sessions=551/552 | cumulative trials=358417
2026-07-24 14:48:27,040 | INFO | 01_build_trial_table | Subject 162/230 | SWC_042 complete | elapsed=11s | total loaded sessions=551 | total trials=358417
2026-07-24 14:48:27,040 | INFO | 01_build_trial_table | Subject 163/230 | SWC_043 | starting discovery
2026-07-24 14:48:27,890 | INFO | 01_build_trial_table | Subject SWC_043: querying left-camera DLC sessions
2026-07-24 14:48:28,303 | INFO | 01_build_trial_table | Subject SWC_043: checking task protocol for 7 DLC sessions
2026-07-24 14:48:31,048 | INFO | 01_build_trial_table | Subject SWC_043: protocol checks 7/7 (7 ChoiceWorld)
2026-07-24 14:48:31,049 | INFO | 01_build_trial_table | Subject SWC_043: querying raw left-camera video sessions
2026-07-24 14:48:31,467 | INFO | 01_build_trial_table | Subject SWC_043: found 7 raw-video sessions
2026-07-24 14:48:31,467 | INFO | 01_build_trial_table | Subject 163/230 | SWC_043 | 7 ChoiceWorld DLC sessions; 7 video sessions
2026-07-24 14:48:31,467 | INFO | 01_build_trial_table | Subject 163/230 | SWC_043 | session 1/7 | loading 4ecb5d24-f5cc-402c-be28-9d0f7cb14b3a
2026-07-24 14:48:35,134 | INFO | 01_build_trial_table | Loaded 4ecb5d24-f5cc-402c-be28-9d0f7cb14b3a | trials=529 | choices=526 | session time=4s | cumulative sessions=552/553 | cumulative trials=358946
2026-07-24 14:48:35,134 | INFO | 01_build_trial_table | Subject 163/230 | SWC_043 | session 2/7 | loading 695a6073-eae0-49e0-bb0f-e9e57a9275b9
2026-07-24 14:48:38,862 | INFO | 01_build_trial_table | Loaded 695a6073-eae0-49e0-bb0f-e9e57a9275b9 | trials=651 | choices=648 | session time=4s | cumulative sessions=553/554 | cumulative trials=359597
2026-07-24 14:48:38,863 | INFO | 01_build_trial_table | Subject 163/230 | SWC_043 | session 3/7 | loading 6f09ba7e-e3ce-44b0-932b-c003fb44fb89
2026-07-24 14:48:42,490 | INFO | 01_build_trial_table | Loaded 6f09ba7e-e3ce-44b0-932b-c003fb44fb89 | trials=551 | choices=549 | session time=4s | cumulative sessions=554/555 | cumulative trials=360148
2026-07-24 14:48:42,490 | INFO | 01_build_trial_table | Subject 163/230 | SWC_043 | session 4/7 | loading 6fb1e12c-883b-46d1-a745-473cde3232c8
2026-07-24 14:48:45,239 | INFO | 01_build_trial_table | Loaded 6fb1e12c-883b-46d1-a745-473cde3232c8 | trials=508 | choices=507 | session time=3s | cumulative sessions=555/556 | cumulative trials=360656
2026-07-24 14:48:45,239 | INFO | 01_build_trial_table | Subject 163/230 | SWC_043 | session 5/7 | loading 88d24c31-52e4-49cc-9f32-6adbeb9eba87
2026-07-24 14:48:47,997 | INFO | 01_build_trial_table | Loaded 88d24c31-52e4-49cc-9f32-6adbeb9eba87 | trials=547 | choices=546 | session time=3s | cumulative sessions=556/557 | cumulative trials=361203
2026-07-24 14:48:47,997 | INFO | 01_build_trial_table | Subject 163/230 | SWC_043 | session 6/7 | loading c6db3304-c906-400c-aa0f-45dd3945b2ea
2026-07-24 14:48:50,754 | INFO | 01_build_trial_table | Loaded c6db3304-c906-400c-aa0f-45dd3945b2ea | trials=742 | choices=741 | session time=3s | cumulative sessions=557/558 | cumulative trials=361945
2026-07-24 14:48:50,754 | INFO | 01_build_trial_table | Subject 163/230 | SWC_043 | session 7/7 | loading f3ce3197-d534-4618-bf81-b687555d1883
2026-07-24 14:48:53,472 | INFO | 01_build_trial_table | Loaded f3ce3197-d534-4618-bf81-b687555d1883 | trials=990 | choices=986 | session time=3s | cumulative sessions=558/559 | cumulative trials=362935
2026-07-24 14:48:53,472 | INFO | 01_build_trial_table | Subject 163/230 | SWC_043 complete | elapsed=26s | total loaded sessions=558 | total trials=362935
2026-07-24 14:48:53,472 | INFO | 01_build_trial_table | Subject 164/230 | SWC_052 | starting discovery
2026-07-24 14:48:54,208 | INFO | 01_build_trial_table | Subject SWC_052: querying left-camera DLC sessions
2026-07-24 14:48:54,629 | INFO | 01_build_trial_table | Subject SWC_052: checking task protocol for 7 DLC sessions
2026-07-24 14:48:57,365 | INFO | 01_build_trial_table | Subject SWC_052: protocol checks 7/7 (7 ChoiceWorld)
2026-07-24 14:48:57,366 | INFO | 01_build_trial_table | Subject SWC_052: querying raw left-camera video sessions
2026-07-24 14:48:57,777 | INFO | 01_build_trial_table | Subject SWC_052: found 7 raw-video sessions
2026-07-24 14:48:57,778 | INFO | 01_build_trial_table | Subject 164/230 | SWC_052 | 7 ChoiceWorld DLC sessions; 7 video sessions
2026-07-24 14:48:57,778 | INFO | 01_build_trial_table | Subject 164/230 | SWC_052 | session 1/7 | loading 1928bf72-2002-46a6-8930-728420402e01
2026-07-24 14:49:01,525 | INFO | 01_build_trial_table | Loaded 1928bf72-2002-46a6-8930-728420402e01 | trials=669 | choices=669 | session time=4s | cumulative sessions=559/560 | cumulative trials=363604
2026-07-24 14:49:01,525 | INFO | 01_build_trial_table | Subject 164/230 | SWC_052 | session 2/7 | loading 22e04698-b974-4805-b241-3b547dbf37bf
2026-07-24 14:49:05,354 | INFO | 01_build_trial_table | Loaded 22e04698-b974-4805-b241-3b547dbf37bf | trials=518 | choices=518 | session time=4s | cumulative sessions=560/561 | cumulative trials=364122
2026-07-24 14:49:05,354 | INFO | 01_build_trial_table | Subject 164/230 | SWC_052 | session 3/7 | loading 45ef6691-7b80-4a43-bd1a-85fc00851ae8
2026-07-24 14:49:08,815 | INFO | 01_build_trial_table | Loaded 45ef6691-7b80-4a43-bd1a-85fc00851ae8 | trials=645 | choices=645 | session time=3s | cumulative sessions=561/562 | cumulative trials=364767
2026-07-24 14:49:08,815 | INFO | 01_build_trial_table | Subject 164/230 | SWC_052 | session 4/7 | loading 7416f387-b302-4ca3-8daf-03b585a1b7ec
2026-07-24 14:49:12,327 | INFO | 01_build_trial_table | Loaded 7416f387-b302-4ca3-8daf-03b585a1b7ec | trials=476 | choices=476 | session time=4s | cumulative sessions=562/563 | cumulative trials=365243
2026-07-24 14:49:12,327 | INFO | 01_build_trial_table | Subject 164/230 | SWC_052 | session 5/7 | loading 7cb81727-2097-4b52-b480-c89867b5b34c
2026-07-24 14:49:16,289 | INFO | 01_build_trial_table | Loaded 7cb81727-2097-4b52-b480-c89867b5b34c | trials=658 | choices=658 | session time=4s | cumulative sessions=563/564 | cumulative trials=365901
2026-07-24 14:49:16,289 | INFO | 01_build_trial_table | Subject 164/230 | SWC_052 | session 6/7 | loading f84045b0-ce09-4ace-9d11-5ea491620707
2026-07-24 14:49:19,744 | INFO | 01_build_trial_table | Loaded f84045b0-ce09-4ace-9d11-5ea491620707 | trials=583 | choices=583 | session time=3s | cumulative sessions=564/565 | cumulative trials=366484
2026-07-24 14:49:19,745 | INFO | 01_build_trial_table | Subject 164/230 | SWC_052 | session 7/7 | loading fc14c0d6-51cf-48ba-b326-56ed5a9420c3
2026-07-24 14:49:22,510 | INFO | 01_build_trial_table | Loaded fc14c0d6-51cf-48ba-b326-56ed5a9420c3 | trials=519 | choices=518 | session time=3s | cumulative sessions=565/566 | cumulative trials=367003
2026-07-24 14:49:22,510 | INFO | 01_build_trial_table | Subject 164/230 | SWC_052 complete | elapsed=29s | total loaded sessions=565 | total trials=367003
2026-07-24 14:49:22,510 | INFO | 01_build_trial_table | Subject 165/230 | SWC_053 | starting discovery
2026-07-24 14:49:23,217 | INFO | 01_build_trial_table | Subject SWC_053: querying left-camera DLC sessions
2026-07-24 14:49:23,646 | INFO | 01_build_trial_table | Subject SWC_053: checking task protocol for 3 DLC sessions
2026-07-24 14:49:24,824 | INFO | 01_build_trial_table | Subject SWC_053: protocol checks 3/3 (3 ChoiceWorld)
2026-07-24 14:49:24,824 | INFO | 01_build_trial_table | Subject SWC_053: querying raw left-camera video sessions
2026-07-24 14:49:25,233 | INFO | 01_build_trial_table | Subject SWC_053: found 3 raw-video sessions
2026-07-24 14:49:25,234 | INFO | 01_build_trial_table | Subject 165/230 | SWC_053 | 3 ChoiceWorld DLC sessions; 3 video sessions
2026-07-24 14:49:25,234 | INFO | 01_build_trial_table | Subject 165/230 | SWC_053 | session 1/3 | loading 032452e9-1886-449d-9c13-0f192572e19f
2026-07-24 14:49:27,973 | INFO | 01_build_trial_table | Loaded 032452e9-1886-449d-9c13-0f192572e19f | trials=426 | choices=410 | session time=3s | cumulative sessions=566/567 | cumulative trials=367429
2026-07-24 14:49:27,973 | INFO | 01_build_trial_table | Subject 165/230 | SWC_053 | session 2/3 | loading 239cdbb1-68e2-4eb0-91d8-ae5ae4001c7a
2026-07-24 14:49:31,526 | INFO | 01_build_trial_table | Loaded 239cdbb1-68e2-4eb0-91d8-ae5ae4001c7a | trials=636 | choices=634 | session time=4s | cumulative sessions=567/568 | cumulative trials=368065
2026-07-24 14:49:31,526 | INFO | 01_build_trial_table | Subject 165/230 | SWC_053 | session 3/3 | loading 75b6b132-d998-4fba-8482-961418ac957d
2026-07-24 14:49:35,109 | INFO | 01_build_trial_table | Loaded 75b6b132-d998-4fba-8482-961418ac957d | trials=471 | choices=459 | session time=4s | cumulative sessions=568/569 | cumulative trials=368536
2026-07-24 14:49:35,109 | INFO | 01_build_trial_table | Subject 165/230 | SWC_053 complete | elapsed=13s | total loaded sessions=568 | total trials=368536
2026-07-24 14:49:35,109 | INFO | 01_build_trial_table | Subject 166/230 | SWC_054 | starting discovery
2026-07-24 14:49:35,700 | INFO | 01_build_trial_table | Subject SWC_054: querying left-camera DLC sessions
2026-07-24 14:49:36,170 | INFO | 01_build_trial_table | Subject SWC_054: checking task protocol for 6 DLC sessions
2026-07-24 14:49:38,536 | INFO | 01_build_trial_table | Subject SWC_054: protocol checks 6/6 (6 ChoiceWorld)
2026-07-24 14:49:38,536 | INFO | 01_build_trial_table | Subject SWC_054: querying raw left-camera video sessions
2026-07-24 14:49:38,972 | INFO | 01_build_trial_table | Subject SWC_054: found 6 raw-video sessions
2026-07-24 14:49:38,972 | INFO | 01_build_trial_table | Subject 166/230 | SWC_054 | 6 ChoiceWorld DLC sessions; 6 video sessions
2026-07-24 14:49:38,972 | INFO | 01_build_trial_table | Subject 166/230 | SWC_054 | session 1/6 | loading 56b57c38-2699-4091-90a8-aba35103155e
2026-07-24 14:49:42,626 | INFO | 01_build_trial_table | Loaded 56b57c38-2699-4091-90a8-aba35103155e | trials=571 | choices=571 | session time=4s | cumulative sessions=569/570 | cumulative trials=369107
2026-07-24 14:49:42,626 | INFO | 01_build_trial_table | Subject 166/230 | SWC_054 | session 2/6 | loading 671c7ea7-6726-4fbe-adeb-f89c2c8e489b
2026-07-24 14:49:46,092 | INFO | 01_build_trial_table | Loaded 671c7ea7-6726-4fbe-adeb-f89c2c8e489b | trials=802 | choices=802 | session time=3s | cumulative sessions=570/571 | cumulative trials=369909
2026-07-24 14:49:46,092 | INFO | 01_build_trial_table | Subject 166/230 | SWC_054 | session 3/6 | loading 6bb5da8f-6858-4fdd-96d9-c34b3b841593
2026-07-24 14:49:48,882 | INFO | 01_build_trial_table | Loaded 6bb5da8f-6858-4fdd-96d9-c34b3b841593 | trials=651 | choices=651 | session time=3s | cumulative sessions=571/572 | cumulative trials=370560
2026-07-24 14:49:48,882 | INFO | 01_build_trial_table | Subject 166/230 | SWC_054 | session 4/6 | loading 6c6983ef-7383-4989-9183-32b1a300d17a
2026-07-24 14:49:52,471 | INFO | 01_build_trial_table | Loaded 6c6983ef-7383-4989-9183-32b1a300d17a | trials=635 | choices=635 | session time=4s | cumulative sessions=572/573 | cumulative trials=371195
2026-07-24 14:49:52,472 | INFO | 01_build_trial_table | Subject 166/230 | SWC_054 | session 5/6 | loading 91796ceb-e314-4859-9a1f-092f85cc846a
2026-07-24 14:49:55,486 | INFO | 01_build_trial_table | Loaded 91796ceb-e314-4859-9a1f-092f85cc846a | trials=626 | choices=625 | session time=3s | cumulative sessions=573/574 | cumulative trials=371821
2026-07-24 14:49:55,486 | INFO | 01_build_trial_table | Subject 166/230 | SWC_054 | session 6/6 | loading eebacd5a-7dcd-4ba6-9dff-ec2a4d2f19e0
2026-07-24 14:49:58,918 | INFO | 01_build_trial_table | Loaded eebacd5a-7dcd-4ba6-9dff-ec2a4d2f19e0 | trials=630 | choices=630 | session time=3s | cumulative sessions=574/575 | cumulative trials=372451
2026-07-24 14:49:58,918 | INFO | 01_build_trial_table | Subject 166/230 | SWC_054 complete | elapsed=24s | total loaded sessions=574 | total trials=372451
2026-07-24 14:49:58,918 | INFO | 01_build_trial_table | Subject 167/230 | SWC_058 | starting discovery
2026-07-24 14:49:59,470 | INFO | 01_build_trial_table | Subject SWC_058: querying left-camera DLC sessions
2026-07-24 14:49:59,889 | INFO | 01_build_trial_table | Subject SWC_058: checking task protocol for 5 DLC sessions
2026-07-24 14:50:02,376 | INFO | 01_build_trial_table | Subject SWC_058: protocol checks 5/5 (5 ChoiceWorld)
2026-07-24 14:50:02,376 | INFO | 01_build_trial_table | Subject SWC_058: querying raw left-camera video sessions
2026-07-24 14:50:02,862 | INFO | 01_build_trial_table | Subject SWC_058: found 5 raw-video sessions
2026-07-24 14:50:02,862 | INFO | 01_build_trial_table | Subject 167/230 | SWC_058 | 5 ChoiceWorld DLC sessions; 5 video sessions
2026-07-24 14:50:02,862 | INFO | 01_build_trial_table | Subject 167/230 | SWC_058 | session 1/5 | loading 1735d2be-b388-411a-896a-60b01eaa1cfe
2026-07-24 14:50:04,129 | WARNING | 01_build_trial_table | Failed SWC_058 1735d2be-b388-411a-896a-60b01eaa1cfe: trials 
 The ALF object was not found.  This may occur if the object or namespace or incorrectly formatted e.g. the object "_ibl_trials.intervals.npy" would be found with the filters `object="trials", namespace="ibl"` 
2026-07-24 14:50:04,129 | INFO | 01_build_trial_table | Subject 167/230 | SWC_058 | session 2/5 | loading 3638d102-e8b6-4230-8742-e548cd87a949
2026-07-24 14:50:07,338 | INFO | 01_build_trial_table | Loaded 3638d102-e8b6-4230-8742-e548cd87a949 | trials=695 | choices=694 | session time=3s | cumulative sessions=575/577 | cumulative trials=373146
2026-07-24 14:50:07,338 | INFO | 01_build_trial_table | Subject 167/230 | SWC_058 | session 3/5 | loading 9545aa05-3945-4054-a5c3-a259f7209d61
2026-07-24 14:50:10,966 | INFO | 01_build_trial_table | Loaded 9545aa05-3945-4054-a5c3-a259f7209d61 | trials=487 | choices=487 | session time=4s | cumulative sessions=576/578 | cumulative trials=373633
2026-07-24 14:50:10,966 | INFO | 01_build_trial_table | Subject 167/230 | SWC_058 | session 4/5 | loading d3a2b25e-46d3-4f0b-ade6-4e32255f4c35
2026-07-24 14:50:14,436 | INFO | 01_build_trial_table | Loaded d3a2b25e-46d3-4f0b-ade6-4e32255f4c35 | trials=949 | choices=949 | session time=3s | cumulative sessions=577/579 | cumulative trials=374582
2026-07-24 14:50:14,436 | INFO | 01_build_trial_table | Subject 167/230 | SWC_058 | session 5/5 | loading f1db6257-85ef-4385-b415-2d078ec75df2
2026-07-24 14:50:17,971 | INFO | 01_build_trial_table | Loaded f1db6257-85ef-4385-b415-2d078ec75df2 | trials=741 | choices=741 | session time=4s | cumulative sessions=578/580 | cumulative trials=375323
2026-07-24 14:50:17,972 | INFO | 01_build_trial_table | Subject 167/230 | SWC_058 complete | elapsed=19s | total loaded sessions=578 | total trials=375323
2026-07-24 14:50:17,972 | INFO | 01_build_trial_table | Subject 168/230 | SWC_060 | starting discovery
2026-07-24 14:50:18,459 | INFO | 01_build_trial_table | Subject SWC_060: querying left-camera DLC sessions
2026-07-24 14:50:18,893 | INFO | 01_build_trial_table | Subject SWC_060: checking task protocol for 3 DLC sessions
2026-07-24 14:50:20,083 | INFO | 01_build_trial_table | Subject SWC_060: protocol checks 3/3 (3 ChoiceWorld)
2026-07-24 14:50:20,083 | INFO | 01_build_trial_table | Subject SWC_060: querying raw left-camera video sessions
2026-07-24 14:50:20,509 | INFO | 01_build_trial_table | Subject SWC_060: found 3 raw-video sessions
2026-07-24 14:50:20,509 | INFO | 01_build_trial_table | Subject 168/230 | SWC_060 | 3 ChoiceWorld DLC sessions; 3 video sessions
2026-07-24 14:50:20,509 | INFO | 01_build_trial_table | Subject 168/230 | SWC_060 | session 1/3 | loading 81a1dca0-cc90-47c5-afe3-c277319c47c8
2026-07-24 14:50:23,956 | INFO | 01_build_trial_table | Loaded 81a1dca0-cc90-47c5-afe3-c277319c47c8 | trials=444 | choices=438 | session time=3s | cumulative sessions=579/581 | cumulative trials=375767
2026-07-24 14:50:23,956 | INFO | 01_build_trial_table | Subject 168/230 | SWC_060 | session 2/3 | loading 875c1e5c-f7ec-45ac-ab82-ecfe7276a707
2026-07-24 14:50:27,532 | INFO | 01_build_trial_table | Loaded 875c1e5c-f7ec-45ac-ab82-ecfe7276a707 | trials=787 | choices=778 | session time=4s | cumulative sessions=580/582 | cumulative trials=376554
2026-07-24 14:50:27,532 | INFO | 01_build_trial_table | Subject 168/230 | SWC_060 | session 3/3 | loading dac3a4c1-b666-4de0-87e8-8c514483cacf
2026-07-24 14:50:31,143 | INFO | 01_build_trial_table | Loaded dac3a4c1-b666-4de0-87e8-8c514483cacf | trials=501 | choices=487 | session time=4s | cumulative sessions=581/583 | cumulative trials=377055
2026-07-24 14:50:31,143 | INFO | 01_build_trial_table | Subject 168/230 | SWC_060 complete | elapsed=13s | total loaded sessions=581 | total trials=377055
2026-07-24 14:50:31,143 | INFO | 01_build_trial_table | Subject 169/230 | SWC_061 | starting discovery
2026-07-24 14:50:31,641 | INFO | 01_build_trial_table | Subject SWC_061: querying left-camera DLC sessions
2026-07-24 14:50:32,043 | INFO | 01_build_trial_table | Subject SWC_061: checking task protocol for 3 DLC sessions
2026-07-24 14:50:33,206 | INFO | 01_build_trial_table | Subject SWC_061: protocol checks 3/3 (3 ChoiceWorld)
2026-07-24 14:50:33,206 | INFO | 01_build_trial_table | Subject SWC_061: querying raw left-camera video sessions
2026-07-24 14:50:33,610 | INFO | 01_build_trial_table | Subject SWC_061: found 3 raw-video sessions
2026-07-24 14:50:33,611 | INFO | 01_build_trial_table | Subject 169/230 | SWC_061 | 3 ChoiceWorld DLC sessions; 3 video sessions
2026-07-24 14:50:33,611 | INFO | 01_build_trial_table | Subject 169/230 | SWC_061 | session 1/3 | loading 360eac0c-7d2d-4cc1-9dcf-79fc7afc56e7
2026-07-24 14:50:37,481 | INFO | 01_build_trial_table | Loaded 360eac0c-7d2d-4cc1-9dcf-79fc7afc56e7 | trials=609 | choices=601 | session time=4s | cumulative sessions=582/584 | cumulative trials=377664
2026-07-24 14:50:37,481 | INFO | 01_build_trial_table | Subject 169/230 | SWC_061 | session 2/3 | loading 493170a6-fd94-4ee4-884f-cc018c17eeb9
2026-07-24 14:50:40,970 | INFO | 01_build_trial_table | Loaded 493170a6-fd94-4ee4-884f-cc018c17eeb9 | trials=686 | choices=685 | session time=3s | cumulative sessions=583/585 | cumulative trials=378350
2026-07-24 14:50:40,970 | INFO | 01_build_trial_table | Subject 169/230 | SWC_061 | session 3/3 | loading d7e60cc3-6020-429e-a654-636c6cc677ea
2026-07-24 14:50:44,700 | INFO | 01_build_trial_table | Loaded d7e60cc3-6020-429e-a654-636c6cc677ea | trials=490 | choices=481 | session time=4s | cumulative sessions=584/586 | cumulative trials=378840
2026-07-24 14:50:44,701 | INFO | 01_build_trial_table | Subject 169/230 | SWC_061 complete | elapsed=14s | total loaded sessions=584 | total trials=378840
2026-07-24 14:50:44,701 | INFO | 01_build_trial_table | Subject 170/230 | SWC_065 | starting discovery
2026-07-24 14:50:45,320 | INFO | 01_build_trial_table | Subject SWC_065: querying left-camera DLC sessions
2026-07-24 14:50:45,740 | INFO | 01_build_trial_table | Subject SWC_065: checking task protocol for 1 DLC sessions
2026-07-24 14:50:46,130 | INFO | 01_build_trial_table | Subject SWC_065: protocol checks 1/1 (1 ChoiceWorld)
2026-07-24 14:50:46,131 | INFO | 01_build_trial_table | Subject SWC_065: querying raw left-camera video sessions
2026-07-24 14:50:46,553 | INFO | 01_build_trial_table | Subject SWC_065: found 1 raw-video sessions
2026-07-24 14:50:46,553 | INFO | 01_build_trial_table | Subject 170/230 | SWC_065 | 1 ChoiceWorld DLC sessions; 1 video sessions
2026-07-24 14:50:46,553 | INFO | 01_build_trial_table | Subject 170/230 | SWC_065 | session 1/1 | loading 1425bd6f-c625-4f6a-b237-dc5bcfc42c87
2026-07-24 14:50:49,305 | INFO | 01_build_trial_table | Loaded 1425bd6f-c625-4f6a-b237-dc5bcfc42c87 | trials=839 | choices=839 | session time=3s | cumulative sessions=585/587 | cumulative trials=379679
2026-07-24 14:50:49,305 | INFO | 01_build_trial_table | Subject 170/230 | SWC_065 complete | elapsed=5s | total loaded sessions=585 | total trials=379679
2026-07-24 14:50:49,305 | INFO | 01_build_trial_table | Subject 171/230 | SWC_066 | starting discovery
2026-07-24 14:50:49,809 | INFO | 01_build_trial_table | Subject SWC_066: querying left-camera DLC sessions
2026-07-24 14:50:50,237 | INFO | 01_build_trial_table | Subject SWC_066: checking task protocol for 2 DLC sessions
2026-07-24 14:50:51,009 | INFO | 01_build_trial_table | Subject SWC_066: protocol checks 2/2 (2 ChoiceWorld)
2026-07-24 14:50:51,009 | INFO | 01_build_trial_table | Subject SWC_066: querying raw left-camera video sessions
2026-07-24 14:50:51,409 | INFO | 01_build_trial_table | Subject SWC_066: found 2 raw-video sessions
2026-07-24 14:50:51,409 | INFO | 01_build_trial_table | Subject 171/230 | SWC_066 | 2 ChoiceWorld DLC sessions; 2 video sessions
2026-07-24 14:50:51,409 | INFO | 01_build_trial_table | Subject 171/230 | SWC_066 | session 1/2 | loading a4747ac8-6a75-444f-b99b-696fff0243fd
2026-07-24 14:50:54,066 | INFO | 01_build_trial_table | Loaded a4747ac8-6a75-444f-b99b-696fff0243fd | trials=504 | choices=504 | session time=3s | cumulative sessions=586/588 | cumulative trials=380183
2026-07-24 14:50:54,067 | INFO | 01_build_trial_table | Subject 171/230 | SWC_066 | session 2/2 | loading f4ffb731-8349-4fe4-806e-0232a84e52dd
2026-07-24 14:50:57,093 | INFO | 01_build_trial_table | Loaded f4ffb731-8349-4fe4-806e-0232a84e52dd | trials=844 | choices=844 | session time=3s | cumulative sessions=587/589 | cumulative trials=381027
2026-07-24 14:50:57,094 | INFO | 01_build_trial_table | Subject 171/230 | SWC_066 complete | elapsed=8s | total loaded sessions=587 | total trials=381027
2026-07-24 14:50:57,094 | INFO | 01_build_trial_table | Subject 172/230 | UCLA005 | starting discovery
2026-07-24 14:50:57,773 | INFO | 01_build_trial_table | Subject UCLA005: querying left-camera DLC sessions
2026-07-24 14:50:58,173 | INFO | 01_build_trial_table | Subject UCLA005: checking task protocol for 1 DLC sessions
2026-07-24 14:50:58,557 | INFO | 01_build_trial_table | Subject UCLA005: protocol checks 1/1 (1 ChoiceWorld)
2026-07-24 14:50:58,557 | INFO | 01_build_trial_table | Subject UCLA005: querying raw left-camera video sessions
2026-07-24 14:50:58,989 | INFO | 01_build_trial_table | Subject UCLA005: found 1 raw-video sessions
2026-07-24 14:50:58,989 | INFO | 01_build_trial_table | Subject 172/230 | UCLA005 | 1 ChoiceWorld DLC sessions; 1 video sessions
2026-07-24 14:50:58,989 | INFO | 01_build_trial_table | Subject 172/230 | UCLA005 | session 1/1 | loading d57df551-6dcb-4242-9c72-b806cff5613a
2026-07-24 14:51:02,382 | INFO | 01_build_trial_table | Loaded d57df551-6dcb-4242-9c72-b806cff5613a | trials=772 | choices=772 | session time=3s | cumulative sessions=588/590 | cumulative trials=381799
2026-07-24 14:51:02,382 | INFO | 01_build_trial_table | Subject 172/230 | UCLA005 complete | elapsed=5s | total loaded sessions=588 | total trials=381799
2026-07-24 14:51:02,382 | INFO | 01_build_trial_table | Subject 173/230 | UCLA006 | starting discovery
2026-07-24 14:51:03,289 | INFO | 01_build_trial_table | Subject UCLA006: querying left-camera DLC sessions
2026-07-24 14:51:03,696 | INFO | 01_build_trial_table | Subject UCLA006: checking task protocol for 1 DLC sessions
2026-07-24 14:51:04,112 | INFO | 01_build_trial_table | Subject UCLA006: protocol checks 1/1 (1 ChoiceWorld)
2026-07-24 14:51:04,113 | INFO | 01_build_trial_table | Subject UCLA006: querying raw left-camera video sessions
2026-07-24 14:51:04,523 | INFO | 01_build_trial_table | Subject UCLA006: found 1 raw-video sessions
2026-07-24 14:51:04,523 | INFO | 01_build_trial_table | Subject 173/230 | UCLA006 | 1 ChoiceWorld DLC sessions; 1 video sessions
2026-07-24 14:51:04,523 | INFO | 01_build_trial_table | Subject 173/230 | UCLA006 | session 1/1 | loading 19e66dc9-bf9f-430b-9d6a-acfa85de6fb7
2026-07-24 14:51:07,321 | INFO | 01_build_trial_table | Loaded 19e66dc9-bf9f-430b-9d6a-acfa85de6fb7 | trials=748 | choices=748 | session time=3s | cumulative sessions=589/591 | cumulative trials=382547
2026-07-24 14:51:07,321 | INFO | 01_build_trial_table | Subject 173/230 | UCLA006 complete | elapsed=5s | total loaded sessions=589 | total trials=382547
2026-07-24 14:51:07,321 | INFO | 01_build_trial_table | Subject 174/230 | UCLA011 | starting discovery
2026-07-24 14:51:07,986 | INFO | 01_build_trial_table | Subject UCLA011: querying left-camera DLC sessions
2026-07-24 14:51:08,383 | INFO | 01_build_trial_table | Subject UCLA011: checking task protocol for 1 DLC sessions
2026-07-24 14:51:08,765 | INFO | 01_build_trial_table | Subject UCLA011: protocol checks 1/1 (1 ChoiceWorld)
2026-07-24 14:51:08,765 | INFO | 01_build_trial_table | Subject UCLA011: querying raw left-camera video sessions
2026-07-24 14:51:09,158 | INFO | 01_build_trial_table | Subject UCLA011: found 1 raw-video sessions
2026-07-24 14:51:09,158 | INFO | 01_build_trial_table | Subject 174/230 | UCLA011 | 1 ChoiceWorld DLC sessions; 1 video sessions
2026-07-24 14:51:09,158 | INFO | 01_build_trial_table | Subject 174/230 | UCLA011 | session 1/1 | loading 824cf03d-4012-4ab1-b499-c83a92c5589e
2026-07-24 14:51:12,176 | INFO | 01_build_trial_table | Loaded 824cf03d-4012-4ab1-b499-c83a92c5589e | trials=764 | choices=759 | session time=3s | cumulative sessions=590/592 | cumulative trials=383311
2026-07-24 14:51:12,176 | INFO | 01_build_trial_table | Subject 174/230 | UCLA011 complete | elapsed=5s | total loaded sessions=590 | total trials=383311
2026-07-24 14:51:12,176 | INFO | 01_build_trial_table | Subject 175/230 | UCLA012 | starting discovery
2026-07-24 14:51:12,724 | INFO | 01_build_trial_table | Subject UCLA012: querying left-camera DLC sessions
2026-07-24 14:51:13,130 | INFO | 01_build_trial_table | Subject UCLA012: checking task protocol for 1 DLC sessions
2026-07-24 14:51:13,514 | INFO | 01_build_trial_table | Subject UCLA012: protocol checks 1/1 (1 ChoiceWorld)
2026-07-24 14:51:13,515 | INFO | 01_build_trial_table | Subject UCLA012: querying raw left-camera video sessions
2026-07-24 14:51:13,911 | INFO | 01_build_trial_table | Subject UCLA012: found 1 raw-video sessions
2026-07-24 14:51:13,911 | INFO | 01_build_trial_table | Subject 175/230 | UCLA012 | 1 ChoiceWorld DLC sessions; 1 video sessions
2026-07-24 14:51:13,911 | INFO | 01_build_trial_table | Subject 175/230 | UCLA012 | session 1/1 | loading 1f095590-6669-46c9-986b-ccaf0620c5e9
2026-07-24 14:51:16,561 | INFO | 01_build_trial_table | Loaded 1f095590-6669-46c9-986b-ccaf0620c5e9 | trials=719 | choices=711 | session time=3s | cumulative sessions=591/593 | cumulative trials=384030
2026-07-24 14:51:16,561 | INFO | 01_build_trial_table | Subject 175/230 | UCLA012 complete | elapsed=4s | total loaded sessions=591 | total trials=384030
2026-07-24 14:51:16,561 | INFO | 01_build_trial_table | Subject 176/230 | UCLA014 | starting discovery
2026-07-24 14:51:17,102 | INFO | 01_build_trial_table | Subject UCLA014: querying left-camera DLC sessions
2026-07-24 14:51:17,506 | INFO | 01_build_trial_table | Subject UCLA014: checking task protocol for 1 DLC sessions
2026-07-24 14:51:17,896 | INFO | 01_build_trial_table | Subject UCLA014: protocol checks 1/1 (1 ChoiceWorld)
2026-07-24 14:51:17,896 | INFO | 01_build_trial_table | Subject UCLA014: querying raw left-camera video sessions
2026-07-24 14:51:18,293 | INFO | 01_build_trial_table | Subject UCLA014: found 1 raw-video sessions
2026-07-24 14:51:18,293 | INFO | 01_build_trial_table | Subject 176/230 | UCLA014 | 1 ChoiceWorld DLC sessions; 1 video sessions
2026-07-24 14:51:18,293 | INFO | 01_build_trial_table | Subject 176/230 | UCLA014 | session 1/1 | loading 03d9a098-07bf-4765-88b7-85f8d8f620cc
2026-07-24 14:51:21,250 | INFO | 01_build_trial_table | Loaded 03d9a098-07bf-4765-88b7-85f8d8f620cc | trials=581 | choices=568 | session time=3s | cumulative sessions=592/594 | cumulative trials=384611
2026-07-24 14:51:21,251 | INFO | 01_build_trial_table | Subject 176/230 | UCLA014 complete | elapsed=5s | total loaded sessions=592 | total trials=384611
2026-07-24 14:51:21,251 | INFO | 01_build_trial_table | Subject 177/230 | UCLA017 | starting discovery
2026-07-24 14:51:22,020 | INFO | 01_build_trial_table | Subject UCLA017: querying left-camera DLC sessions
2026-07-24 14:51:22,424 | INFO | 01_build_trial_table | Subject UCLA017: checking task protocol for 1 DLC sessions
2026-07-24 14:51:22,837 | INFO | 01_build_trial_table | Subject UCLA017: protocol checks 1/1 (1 ChoiceWorld)
2026-07-24 14:51:22,837 | INFO | 01_build_trial_table | Subject UCLA017: querying raw left-camera video sessions
2026-07-24 14:51:23,233 | INFO | 01_build_trial_table | Subject UCLA017: found 1 raw-video sessions
2026-07-24 14:51:23,233 | INFO | 01_build_trial_table | Subject 177/230 | UCLA017 | 1 ChoiceWorld DLC sessions; 1 video sessions
2026-07-24 14:51:23,233 | INFO | 01_build_trial_table | Subject 177/230 | UCLA017 | session 1/1 | loading bb099402-fb31-4cfd-824e-1c97530a0875
2026-07-24 14:51:26,168 | INFO | 01_build_trial_table | Loaded bb099402-fb31-4cfd-824e-1c97530a0875 | trials=665 | choices=649 | session time=3s | cumulative sessions=593/595 | cumulative trials=385276
2026-07-24 14:51:26,168 | INFO | 01_build_trial_table | Subject 177/230 | UCLA017 complete | elapsed=5s | total loaded sessions=593 | total trials=385276
2026-07-24 14:51:26,169 | INFO | 01_build_trial_table | Subject 178/230 | UCLA030 | starting discovery
2026-07-24 14:51:26,899 | INFO | 01_build_trial_table | Subject UCLA030: querying left-camera DLC sessions
2026-07-24 14:51:27,299 | INFO | 01_build_trial_table | Subject UCLA030: checking task protocol for 1 DLC sessions
2026-07-24 14:51:27,693 | INFO | 01_build_trial_table | Subject UCLA030: protocol checks 1/1 (1 ChoiceWorld)
2026-07-24 14:51:27,694 | INFO | 01_build_trial_table | Subject UCLA030: querying raw left-camera video sessions
2026-07-24 14:51:28,356 | INFO | 01_build_trial_table | Subject UCLA030: found 1 raw-video sessions
2026-07-24 14:51:28,356 | INFO | 01_build_trial_table | Subject 178/230 | UCLA030 | 1 ChoiceWorld DLC sessions; 1 video sessions
2026-07-24 14:51:28,356 | INFO | 01_build_trial_table | Subject 178/230 | UCLA030 | session 1/1 | loading 7f5df7eb-cf36-4589-a20a-14b535441142
2026-07-24 14:51:31,055 | INFO | 01_build_trial_table | Loaded 7f5df7eb-cf36-4589-a20a-14b535441142 | trials=505 | choices=505 | session time=3s | cumulative sessions=594/596 | cumulative trials=385781
2026-07-24 14:51:31,055 | INFO | 01_build_trial_table | Subject 178/230 | UCLA030 complete | elapsed=5s | total loaded sessions=594 | total trials=385781
2026-07-24 14:51:31,056 | INFO | 01_build_trial_table | Subject 179/230 | UCLA033 | starting discovery
2026-07-24 14:51:31,722 | INFO | 01_build_trial_table | Subject UCLA033: querying left-camera DLC sessions
2026-07-24 14:51:32,135 | INFO | 01_build_trial_table | Subject UCLA033: checking task protocol for 3 DLC sessions
2026-07-24 14:51:33,330 | INFO | 01_build_trial_table | Subject UCLA033: protocol checks 3/3 (3 ChoiceWorld)
2026-07-24 14:51:33,330 | INFO | 01_build_trial_table | Subject UCLA033: querying raw left-camera video sessions
2026-07-24 14:51:33,736 | INFO | 01_build_trial_table | Subject UCLA033: found 3 raw-video sessions
2026-07-24 14:51:33,737 | INFO | 01_build_trial_table | Subject 179/230 | UCLA033 | 3 ChoiceWorld DLC sessions; 3 video sessions
2026-07-24 14:51:33,737 | INFO | 01_build_trial_table | Subject 179/230 | UCLA033 | session 1/3 | loading 111c1762-7908-47e0-9f40-2f2ee55b6505
2026-07-24 14:51:37,365 | INFO | 01_build_trial_table | Loaded 111c1762-7908-47e0-9f40-2f2ee55b6505 | trials=724 | choices=724 | session time=4s | cumulative sessions=595/597 | cumulative trials=386505
2026-07-24 14:51:37,365 | INFO | 01_build_trial_table | Subject 179/230 | UCLA033 | session 2/3 | loading 32d27583-56aa-4510-bc03-669036edad20
2026-07-24 14:51:40,132 | INFO | 01_build_trial_table | Loaded 32d27583-56aa-4510-bc03-669036edad20 | trials=785 | choices=785 | session time=3s | cumulative sessions=596/598 | cumulative trials=387290
2026-07-24 14:51:40,133 | INFO | 01_build_trial_table | Subject 179/230 | UCLA033 | session 3/3 | loading 5455a21c-1be7-4cae-ae8e-8853a8d5f55e
2026-07-24 14:51:42,833 | INFO | 01_build_trial_table | Loaded 5455a21c-1be7-4cae-ae8e-8853a8d5f55e | trials=634 | choices=634 | session time=3s | cumulative sessions=597/599 | cumulative trials=387924
2026-07-24 14:51:42,833 | INFO | 01_build_trial_table | Subject 179/230 | UCLA033 complete | elapsed=12s | total loaded sessions=597 | total trials=387924
2026-07-24 14:51:42,834 | INFO | 01_build_trial_table | Subject 180/230 | UCLA034 | starting discovery
2026-07-24 14:51:43,344 | INFO | 01_build_trial_table | Subject UCLA034: querying left-camera DLC sessions
2026-07-24 14:51:43,755 | INFO | 01_build_trial_table | Subject UCLA034: checking task protocol for 4 DLC sessions
2026-07-24 14:51:45,321 | INFO | 01_build_trial_table | Subject UCLA034: protocol checks 4/4 (4 ChoiceWorld)
2026-07-24 14:51:45,321 | INFO | 01_build_trial_table | Subject UCLA034: querying raw left-camera video sessions
2026-07-24 14:51:45,751 | INFO | 01_build_trial_table | Subject UCLA034: found 4 raw-video sessions
2026-07-24 14:51:45,751 | INFO | 01_build_trial_table | Subject 180/230 | UCLA034 | 4 ChoiceWorld DLC sessions; 4 video sessions
2026-07-24 14:51:45,751 | INFO | 01_build_trial_table | Subject 180/230 | UCLA034 | session 1/4 | loading 19b44992-d527-4a12-8bda-aa11379cb08c
2026-07-24 14:51:49,171 | INFO | 01_build_trial_table | Loaded 19b44992-d527-4a12-8bda-aa11379cb08c | trials=436 | choices=395 | session time=3s | cumulative sessions=598/600 | cumulative trials=388360
2026-07-24 14:51:49,171 | INFO | 01_build_trial_table | Subject 180/230 | UCLA034 | session 2/4 | loading 3537d970-f515-4786-853f-23de525e110f
2026-07-24 14:51:51,997 | INFO | 01_build_trial_table | Loaded 3537d970-f515-4786-853f-23de525e110f | trials=503 | choices=497 | session time=3s | cumulative sessions=599/601 | cumulative trials=388863
2026-07-24 14:51:51,997 | INFO | 01_build_trial_table | Subject 180/230 | UCLA034 | session 3/4 | loading 8a3a0197-b40a-449f-be55-c00b23253bbf
2026-07-24 14:51:55,682 | INFO | 01_build_trial_table | Loaded 8a3a0197-b40a-449f-be55-c00b23253bbf | trials=417 | choices=387 | session time=4s | cumulative sessions=600/602 | cumulative trials=389280
2026-07-24 14:51:55,682 | INFO | 01_build_trial_table | Subject 180/230 | UCLA034 | session 4/4 | loading ebc9392c-1ecb-4b4b-a545-4e3d70d23611
2026-07-24 14:51:58,424 | INFO | 01_build_trial_table | Loaded ebc9392c-1ecb-4b4b-a545-4e3d70d23611 | trials=496 | choices=467 | session time=3s | cumulative sessions=601/603 | cumulative trials=389776
2026-07-24 14:51:58,425 | INFO | 01_build_trial_table | Subject 180/230 | UCLA034 complete | elapsed=16s | total loaded sessions=601 | total trials=389776
2026-07-24 14:51:58,425 | INFO | 01_build_trial_table | Subject 181/230 | UCLA035 | starting discovery
2026-07-24 14:51:58,958 | INFO | 01_build_trial_table | Subject UCLA035: querying left-camera DLC sessions
2026-07-24 14:51:59,381 | INFO | 01_build_trial_table | Subject UCLA035: checking task protocol for 2 DLC sessions
2026-07-24 14:52:00,331 | INFO | 01_build_trial_table | Subject UCLA035: protocol checks 2/2 (2 ChoiceWorld)
2026-07-24 14:52:00,331 | INFO | 01_build_trial_table | Subject UCLA035: querying raw left-camera video sessions
2026-07-24 14:52:00,759 | INFO | 01_build_trial_table | Subject UCLA035: found 2 raw-video sessions
2026-07-24 14:52:00,759 | INFO | 01_build_trial_table | Subject 181/230 | UCLA035 | 2 ChoiceWorld DLC sessions; 2 video sessions
2026-07-24 14:52:00,759 | INFO | 01_build_trial_table | Subject 181/230 | UCLA035 | session 1/2 | loading 6f36868f-5cc1-450c-82fa-6b9829ce0cfe
2026-07-24 14:52:05,135 | INFO | 01_build_trial_table | Loaded 6f36868f-5cc1-450c-82fa-6b9829ce0cfe | trials=1002 | choices=1002 | session time=4s | cumulative sessions=602/604 | cumulative trials=390778
2026-07-24 14:52:05,135 | INFO | 01_build_trial_table | Subject 181/230 | UCLA035 | session 2/2 | loading f99ac31f-171b-4208-a55d-5644c0ad51c3
2026-07-24 14:52:08,594 | INFO | 01_build_trial_table | Loaded f99ac31f-171b-4208-a55d-5644c0ad51c3 | trials=748 | choices=748 | session time=3s | cumulative sessions=603/605 | cumulative trials=391526
2026-07-24 14:52:08,594 | INFO | 01_build_trial_table | Subject 181/230 | UCLA035 complete | elapsed=10s | total loaded sessions=603 | total trials=391526
2026-07-24 14:52:08,594 | INFO | 01_build_trial_table | Subject 182/230 | UCLA036 | starting discovery
2026-07-24 14:52:09,152 | INFO | 01_build_trial_table | Subject UCLA036: querying left-camera DLC sessions
2026-07-24 14:52:09,556 | INFO | 01_build_trial_table | Subject UCLA036: checking task protocol for 1 DLC sessions
2026-07-24 14:52:09,940 | INFO | 01_build_trial_table | Subject UCLA036: protocol checks 1/1 (1 ChoiceWorld)
2026-07-24 14:52:09,941 | INFO | 01_build_trial_table | Subject UCLA036: querying raw left-camera video sessions
2026-07-24 14:52:10,341 | INFO | 01_build_trial_table | Subject UCLA036: found 1 raw-video sessions
2026-07-24 14:52:10,341 | INFO | 01_build_trial_table | Subject 182/230 | UCLA036 | 1 ChoiceWorld DLC sessions; 1 video sessions
2026-07-24 14:52:10,342 | INFO | 01_build_trial_table | Subject 182/230 | UCLA036 | session 1/1 | loading e2b845a1-e313-4a08-bc61-a5f662ed295e
2026-07-24 14:52:14,195 | INFO | 01_build_trial_table | Loaded e2b845a1-e313-4a08-bc61-a5f662ed295e | trials=476 | choices=469 | session time=4s | cumulative sessions=604/606 | cumulative trials=392002
2026-07-24 14:52:14,195 | INFO | 01_build_trial_table | Subject 182/230 | UCLA036 complete | elapsed=6s | total loaded sessions=604 | total trials=392002
2026-07-24 14:52:14,195 | INFO | 01_build_trial_table | Subject 183/230 | UCLA037 | starting discovery
2026-07-24 14:52:14,728 | INFO | 01_build_trial_table | Subject UCLA037: querying left-camera DLC sessions
2026-07-24 14:52:15,163 | INFO | 01_build_trial_table | Subject UCLA037: checking task protocol for 4 DLC sessions
2026-07-24 14:52:16,764 | INFO | 01_build_trial_table | Subject UCLA037: protocol checks 4/4 (4 ChoiceWorld)
2026-07-24 14:52:16,764 | INFO | 01_build_trial_table | Subject UCLA037: querying raw left-camera video sessions
2026-07-24 14:52:17,172 | INFO | 01_build_trial_table | Subject UCLA037: found 4 raw-video sessions
2026-07-24 14:52:17,172 | INFO | 01_build_trial_table | Subject 183/230 | UCLA037 | 4 ChoiceWorld DLC sessions; 4 video sessions
2026-07-24 14:52:17,176 | INFO | 01_build_trial_table | Subject 183/230 | UCLA037 | session 1/4 | loading 2bdf206a-820f-402f-920a-9e86cd5388a4
2026-07-24 14:52:20,818 | INFO | 01_build_trial_table | Loaded 2bdf206a-820f-402f-920a-9e86cd5388a4 | trials=580 | choices=567 | session time=4s | cumulative sessions=605/607 | cumulative trials=392582
2026-07-24 14:52:20,818 | INFO | 01_build_trial_table | Subject 183/230 | UCLA037 | session 2/4 | loading 8d316998-28c3-4265-b029-e2ca82375b2f
2026-07-24 14:52:23,491 | INFO | 01_build_trial_table | Loaded 8d316998-28c3-4265-b029-e2ca82375b2f | trials=610 | choices=610 | session time=3s | cumulative sessions=606/608 | cumulative trials=393192
2026-07-24 14:52:23,491 | INFO | 01_build_trial_table | Subject 183/230 | UCLA037 | session 3/4 | loading bda2faf5-9563-4940-a80f-ce444259e47b
2026-07-24 14:52:26,167 | INFO | 01_build_trial_table | Loaded bda2faf5-9563-4940-a80f-ce444259e47b | trials=545 | choices=544 | session time=3s | cumulative sessions=607/609 | cumulative trials=393737
2026-07-24 14:52:26,167 | INFO | 01_build_trial_table | Subject 183/230 | UCLA037 | session 4/4 | loading fa8ad50d-76f2-45fa-a52f-08fe3d942345
2026-07-24 14:52:28,841 | INFO | 01_build_trial_table | Loaded fa8ad50d-76f2-45fa-a52f-08fe3d942345 | trials=459 | choices=456 | session time=3s | cumulative sessions=608/610 | cumulative trials=394196
2026-07-24 14:52:28,841 | INFO | 01_build_trial_table | Subject 183/230 | UCLA037 complete | elapsed=15s | total loaded sessions=608 | total trials=394196
2026-07-24 14:52:28,841 | INFO | 01_build_trial_table | Subject 184/230 | UCLA044 | starting discovery
2026-07-24 14:52:29,514 | INFO | 01_build_trial_table | Subject UCLA044: querying left-camera DLC sessions
2026-07-24 14:52:29,938 | INFO | 01_build_trial_table | Subject UCLA044: checking task protocol for 1 DLC sessions
2026-07-24 14:52:30,330 | INFO | 01_build_trial_table | Subject UCLA044: protocol checks 1/1 (1 ChoiceWorld)
2026-07-24 14:52:30,331 | INFO | 01_build_trial_table | Subject UCLA044: querying raw left-camera video sessions
2026-07-24 14:52:30,732 | INFO | 01_build_trial_table | Subject UCLA044: found 1 raw-video sessions
2026-07-24 14:52:30,732 | INFO | 01_build_trial_table | Subject 184/230 | UCLA044 | 1 ChoiceWorld DLC sessions; 1 video sessions
2026-07-24 14:52:30,732 | INFO | 01_build_trial_table | Subject 184/230 | UCLA044 | session 1/1 | loading 23c75e0b-05d8-452e-8efb-a3687ab94079
2026-07-24 14:52:33,407 | INFO | 01_build_trial_table | Loaded 23c75e0b-05d8-452e-8efb-a3687ab94079 | trials=562 | choices=558 | session time=3s | cumulative sessions=609/611 | cumulative trials=394758
2026-07-24 14:52:33,407 | INFO | 01_build_trial_table | Subject 184/230 | UCLA044 complete | elapsed=5s | total loaded sessions=609 | total trials=394758
2026-07-24 14:52:33,407 | INFO | 01_build_trial_table | Subject 185/230 | UCLA048 | starting discovery
2026-07-24 14:52:34,124 | INFO | 01_build_trial_table | Subject UCLA048: querying left-camera DLC sessions
2026-07-24 14:52:34,526 | INFO | 01_build_trial_table | Subject UCLA048: checking task protocol for 1 DLC sessions
2026-07-24 14:52:34,924 | INFO | 01_build_trial_table | Subject UCLA048: protocol checks 1/1 (1 ChoiceWorld)
2026-07-24 14:52:34,924 | INFO | 01_build_trial_table | Subject UCLA048: querying raw left-camera video sessions
2026-07-24 14:52:35,346 | INFO | 01_build_trial_table | Subject UCLA048: found 1 raw-video sessions
2026-07-24 14:52:35,346 | INFO | 01_build_trial_table | Subject 185/230 | UCLA048 | 1 ChoiceWorld DLC sessions; 1 video sessions
2026-07-24 14:52:35,346 | INFO | 01_build_trial_table | Subject 185/230 | UCLA048 | session 1/1 | loading dc962048-89bb-4e6a-96a9-b062a2be1426
2026-07-24 14:52:38,908 | INFO | 01_build_trial_table | Loaded dc962048-89bb-4e6a-96a9-b062a2be1426 | trials=458 | choices=458 | session time=4s | cumulative sessions=610/612 | cumulative trials=395216
2026-07-24 14:52:38,908 | INFO | 01_build_trial_table | Subject 185/230 | UCLA048 complete | elapsed=6s | total loaded sessions=610 | total trials=395216
2026-07-24 14:52:38,908 | INFO | 01_build_trial_table | Subject 186/230 | UCLA049 | starting discovery
2026-07-24 14:52:39,622 | INFO | 01_build_trial_table | Subject UCLA049: querying left-camera DLC sessions
2026-07-24 14:52:40,029 | INFO | 01_build_trial_table | Subject UCLA049: checking task protocol for 2 DLC sessions
2026-07-24 14:52:40,792 | INFO | 01_build_trial_table | Subject UCLA049: protocol checks 2/2 (2 ChoiceWorld)
2026-07-24 14:52:40,792 | INFO | 01_build_trial_table | Subject UCLA049: querying raw left-camera video sessions
2026-07-24 14:52:41,213 | INFO | 01_build_trial_table | Subject UCLA049: found 2 raw-video sessions
2026-07-24 14:52:41,213 | INFO | 01_build_trial_table | Subject 186/230 | UCLA049 | 2 ChoiceWorld DLC sessions; 2 video sessions
2026-07-24 14:52:41,213 | INFO | 01_build_trial_table | Subject 186/230 | UCLA049 | session 1/2 | loading 0841d188-8ef2-4f20-9828-76a94d5343a4
2026-07-24 14:52:44,900 | INFO | 01_build_trial_table | Loaded 0841d188-8ef2-4f20-9828-76a94d5343a4 | trials=505 | choices=502 | session time=4s | cumulative sessions=611/613 | cumulative trials=395721
2026-07-24 14:52:44,900 | INFO | 01_build_trial_table | Subject 186/230 | UCLA049 | session 2/2 | loading 8a1cf4ef-06e3-4c72-9bc7-e1baa189841b
2026-07-24 14:52:48,333 | INFO | 01_build_trial_table | Loaded 8a1cf4ef-06e3-4c72-9bc7-e1baa189841b | trials=405 | choices=405 | session time=3s | cumulative sessions=612/614 | cumulative trials=396126
2026-07-24 14:52:48,333 | INFO | 01_build_trial_table | Subject 186/230 | UCLA049 complete | elapsed=9s | total loaded sessions=612 | total trials=396126
2026-07-24 14:52:48,333 | INFO | 01_build_trial_table | Subject 187/230 | UCLA052 | starting discovery
2026-07-24 14:52:48,881 | INFO | 01_build_trial_table | Subject UCLA052: querying left-camera DLC sessions
2026-07-24 14:52:49,291 | INFO | 01_build_trial_table | Subject UCLA052: checking task protocol for 1 DLC sessions
2026-07-24 14:52:49,706 | INFO | 01_build_trial_table | Subject UCLA052: protocol checks 1/1 (1 ChoiceWorld)
2026-07-24 14:52:49,706 | INFO | 01_build_trial_table | Subject UCLA052: querying raw left-camera video sessions
2026-07-24 14:52:50,123 | INFO | 01_build_trial_table | Subject UCLA052: found 1 raw-video sessions
2026-07-24 14:52:50,123 | INFO | 01_build_trial_table | Subject 187/230 | UCLA052 | 1 ChoiceWorld DLC sessions; 1 video sessions
2026-07-24 14:52:50,124 | INFO | 01_build_trial_table | Subject 187/230 | UCLA052 | session 1/1 | loading 687017d4-c9fc-458f-a7d5-0979fe1a7470
2026-07-24 14:52:53,316 | INFO | 01_build_trial_table | Loaded 687017d4-c9fc-458f-a7d5-0979fe1a7470 | trials=436 | choices=426 | session time=3s | cumulative sessions=613/615 | cumulative trials=396562
2026-07-24 14:52:53,317 | INFO | 01_build_trial_table | Subject 187/230 | UCLA052 complete | elapsed=5s | total loaded sessions=613 | total trials=396562
2026-07-24 14:52:53,317 | INFO | 01_build_trial_table | Subject 188/230 | ZFM-01576 | starting discovery
2026-07-24 14:52:54,023 | INFO | 01_build_trial_table | Subject ZFM-01576: querying left-camera DLC sessions
2026-07-24 14:52:54,431 | INFO | 01_build_trial_table | Subject ZFM-01576: checking task protocol for 2 DLC sessions
2026-07-24 14:52:55,249 | INFO | 01_build_trial_table | Subject ZFM-01576: protocol checks 2/2 (2 ChoiceWorld)
2026-07-24 14:52:55,250 | INFO | 01_build_trial_table | Subject ZFM-01576: querying raw left-camera video sessions
2026-07-24 14:52:55,658 | INFO | 01_build_trial_table | Subject ZFM-01576: found 2 raw-video sessions
2026-07-24 14:52:55,658 | INFO | 01_build_trial_table | Subject 188/230 | ZFM-01576 | 2 ChoiceWorld DLC sessions; 2 video sessions
2026-07-24 14:52:55,658 | INFO | 01_build_trial_table | Subject 188/230 | ZFM-01576 | session 1/2 | loading 9e9c6fc0-4769-4d83-9ea4-b59a1230510e
2026-07-24 14:52:58,640 | INFO | 01_build_trial_table | Loaded 9e9c6fc0-4769-4d83-9ea4-b59a1230510e | trials=1007 | choices=1007 | session time=3s | cumulative sessions=614/616 | cumulative trials=397569
2026-07-24 14:52:58,641 | INFO | 01_build_trial_table | Subject 188/230 | ZFM-01576 | session 2/2 | loading c4432264-e1ae-446f-8a07-6280abade813
2026-07-24 14:53:03,140 | INFO | 01_build_trial_table | Loaded c4432264-e1ae-446f-8a07-6280abade813 | trials=848 | choices=848 | session time=4s | cumulative sessions=615/617 | cumulative trials=398417
2026-07-24 14:53:03,141 | INFO | 01_build_trial_table | Subject 188/230 | ZFM-01576 complete | elapsed=10s | total loaded sessions=615 | total trials=398417
2026-07-24 14:53:03,141 | INFO | 01_build_trial_table | Subject 189/230 | ZFM-01577 | starting discovery
2026-07-24 14:53:03,704 | INFO | 01_build_trial_table | Subject ZFM-01577: querying left-camera DLC sessions
2026-07-24 14:53:04,123 | INFO | 01_build_trial_table | Subject ZFM-01577: checking task protocol for 3 DLC sessions
2026-07-24 14:53:05,292 | INFO | 01_build_trial_table | Subject ZFM-01577: protocol checks 3/3 (3 ChoiceWorld)
2026-07-24 14:53:05,292 | INFO | 01_build_trial_table | Subject ZFM-01577: querying raw left-camera video sessions
2026-07-24 14:53:05,725 | INFO | 01_build_trial_table | Subject ZFM-01577: found 3 raw-video sessions
2026-07-24 14:53:05,725 | INFO | 01_build_trial_table | Subject 189/230 | ZFM-01577 | 3 ChoiceWorld DLC sessions; 3 video sessions
2026-07-24 14:53:05,725 | INFO | 01_build_trial_table | Subject 189/230 | ZFM-01577 | session 1/3 | loading 09b2c4d1-058d-4c84-9fd4-97530f85baf6
2026-07-24 14:53:09,379 | INFO | 01_build_trial_table | Loaded 09b2c4d1-058d-4c84-9fd4-97530f85baf6 | trials=598 | choices=589 | session time=4s | cumulative sessions=616/618 | cumulative trials=399015
2026-07-24 14:53:09,379 | INFO | 01_build_trial_table | Subject 189/230 | ZFM-01577 | session 2/3 | loading 5d6aa933-4b00-4e99-ae2d-5003657592e9
2026-07-24 14:53:12,969 | INFO | 01_build_trial_table | Loaded 5d6aa933-4b00-4e99-ae2d-5003657592e9 | trials=845 | choices=836 | session time=4s | cumulative sessions=617/619 | cumulative trials=399860
2026-07-24 14:53:12,970 | INFO | 01_build_trial_table | Subject 189/230 | ZFM-01577 | session 3/3 | loading 63f3dbc1-1a5f-44e5-98dd-ce25cd2b7871
2026-07-24 14:53:15,705 | INFO | 01_build_trial_table | Loaded 63f3dbc1-1a5f-44e5-98dd-ce25cd2b7871 | trials=456 | choices=454 | session time=3s | cumulative sessions=618/620 | cumulative trials=400316
2026-07-24 14:53:15,705 | INFO | 01_build_trial_table | Subject 189/230 | ZFM-01577 complete | elapsed=13s | total loaded sessions=618 | total trials=400316
2026-07-24 14:53:15,705 | INFO | 01_build_trial_table | Subject 190/230 | ZFM-01592 | starting discovery
2026-07-24 14:53:16,222 | INFO | 01_build_trial_table | Subject ZFM-01592: querying left-camera DLC sessions
2026-07-24 14:53:16,623 | INFO | 01_build_trial_table | Subject ZFM-01592: checking task protocol for 3 DLC sessions
2026-07-24 14:53:17,813 | INFO | 01_build_trial_table | Subject ZFM-01592: protocol checks 3/3 (3 ChoiceWorld)
2026-07-24 14:53:17,813 | INFO | 01_build_trial_table | Subject ZFM-01592: querying raw left-camera video sessions
2026-07-24 14:53:18,223 | INFO | 01_build_trial_table | Subject ZFM-01592: found 3 raw-video sessions
2026-07-24 14:53:18,224 | INFO | 01_build_trial_table | Subject 190/230 | ZFM-01592 | 3 ChoiceWorld DLC sessions; 3 video sessions
2026-07-24 14:53:18,224 | INFO | 01_build_trial_table | Subject 190/230 | ZFM-01592 | session 1/3 | loading 56bc129c-6265-407a-a208-cc16d20a6c01
2026-07-24 14:53:20,932 | INFO | 01_build_trial_table | Loaded 56bc129c-6265-407a-a208-cc16d20a6c01 | trials=1065 | choices=1065 | session time=3s | cumulative sessions=619/621 | cumulative trials=401381
2026-07-24 14:53:20,932 | INFO | 01_build_trial_table | Subject 190/230 | ZFM-01592 | session 2/3 | loading 5b609f9b-75cb-43d3-9c39-b5b4b7a0db67
2026-07-24 14:53:24,676 | INFO | 01_build_trial_table | Loaded 5b609f9b-75cb-43d3-9c39-b5b4b7a0db67 | trials=1001 | choices=1001 | session time=4s | cumulative sessions=620/622 | cumulative trials=402382
2026-07-24 14:53:24,676 | INFO | 01_build_trial_table | Subject 190/230 | ZFM-01592 | session 3/3 | loading 746d1902-fa59-4cab-b0aa-013be36060d5
2026-07-24 14:53:28,257 | INFO | 01_build_trial_table | Loaded 746d1902-fa59-4cab-b0aa-013be36060d5 | trials=660 | choices=650 | session time=4s | cumulative sessions=621/623 | cumulative trials=403042
2026-07-24 14:53:28,257 | INFO | 01_build_trial_table | Subject 190/230 | ZFM-01592 complete | elapsed=13s | total loaded sessions=621 | total trials=403042
2026-07-24 14:53:28,257 | INFO | 01_build_trial_table | Subject 191/230 | ZFM-01935 | starting discovery
2026-07-24 14:53:28,802 | INFO | 01_build_trial_table | Subject ZFM-01935: querying left-camera DLC sessions
2026-07-24 14:53:29,216 | INFO | 01_build_trial_table | Subject ZFM-01935: checking task protocol for 4 DLC sessions
2026-07-24 14:53:30,795 | INFO | 01_build_trial_table | Subject ZFM-01935: protocol checks 4/4 (4 ChoiceWorld)
2026-07-24 14:53:30,796 | INFO | 01_build_trial_table | Subject ZFM-01935: querying raw left-camera video sessions
2026-07-24 14:53:31,238 | INFO | 01_build_trial_table | Subject ZFM-01935: found 4 raw-video sessions
2026-07-24 14:53:31,238 | INFO | 01_build_trial_table | Subject 191/230 | ZFM-01935 | 4 ChoiceWorld DLC sessions; 4 video sessions
2026-07-24 14:53:31,238 | INFO | 01_build_trial_table | Subject 191/230 | ZFM-01935 | session 1/4 | loading 1a507308-c63a-4e02-8f32-3239a07dc578
2026-07-24 14:53:34,676 | INFO | 01_build_trial_table | Loaded 1a507308-c63a-4e02-8f32-3239a07dc578 | trials=743 | choices=743 | session time=3s | cumulative sessions=622/624 | cumulative trials=403785
2026-07-24 14:53:34,676 | INFO | 01_build_trial_table | Subject 191/230 | ZFM-01935 | session 2/4 | loading 71e03be6-b497-4991-a121-9416dcc1a6e7
2026-07-24 14:53:37,558 | INFO | 01_build_trial_table | Loaded 71e03be6-b497-4991-a121-9416dcc1a6e7 | trials=817 | choices=817 | session time=3s | cumulative sessions=623/625 | cumulative trials=404602
2026-07-24 14:53:37,559 | INFO | 01_build_trial_table | Subject 191/230 | ZFM-01935 | session 3/4 | loading ab8a0899-a59f-42e4-8807-95b14056104b
2026-07-24 14:53:40,336 | INFO | 01_build_trial_table | Loaded ab8a0899-a59f-42e4-8807-95b14056104b | trials=805 | choices=805 | session time=3s | cumulative sessions=624/626 | cumulative trials=405407
2026-07-24 14:53:40,336 | INFO | 01_build_trial_table | Subject 191/230 | ZFM-01935 | session 4/4 | loading f5591ac5-311d-4fa8-9bad-029d7be9c491
2026-07-24 14:53:43,019 | INFO | 01_build_trial_table | Loaded f5591ac5-311d-4fa8-9bad-029d7be9c491 | trials=785 | choices=784 | session time=3s | cumulative sessions=625/627 | cumulative trials=406192
2026-07-24 14:53:43,019 | INFO | 01_build_trial_table | Subject 191/230 | ZFM-01935 complete | elapsed=15s | total loaded sessions=625 | total trials=406192
2026-07-24 14:53:43,019 | INFO | 01_build_trial_table | Subject 192/230 | ZFM-01936 | starting discovery
2026-07-24 14:53:43,563 | INFO | 01_build_trial_table | Subject ZFM-01936: querying left-camera DLC sessions
2026-07-24 14:53:44,006 | INFO | 01_build_trial_table | Subject ZFM-01936: checking task protocol for 5 DLC sessions
2026-07-24 14:53:45,979 | INFO | 01_build_trial_table | Subject ZFM-01936: protocol checks 5/5 (5 ChoiceWorld)
2026-07-24 14:53:45,979 | INFO | 01_build_trial_table | Subject ZFM-01936: querying raw left-camera video sessions
2026-07-24 14:53:46,413 | INFO | 01_build_trial_table | Subject ZFM-01936: found 5 raw-video sessions
2026-07-24 14:53:46,413 | INFO | 01_build_trial_table | Subject 192/230 | ZFM-01936 | 5 ChoiceWorld DLC sessions; 5 video sessions
2026-07-24 14:53:46,413 | INFO | 01_build_trial_table | Subject 192/230 | ZFM-01936 | session 1/5 | loading 2c44a360-5a56-4971-8009-f469fb59de98
2026-07-24 14:53:49,864 | INFO | 01_build_trial_table | Loaded 2c44a360-5a56-4971-8009-f469fb59de98 | trials=602 | choices=600 | session time=3s | cumulative sessions=626/628 | cumulative trials=406794
2026-07-24 14:53:49,865 | INFO | 01_build_trial_table | Subject 192/230 | ZFM-01936 | session 2/5 | loading 3f6e25ae-c007-4dc3-aa77-450fd5705046
2026-07-24 14:53:52,623 | INFO | 01_build_trial_table | Loaded 3f6e25ae-c007-4dc3-aa77-450fd5705046 | trials=401 | choices=401 | session time=3s | cumulative sessions=627/629 | cumulative trials=407195
2026-07-24 14:53:52,623 | INFO | 01_build_trial_table | Subject 192/230 | ZFM-01936 | session 3/5 | loading 4aa1d525-5c7d-4c50-a147-ec53a9014812
2026-07-24 14:53:55,405 | INFO | 01_build_trial_table | Loaded 4aa1d525-5c7d-4c50-a147-ec53a9014812 | trials=564 | choices=564 | session time=3s | cumulative sessions=628/630 | cumulative trials=407759
2026-07-24 14:53:55,405 | INFO | 01_build_trial_table | Subject 192/230 | ZFM-01936 | session 4/5 | loading 9b5a1754-ac99-4d53-97d3-35c2f6638507
2026-07-24 14:53:58,167 | INFO | 01_build_trial_table | Loaded 9b5a1754-ac99-4d53-97d3-35c2f6638507 | trials=443 | choices=439 | session time=3s | cumulative sessions=629/631 | cumulative trials=408202
2026-07-24 14:53:58,167 | INFO | 01_build_trial_table | Subject 192/230 | ZFM-01936 | session 5/5 | loading d0ea3148-948d-4817-94f8-dcaf2342bbbe
2026-07-24 14:54:01,380 | INFO | 01_build_trial_table | Loaded d0ea3148-948d-4817-94f8-dcaf2342bbbe | trials=560 | choices=548 | session time=3s | cumulative sessions=630/632 | cumulative trials=408762
2026-07-24 14:54:01,380 | INFO | 01_build_trial_table | Subject 192/230 | ZFM-01936 complete | elapsed=18s | total loaded sessions=630 | total trials=408762
2026-07-24 14:54:01,380 | INFO | 01_build_trial_table | Subject 193/230 | ZFM-01937 | starting discovery
2026-07-24 14:54:03,060 | INFO | 01_build_trial_table | Subject ZFM-01937: querying left-camera DLC sessions
2026-07-24 14:54:03,465 | INFO | 01_build_trial_table | Subject ZFM-01937: checking task protocol for 2 DLC sessions
2026-07-24 14:54:04,260 | INFO | 01_build_trial_table | Subject ZFM-01937: protocol checks 2/2 (2 ChoiceWorld)
2026-07-24 14:54:04,260 | INFO | 01_build_trial_table | Subject ZFM-01937: querying raw left-camera video sessions
2026-07-24 14:54:04,678 | INFO | 01_build_trial_table | Subject ZFM-01937: found 2 raw-video sessions
2026-07-24 14:54:04,679 | INFO | 01_build_trial_table | Subject 193/230 | ZFM-01937 | 2 ChoiceWorld DLC sessions; 2 video sessions
2026-07-24 14:54:04,679 | INFO | 01_build_trial_table | Subject 193/230 | ZFM-01937 | session 1/2 | loading 0b7ee1b6-42db-46cd-a465-08f531366187
2026-07-24 14:54:07,749 | INFO | 01_build_trial_table | Loaded 0b7ee1b6-42db-46cd-a465-08f531366187 | trials=797 | choices=797 | session time=3s | cumulative sessions=631/633 | cumulative trials=409559
2026-07-24 14:54:07,750 | INFO | 01_build_trial_table | Subject 193/230 | ZFM-01937 | session 2/2 | loading 113c5b6c-940e-4b21-b462-789b4c2be0e5
2026-07-24 14:54:10,505 | INFO | 01_build_trial_table | Loaded 113c5b6c-940e-4b21-b462-789b4c2be0e5 | trials=436 | choices=433 | session time=3s | cumulative sessions=632/634 | cumulative trials=409995
2026-07-24 14:54:10,505 | INFO | 01_build_trial_table | Subject 193/230 | ZFM-01937 complete | elapsed=9s | total loaded sessions=632 | total trials=409995
2026-07-24 14:54:10,505 | INFO | 01_build_trial_table | Subject 194/230 | ZFM-02181 | starting discovery
2026-07-24 14:54:11,431 | INFO | 01_build_trial_table | Subject ZFM-02181: querying left-camera DLC sessions
2026-07-24 14:54:11,871 | INFO | 01_build_trial_table | Subject ZFM-02181: checking task protocol for 11 DLC sessions
2026-07-24 14:54:15,889 | INFO | 01_build_trial_table | Subject ZFM-02181: protocol checks 10/11 (10 ChoiceWorld)
2026-07-24 14:54:19,112 | INFO | 01_build_trial_table | Subject ZFM-02181: protocol checks 11/11 (11 ChoiceWorld)
2026-07-24 14:54:19,112 | INFO | 01_build_trial_table | Subject ZFM-02181: querying raw left-camera video sessions
2026-07-24 14:54:19,539 | INFO | 01_build_trial_table | Subject ZFM-02181: found 12 raw-video sessions
2026-07-24 14:54:19,539 | INFO | 01_build_trial_table | Subject 194/230 | ZFM-02181 | 11 ChoiceWorld DLC sessions; 12 video sessions
2026-07-24 14:54:19,539 | INFO | 01_build_trial_table | Subject 194/230 | ZFM-02181 | session 1/11 | loading 16ed8681-52f4-4be5-af8d-94c2f9cf0d0a
2026-07-24 14:54:21,270 | INFO | 01_build_trial_table | Loaded 16ed8681-52f4-4be5-af8d-94c2f9cf0d0a | trials=279 | choices=266 | session time=2s | cumulative sessions=633/635 | cumulative trials=410274
2026-07-24 14:54:21,270 | INFO | 01_build_trial_table | Subject 194/230 | ZFM-02181 | session 2/11 | loading 1bcae406-0251-425a-8cc6-cabd18001439
2026-07-24 14:54:23,007 | INFO | 01_build_trial_table | Loaded 1bcae406-0251-425a-8cc6-cabd18001439 | trials=346 | choices=343 | session time=2s | cumulative sessions=634/636 | cumulative trials=410620
2026-07-24 14:54:23,007 | INFO | 01_build_trial_table | Subject 194/230 | ZFM-02181 | session 3/11 | loading 299bf322-e039-4444-8f04-67fde247ae5e
2026-07-24 14:54:25,577 | INFO | 01_build_trial_table | Loaded 299bf322-e039-4444-8f04-67fde247ae5e | trials=203 | choices=191 | session time=3s | cumulative sessions=635/637 | cumulative trials=410823
2026-07-24 14:54:25,577 | INFO | 01_build_trial_table | Subject 194/230 | ZFM-02181 | session 4/11 | loading 2bfc9363-e976-46bf-b4c4-a0dffff196f3
2026-07-24 14:54:27,303 | INFO | 01_build_trial_table | Loaded 2bfc9363-e976-46bf-b4c4-a0dffff196f3 | trials=757 | choices=756 | session time=2s | cumulative sessions=636/638 | cumulative trials=411580
2026-07-24 14:54:27,303 | INFO | 01_build_trial_table | Subject 194/230 | ZFM-02181 | session 5/11 | loading 719aa366-e467-4111-b605-d363b73a4490
2026-07-24 14:54:29,037 | INFO | 01_build_trial_table | Loaded 719aa366-e467-4111-b605-d363b73a4490 | trials=406 | choices=406 | session time=2s | cumulative sessions=637/639 | cumulative trials=411986
2026-07-24 14:54:29,037 | INFO | 01_build_trial_table | Subject 194/230 | ZFM-02181 | session 6/11 | loading 8e3e56d1-4e74-49e1-94ff-65771ac852b5
2026-07-24 14:54:30,805 | INFO | 01_build_trial_table | Loaded 8e3e56d1-4e74-49e1-94ff-65771ac852b5 | trials=380 | choices=380 | session time=2s | cumulative sessions=638/640 | cumulative trials=412366
2026-07-24 14:54:30,805 | INFO | 01_build_trial_table | Subject 194/230 | ZFM-02181 | session 7/11 | loading 91e629f5-f161-44e4-8dd0-15954c602f02
2026-07-24 14:54:33,111 | INFO | 01_build_trial_table | Loaded 91e629f5-f161-44e4-8dd0-15954c602f02 | trials=127 | choices=101 | session time=2s | cumulative sessions=639/641 | cumulative trials=412493
2026-07-24 14:54:33,111 | INFO | 01_build_trial_table | Subject 194/230 | ZFM-02181 | session 8/11 | loading 9974a090-c1d5-4215-8bea-558e155e5669
2026-07-24 14:54:34,799 | INFO | 01_build_trial_table | Loaded 9974a090-c1d5-4215-8bea-558e155e5669 | trials=371 | choices=371 | session time=2s | cumulative sessions=640/642 | cumulative trials=412864
2026-07-24 14:54:34,799 | INFO | 01_build_trial_table | Subject 194/230 | ZFM-02181 | session 9/11 | loading cc97d121-9272-42da-8797-8afb02b10482
2026-07-24 14:54:36,480 | INFO | 01_build_trial_table | Loaded cc97d121-9272-42da-8797-8afb02b10482 | trials=135 | choices=129 | session time=2s | cumulative sessions=641/643 | cumulative trials=412999
2026-07-24 14:54:36,480 | INFO | 01_build_trial_table | Subject 194/230 | ZFM-02181 | session 10/11 | loading f0770fb5-80ea-476f-9ec8-c30385ba8546
2026-07-24 14:54:38,200 | INFO | 01_build_trial_table | Loaded f0770fb5-80ea-476f-9ec8-c30385ba8546 | trials=333 | choices=333 | session time=2s | cumulative sessions=642/644 | cumulative trials=413332
2026-07-24 14:54:38,200 | INFO | 01_build_trial_table | Subject 194/230 | ZFM-02181 | session 11/11 | loading f3dfc69b-f7a3-457a-a4bb-67f5c34a8b94
2026-07-24 14:54:39,911 | INFO | 01_build_trial_table | Loaded f3dfc69b-f7a3-457a-a4bb-67f5c34a8b94 | trials=784 | choices=784 | session time=2s | cumulative sessions=643/645 | cumulative trials=414116
2026-07-24 14:54:39,912 | INFO | 01_build_trial_table | Subject 194/230 | ZFM-02181 complete | elapsed=29s | total loaded sessions=643 | total trials=414116
2026-07-24 14:54:39,912 | INFO | 01_build_trial_table | Subject 195/230 | ZFM-02368 | starting discovery
2026-07-24 14:54:40,479 | INFO | 01_build_trial_table | Subject ZFM-02368: querying left-camera DLC sessions
2026-07-24 14:54:40,899 | INFO | 01_build_trial_table | Subject ZFM-02368: checking task protocol for 1 DLC sessions
2026-07-24 14:54:41,283 | INFO | 01_build_trial_table | Subject ZFM-02368: protocol checks 1/1 (1 ChoiceWorld)
2026-07-24 14:54:41,284 | INFO | 01_build_trial_table | Subject ZFM-02368: querying raw left-camera video sessions
2026-07-24 14:54:41,682 | INFO | 01_build_trial_table | Subject ZFM-02368: found 1 raw-video sessions
2026-07-24 14:54:41,682 | INFO | 01_build_trial_table | Subject 195/230 | ZFM-02368 | 1 ChoiceWorld DLC sessions; 1 video sessions
2026-07-24 14:54:41,682 | INFO | 01_build_trial_table | Subject 195/230 | ZFM-02368 | session 1/1 | loading a4a74102-2af5-45dc-9e41-ef7f5aed88be
2026-07-24 14:54:45,228 | INFO | 01_build_trial_table | Loaded a4a74102-2af5-45dc-9e41-ef7f5aed88be | trials=408 | choices=408 | session time=4s | cumulative sessions=644/646 | cumulative trials=414524
2026-07-24 14:54:45,228 | INFO | 01_build_trial_table | Subject 195/230 | ZFM-02368 complete | elapsed=5s | total loaded sessions=644 | total trials=414524
2026-07-24 14:54:45,228 | INFO | 01_build_trial_table | Subject 196/230 | ZFM-02369 | starting discovery
2026-07-24 14:54:45,782 | INFO | 01_build_trial_table | Subject ZFM-02369: querying left-camera DLC sessions
2026-07-24 14:54:46,185 | INFO | 01_build_trial_table | Subject ZFM-02369: checking task protocol for 1 DLC sessions
2026-07-24 14:54:46,571 | INFO | 01_build_trial_table | Subject ZFM-02369: protocol checks 1/1 (1 ChoiceWorld)
2026-07-24 14:54:46,571 | INFO | 01_build_trial_table | Subject ZFM-02369: querying raw left-camera video sessions
2026-07-24 14:54:46,970 | INFO | 01_build_trial_table | Subject ZFM-02369: found 1 raw-video sessions
2026-07-24 14:54:46,970 | INFO | 01_build_trial_table | Subject 196/230 | ZFM-02369 | 1 ChoiceWorld DLC sessions; 1 video sessions
2026-07-24 14:54:46,970 | INFO | 01_build_trial_table | Subject 196/230 | ZFM-02369 | session 1/1 | loading 72cb5550-43b4-4ef0-add5-e4adfdfb5e02
2026-07-24 14:54:50,577 | INFO | 01_build_trial_table | Loaded 72cb5550-43b4-4ef0-add5-e4adfdfb5e02 | trials=733 | choices=726 | session time=4s | cumulative sessions=645/647 | cumulative trials=415257
2026-07-24 14:54:50,577 | INFO | 01_build_trial_table | Subject 196/230 | ZFM-02369 complete | elapsed=5s | total loaded sessions=645 | total trials=415257
2026-07-24 14:54:50,577 | INFO | 01_build_trial_table | Subject 197/230 | ZFM-02370 | starting discovery
2026-07-24 14:54:51,135 | INFO | 01_build_trial_table | Subject ZFM-02370: querying left-camera DLC sessions
2026-07-24 14:54:51,568 | INFO | 01_build_trial_table | Subject ZFM-02370: checking task protocol for 3 DLC sessions
2026-07-24 14:54:52,908 | INFO | 01_build_trial_table | Subject ZFM-02370: protocol checks 3/3 (3 ChoiceWorld)
2026-07-24 14:54:52,908 | INFO | 01_build_trial_table | Subject ZFM-02370: querying raw left-camera video sessions
2026-07-24 14:54:53,313 | INFO | 01_build_trial_table | Subject ZFM-02370: found 3 raw-video sessions
2026-07-24 14:54:53,313 | INFO | 01_build_trial_table | Subject 197/230 | ZFM-02370 | 3 ChoiceWorld DLC sessions; 3 video sessions
2026-07-24 14:54:53,313 | INFO | 01_build_trial_table | Subject 197/230 | ZFM-02370 | session 1/3 | loading 30c4e2ab-dffc-499d-aae4-e51d6b3218c2
2026-07-24 14:54:55,595 | INFO | 01_build_trial_table | Loaded 30c4e2ab-dffc-499d-aae4-e51d6b3218c2 | trials=841 | choices=841 | session time=2s | cumulative sessions=646/648 | cumulative trials=416098
2026-07-24 14:54:55,595 | INFO | 01_build_trial_table | Subject 197/230 | ZFM-02370 | session 2/3 | loading 6f6d2c8e-28be-49f4-ae4d-06be2d3148c1
2026-07-24 14:54:58,313 | INFO | 01_build_trial_table | Loaded 6f6d2c8e-28be-49f4-ae4d-06be2d3148c1 | trials=552 | choices=552 | session time=3s | cumulative sessions=647/649 | cumulative trials=416650
2026-07-24 14:54:58,313 | INFO | 01_build_trial_table | Subject 197/230 | ZFM-02370 | session 3/3 | loading d0c91c3c-8cbb-4929-8657-31f18bffc294
2026-07-24 14:55:01,280 | INFO | 01_build_trial_table | Loaded d0c91c3c-8cbb-4929-8657-31f18bffc294 | trials=815 | choices=815 | session time=3s | cumulative sessions=648/650 | cumulative trials=417465
2026-07-24 14:55:01,280 | INFO | 01_build_trial_table | Subject 197/230 | ZFM-02370 complete | elapsed=11s | total loaded sessions=648 | total trials=417465
2026-07-24 14:55:01,280 | INFO | 01_build_trial_table | Subject 198/230 | ZFM-02372 | starting discovery
2026-07-24 14:55:02,445 | INFO | 01_build_trial_table | Subject ZFM-02372: querying left-camera DLC sessions
2026-07-24 14:55:02,892 | INFO | 01_build_trial_table | Subject ZFM-02372: checking task protocol for 2 DLC sessions
2026-07-24 14:55:03,735 | INFO | 01_build_trial_table | Subject ZFM-02372: protocol checks 2/2 (2 ChoiceWorld)
2026-07-24 14:55:03,735 | INFO | 01_build_trial_table | Subject ZFM-02372: querying raw left-camera video sessions
2026-07-24 14:55:04,148 | INFO | 01_build_trial_table | Subject ZFM-02372: found 2 raw-video sessions
2026-07-24 14:55:04,148 | INFO | 01_build_trial_table | Subject 198/230 | ZFM-02372 | 2 ChoiceWorld DLC sessions; 2 video sessions
2026-07-24 14:55:04,148 | INFO | 01_build_trial_table | Subject 198/230 | ZFM-02372 | session 1/2 | loading 7cec9792-b8f9-4878-be7e-f08103dc0323
2026-07-24 14:55:07,328 | INFO | 01_build_trial_table | Loaded 7cec9792-b8f9-4878-be7e-f08103dc0323 | trials=616 | choices=616 | session time=3s | cumulative sessions=649/651 | cumulative trials=418081
2026-07-24 14:55:07,328 | INFO | 01_build_trial_table | Subject 198/230 | ZFM-02372 | session 2/2 | loading 88224abb-5746-431f-9c17-17d7ef806e6a
2026-07-24 14:55:11,001 | INFO | 01_build_trial_table | Loaded 88224abb-5746-431f-9c17-17d7ef806e6a | trials=452 | choices=452 | session time=4s | cumulative sessions=650/652 | cumulative trials=418533
2026-07-24 14:55:11,001 | INFO | 01_build_trial_table | Subject 198/230 | ZFM-02372 complete | elapsed=10s | total loaded sessions=650 | total trials=418533
2026-07-24 14:55:11,001 | INFO | 01_build_trial_table | Subject 199/230 | ZFM-02373 | starting discovery
2026-07-24 14:55:11,680 | INFO | 01_build_trial_table | Subject ZFM-02373: querying left-camera DLC sessions
2026-07-24 14:55:12,092 | INFO | 01_build_trial_table | Subject ZFM-02373: checking task protocol for 1 DLC sessions
2026-07-24 14:55:12,477 | INFO | 01_build_trial_table | Subject ZFM-02373: protocol checks 1/1 (1 ChoiceWorld)
2026-07-24 14:55:12,477 | INFO | 01_build_trial_table | Subject ZFM-02373: querying raw left-camera video sessions
2026-07-24 14:55:12,874 | INFO | 01_build_trial_table | Subject ZFM-02373: found 1 raw-video sessions
2026-07-24 14:55:12,875 | INFO | 01_build_trial_table | Subject 199/230 | ZFM-02373 | 1 ChoiceWorld DLC sessions; 1 video sessions
2026-07-24 14:55:12,875 | INFO | 01_build_trial_table | Subject 199/230 | ZFM-02373 | session 1/1 | loading 0802ced5-33a3-405e-8336-b65ebc5cb07c
2026-07-24 14:55:16,395 | INFO | 01_build_trial_table | Loaded 0802ced5-33a3-405e-8336-b65ebc5cb07c | trials=424 | choices=424 | session time=4s | cumulative sessions=651/653 | cumulative trials=418957
2026-07-24 14:55:16,395 | INFO | 01_build_trial_table | Subject 199/230 | ZFM-02373 complete | elapsed=5s | total loaded sessions=651 | total trials=418957
2026-07-24 14:55:16,396 | INFO | 01_build_trial_table | Subject 200/230 | ZFM-02600 | starting discovery
2026-07-24 14:55:17,140 | INFO | 01_build_trial_table | Subject ZFM-02600: querying left-camera DLC sessions
2026-07-24 14:55:17,562 | INFO | 01_build_trial_table | Subject ZFM-02600: checking task protocol for 13 DLC sessions
2026-07-24 14:55:21,481 | INFO | 01_build_trial_table | Subject ZFM-02600: protocol checks 10/13 (10 ChoiceWorld)
2026-07-24 14:55:22,630 | INFO | 01_build_trial_table | Subject ZFM-02600: protocol checks 13/13 (13 ChoiceWorld)
2026-07-24 14:55:22,630 | INFO | 01_build_trial_table | Subject ZFM-02600: querying raw left-camera video sessions
2026-07-24 14:55:23,073 | INFO | 01_build_trial_table | Subject ZFM-02600: found 13 raw-video sessions
2026-07-24 14:55:23,073 | INFO | 01_build_trial_table | Subject 200/230 | ZFM-02600 | 13 ChoiceWorld DLC sessions; 13 video sessions
2026-07-24 14:55:23,073 | INFO | 01_build_trial_table | Subject 200/230 | ZFM-02600 | session 1/13 | loading 00c4ee96-3b51-4d6a-a3cc-442b637c9de1
2026-07-24 14:55:24,804 | INFO | 01_build_trial_table | Loaded 00c4ee96-3b51-4d6a-a3cc-442b637c9de1 | trials=866 | choices=866 | session time=2s | cumulative sessions=652/654 | cumulative trials=419823
2026-07-24 14:55:24,804 | INFO | 01_build_trial_table | Subject 200/230 | ZFM-02600 | session 2/13 | loading 0d24afce-9d3c-449e-ac9f-577eefefbd7e
2026-07-24 14:55:27,403 | INFO | 01_build_trial_table | Loaded 0d24afce-9d3c-449e-ac9f-577eefefbd7e | trials=866 | choices=866 | session time=3s | cumulative sessions=653/655 | cumulative trials=420689
2026-07-24 14:55:27,403 | INFO | 01_build_trial_table | Subject 200/230 | ZFM-02600 | session 3/13 | loading 30d70f60-553b-4325-ae83-a35f23271c02
2026-07-24 14:55:29,123 | INFO | 01_build_trial_table | Loaded 30d70f60-553b-4325-ae83-a35f23271c02 | trials=633 | choices=633 | session time=2s | cumulative sessions=654/656 | cumulative trials=421322
2026-07-24 14:55:29,124 | INFO | 01_build_trial_table | Subject 200/230 | ZFM-02600 | session 4/13 | loading 54c8eada-31d4-4c8d-bcc6-a76097b5ed17
2026-07-24 14:55:30,930 | INFO | 01_build_trial_table | Loaded 54c8eada-31d4-4c8d-bcc6-a76097b5ed17 | trials=720 | choices=720 | session time=2s | cumulative sessions=655/657 | cumulative trials=422042
2026-07-24 14:55:30,930 | INFO | 01_build_trial_table | Subject 200/230 | ZFM-02600 | session 5/13 | loading 56fc65b3-8e8b-4e65-a935-71cc75eb5e5c
2026-07-24 14:55:32,651 | INFO | 01_build_trial_table | Loaded 56fc65b3-8e8b-4e65-a935-71cc75eb5e5c | trials=673 | choices=673 | session time=2s | cumulative sessions=656/658 | cumulative trials=422715
2026-07-24 14:55:32,651 | INFO | 01_build_trial_table | Subject 200/230 | ZFM-02600 | session 6/13 | loading 5b7e1b65-b844-4fe8-b19e-1c3175290a63
2026-07-24 14:55:35,151 | INFO | 01_build_trial_table | Loaded 5b7e1b65-b844-4fe8-b19e-1c3175290a63 | trials=696 | choices=696 | session time=2s | cumulative sessions=657/659 | cumulative trials=423411
2026-07-24 14:55:35,151 | INFO | 01_build_trial_table | Subject 200/230 | ZFM-02600 | session 7/13 | loading 7556168c-558f-46f0-9bc1-a7baa33a626b
2026-07-24 14:55:36,833 | INFO | 01_build_trial_table | Loaded 7556168c-558f-46f0-9bc1-a7baa33a626b | trials=533 | choices=533 | session time=2s | cumulative sessions=658/660 | cumulative trials=423944
2026-07-24 14:55:36,833 | INFO | 01_build_trial_table | Subject 200/230 | ZFM-02600 | session 8/13 | loading 865496ae-3206-4974-af44-2cff2f7023f2
2026-07-24 14:55:39,408 | INFO | 01_build_trial_table | Loaded 865496ae-3206-4974-af44-2cff2f7023f2 | trials=686 | choices=686 | session time=3s | cumulative sessions=659/661 | cumulative trials=424630
2026-07-24 14:55:39,408 | INFO | 01_build_trial_table | Subject 200/230 | ZFM-02600 | session 9/13 | loading 8fdfe480-b016-48fa-8d57-191a07db4e8e
2026-07-24 14:55:41,130 | INFO | 01_build_trial_table | Loaded 8fdfe480-b016-48fa-8d57-191a07db4e8e | trials=512 | choices=504 | session time=2s | cumulative sessions=660/662 | cumulative trials=425142
2026-07-24 14:55:41,130 | INFO | 01_build_trial_table | Subject 200/230 | ZFM-02600 | session 10/13 | loading a2ebd2a4-3ff2-49e7-a22c-1661d6500dc2
2026-07-24 14:55:42,824 | INFO | 01_build_trial_table | Loaded a2ebd2a4-3ff2-49e7-a22c-1661d6500dc2 | trials=404 | choices=404 | session time=2s | cumulative sessions=661/663 | cumulative trials=425546
2026-07-24 14:55:42,824 | INFO | 01_build_trial_table | Subject 200/230 | ZFM-02600 | session 11/13 | loading a98812f6-f5ac-4022-a17b-8163f26fa780
2026-07-24 14:55:44,542 | INFO | 01_build_trial_table | Loaded a98812f6-f5ac-4022-a17b-8163f26fa780 | trials=675 | choices=675 | session time=2s | cumulative sessions=662/664 | cumulative trials=426221
2026-07-24 14:55:44,542 | INFO | 01_build_trial_table | Subject 200/230 | ZFM-02600 | session 12/13 | loading c8f68575-e5a8-4960-a690-0149c5c4683f
2026-07-24 14:55:47,372 | INFO | 01_build_trial_table | Loaded c8f68575-e5a8-4960-a690-0149c5c4683f | trials=654 | choices=654 | session time=3s | cumulative sessions=663/665 | cumulative trials=426875
2026-07-24 14:55:47,372 | INFO | 01_build_trial_table | Subject 200/230 | ZFM-02600 | session 13/13 | loading ced8cc25-a121-46ea-bd87-33cbc45fdcdb
2026-07-24 14:55:49,077 | INFO | 01_build_trial_table | Loaded ced8cc25-a121-46ea-bd87-33cbc45fdcdb | trials=688 | choices=688 | session time=2s | cumulative sessions=664/666 | cumulative trials=427563
2026-07-24 14:55:49,077 | INFO | 01_build_trial_table | Subject 200/230 | ZFM-02600 complete | elapsed=33s | total loaded sessions=664 | total trials=427563
2026-07-24 14:55:49,077 | INFO | 01_build_trial_table | Subject 201/230 | ZFM-02601 | starting discovery
2026-07-24 14:55:49,867 | INFO | 01_build_trial_table | Subject ZFM-02601: querying left-camera DLC sessions
2026-07-24 14:55:50,320 | INFO | 01_build_trial_table | Subject ZFM-02601: checking task protocol for 11 DLC sessions
2026-07-24 14:55:54,279 | INFO | 01_build_trial_table | Subject ZFM-02601: protocol checks 10/11 (10 ChoiceWorld)
2026-07-24 14:55:54,683 | INFO | 01_build_trial_table | Subject ZFM-02601: protocol checks 11/11 (11 ChoiceWorld)
2026-07-24 14:55:54,684 | INFO | 01_build_trial_table | Subject ZFM-02601: querying raw left-camera video sessions
2026-07-24 14:55:55,109 | INFO | 01_build_trial_table | Subject ZFM-02601: found 12 raw-video sessions
2026-07-24 14:55:55,109 | INFO | 01_build_trial_table | Subject 201/230 | ZFM-02601 | 11 ChoiceWorld DLC sessions; 12 video sessions
2026-07-24 14:55:55,109 | INFO | 01_build_trial_table | Subject 201/230 | ZFM-02601 | session 1/11 | loading 066bf23b-17a9-4a0a-84ac-097776a2ea4a
2026-07-24 14:55:57,329 | INFO | 01_build_trial_table | Loaded 066bf23b-17a9-4a0a-84ac-097776a2ea4a | trials=101 | choices=90 | session time=2s | cumulative sessions=665/667 | cumulative trials=427664
2026-07-24 14:55:57,329 | INFO | 01_build_trial_table | Subject 201/230 | ZFM-02601 | session 2/11 | loading 40d3fa8b-3c47-4146-ad7a-c38dc7323e4e
2026-07-24 14:55:59,796 | INFO | 01_build_trial_table | Loaded 40d3fa8b-3c47-4146-ad7a-c38dc7323e4e | trials=208 | choices=204 | session time=2s | cumulative sessions=666/668 | cumulative trials=427872
2026-07-24 14:55:59,796 | INFO | 01_build_trial_table | Subject 201/230 | ZFM-02601 | session 3/11 | loading 41ef4156-b899-4fb1-92e1-623a0834683d
2026-07-24 14:56:01,740 | INFO | 01_build_trial_table | Loaded 41ef4156-b899-4fb1-92e1-623a0834683d | trials=521 | choices=521 | session time=2s | cumulative sessions=667/669 | cumulative trials=428393
2026-07-24 14:56:01,740 | INFO | 01_build_trial_table | Subject 201/230 | ZFM-02601 | session 4/11 | loading 42224df7-a48b-497f-841a-719078baac20
2026-07-24 14:56:03,805 | INFO | 01_build_trial_table | Loaded 42224df7-a48b-497f-841a-719078baac20 | trials=326 | choices=306 | session time=2s | cumulative sessions=668/670 | cumulative trials=428719
2026-07-24 14:56:03,806 | INFO | 01_build_trial_table | Subject 201/230 | ZFM-02601 | session 5/11 | loading 53771a15-33be-4a62-a779-a8c609b742e2
2026-07-24 14:56:06,344 | INFO | 01_build_trial_table | Loaded 53771a15-33be-4a62-a779-a8c609b742e2 | trials=137 | choices=127 | session time=3s | cumulative sessions=669/671 | cumulative trials=428856
2026-07-24 14:56:06,344 | INFO | 01_build_trial_table | Subject 201/230 | ZFM-02601 | session 6/11 | loading 63fdf495-0426-4d01-a6a5-bac7bade8b2a
2026-07-24 14:56:08,042 | INFO | 01_build_trial_table | Loaded 63fdf495-0426-4d01-a6a5-bac7bade8b2a | trials=401 | choices=401 | session time=2s | cumulative sessions=670/672 | cumulative trials=429257
2026-07-24 14:56:08,042 | INFO | 01_build_trial_table | Subject 201/230 | ZFM-02601 | session 7/11 | loading 84785175-b255-4c62-b32c-783366dbbbec
2026-07-24 14:56:09,814 | INFO | 01_build_trial_table | Loaded 84785175-b255-4c62-b32c-783366dbbbec | trials=130 | choices=107 | session time=2s | cumulative sessions=671/673 | cumulative trials=429387
2026-07-24 14:56:09,814 | INFO | 01_build_trial_table | Subject 201/230 | ZFM-02601 | session 8/11 | loading 91f3d56f-c70f-4b2c-bfef-8c5c86e4a3d2
2026-07-24 14:56:11,505 | INFO | 01_build_trial_table | Loaded 91f3d56f-c70f-4b2c-bfef-8c5c86e4a3d2 | trials=378 | choices=378 | session time=2s | cumulative sessions=672/674 | cumulative trials=429765
2026-07-24 14:56:11,505 | INFO | 01_build_trial_table | Subject 201/230 | ZFM-02601 | session 9/11 | loading 95aa2185-dbd1-467a-9069-4d295eb85e57
2026-07-24 14:56:13,257 | INFO | 01_build_trial_table | Loaded 95aa2185-dbd1-467a-9069-4d295eb85e57 | trials=336 | choices=330 | session time=2s | cumulative sessions=673/675 | cumulative trials=430101
2026-07-24 14:56:13,257 | INFO | 01_build_trial_table | Subject 201/230 | ZFM-02601 | session 10/11 | loading 9ae2e3a7-55a8-4ded-bc91-83d47df67eaa
2026-07-24 14:56:14,981 | INFO | 01_build_trial_table | Loaded 9ae2e3a7-55a8-4ded-bc91-83d47df67eaa | trials=646 | choices=646 | session time=2s | cumulative sessions=674/676 | cumulative trials=430747
2026-07-24 14:56:14,981 | INFO | 01_build_trial_table | Subject 201/230 | ZFM-02601 | session 11/11 | loading c781f083-336f-480b-8978-85c55a88c828
2026-07-24 14:56:16,727 | INFO | 01_build_trial_table | Loaded c781f083-336f-480b-8978-85c55a88c828 | trials=387 | choices=387 | session time=2s | cumulative sessions=675/677 | cumulative trials=431134
2026-07-24 14:56:16,727 | INFO | 01_build_trial_table | Subject 201/230 | ZFM-02601 complete | elapsed=28s | total loaded sessions=675 | total trials=431134
2026-07-24 14:56:16,727 | INFO | 01_build_trial_table | Subject 202/230 | ZFM-03321 | starting discovery
2026-07-24 14:56:17,397 | INFO | 01_build_trial_table | Subject ZFM-03321: querying left-camera DLC sessions
2026-07-24 14:56:17,797 | INFO | 01_build_trial_table | Subject ZFM-03321: checking task protocol for 2 DLC sessions
2026-07-24 14:56:18,604 | INFO | 01_build_trial_table | Subject ZFM-03321: protocol checks 2/2 (2 ChoiceWorld)
2026-07-24 14:56:18,604 | INFO | 01_build_trial_table | Subject ZFM-03321: querying raw left-camera video sessions
2026-07-24 14:56:19,005 | INFO | 01_build_trial_table | Subject ZFM-03321: found 2 raw-video sessions
2026-07-24 14:56:19,006 | INFO | 01_build_trial_table | Subject 202/230 | ZFM-03321 | 2 ChoiceWorld DLC sessions; 2 video sessions
2026-07-24 14:56:19,006 | INFO | 01_build_trial_table | Subject 202/230 | ZFM-03321 | session 1/2 | loading aff57b75-b439-4537-be22-743acedc8e5d
2026-07-24 14:56:21,264 | INFO | 01_build_trial_table | Loaded aff57b75-b439-4537-be22-743acedc8e5d | trials=154 | choices=145 | session time=2s | cumulative sessions=676/678 | cumulative trials=431288
2026-07-24 14:56:21,265 | INFO | 01_build_trial_table | Subject 202/230 | ZFM-03321 | session 2/2 | loading c1fbabc4-21b1-47f9-92b0-57ed9da5ec4b
2026-07-24 14:56:23,836 | INFO | 01_build_trial_table | Loaded c1fbabc4-21b1-47f9-92b0-57ed9da5ec4b | trials=204 | choices=195 | session time=3s | cumulative sessions=677/679 | cumulative trials=431492
2026-07-24 14:56:23,836 | INFO | 01_build_trial_table | Subject 202/230 | ZFM-03321 complete | elapsed=7s | total loaded sessions=677 | total trials=431492
2026-07-24 14:56:23,836 | INFO | 01_build_trial_table | Subject 203/230 | ZFM-03323 | starting discovery
2026-07-24 14:56:24,528 | INFO | 01_build_trial_table | Subject ZFM-03323: querying left-camera DLC sessions
2026-07-24 14:56:24,933 | INFO | 01_build_trial_table | Subject ZFM-03323: checking task protocol for 4 DLC sessions
2026-07-24 14:56:26,522 | INFO | 01_build_trial_table | Subject ZFM-03323: protocol checks 4/4 (4 ChoiceWorld)
2026-07-24 14:56:26,522 | INFO | 01_build_trial_table | Subject ZFM-03323: querying raw left-camera video sessions
2026-07-24 14:56:26,925 | INFO | 01_build_trial_table | Subject ZFM-03323: found 4 raw-video sessions
2026-07-24 14:56:26,925 | INFO | 01_build_trial_table | Subject 203/230 | ZFM-03323 | 4 ChoiceWorld DLC sessions; 4 video sessions
2026-07-24 14:56:26,925 | INFO | 01_build_trial_table | Subject 203/230 | ZFM-03323 | session 1/4 | loading 3fce3ab0-3833-4012-9b4f-9fbf83bb7c01
2026-07-24 14:56:28,984 | WARNING | 01_build_trial_table | Failed ZFM-03323 3fce3ab0-3833-4012-9b4f-9fbf83bb7c01: trials 
 The ALF object was not found.  This may occur if the object or namespace or incorrectly formatted e.g. the object "_ibl_trials.intervals.npy" would be found with the filters `object="trials", namespace="ibl"` 
2026-07-24 14:56:28,984 | INFO | 01_build_trial_table | Subject 203/230 | ZFM-03323 | session 2/4 | loading 731910b7-8e36-4599-be41-dddbb8c9b198
2026-07-24 14:56:31,605 | INFO | 01_build_trial_table | Loaded 731910b7-8e36-4599-be41-dddbb8c9b198 | trials=3 | choices=3 | session time=3s | cumulative sessions=678/681 | cumulative trials=431495
2026-07-24 14:56:31,605 | INFO | 01_build_trial_table | Subject 203/230 | ZFM-03323 | session 3/4 | loading a8b5714d-2b1b-4902-9060-a6b205686682
2026-07-24 14:56:33,336 | WARNING | 01_build_trial_table | Failed ZFM-03323 a8b5714d-2b1b-4902-9060-a6b205686682: trials 
 The ALF object was not found.  This may occur if the object or namespace or incorrectly formatted e.g. the object "_ibl_trials.intervals.npy" would be found with the filters `object="trials", namespace="ibl"` 
2026-07-24 14:56:33,336 | INFO | 01_build_trial_table | Subject 203/230 | ZFM-03323 | session 4/4 | loading bec8e669-cc9a-4d4d-bdb7-5e9604fe2fcc
2026-07-24 14:56:35,949 | INFO | 01_build_trial_table | Loaded bec8e669-cc9a-4d4d-bdb7-5e9604fe2fcc | trials=3 | choices=3 | session time=3s | cumulative sessions=679/683 | cumulative trials=431498
2026-07-24 14:56:35,949 | INFO | 01_build_trial_table | Subject 203/230 | ZFM-03323 complete | elapsed=12s | total loaded sessions=679 | total trials=431498
2026-07-24 14:56:35,949 | INFO | 01_build_trial_table | Subject 204/230 | ZFM-03324 | starting discovery
2026-07-24 14:56:36,805 | INFO | 01_build_trial_table | Subject ZFM-03324: querying left-camera DLC sessions
2026-07-24 14:56:37,223 | INFO | 01_build_trial_table | Subject ZFM-03324: checking task protocol for 3 DLC sessions
2026-07-24 14:56:38,376 | INFO | 01_build_trial_table | Subject ZFM-03324: protocol checks 3/3 (3 ChoiceWorld)
2026-07-24 14:56:38,376 | INFO | 01_build_trial_table | Subject ZFM-03324: querying raw left-camera video sessions
2026-07-24 14:56:38,806 | INFO | 01_build_trial_table | Subject ZFM-03324: found 19 raw-video sessions
2026-07-24 14:56:38,806 | INFO | 01_build_trial_table | Subject 204/230 | ZFM-03324 | 3 ChoiceWorld DLC sessions; 19 video sessions
2026-07-24 14:56:38,806 | INFO | 01_build_trial_table | Subject 204/230 | ZFM-03324 | session 1/3 | loading 91cb57bf-bf33-4fa4-9880-7c03da910ac2
2026-07-24 14:56:41,376 | INFO | 01_build_trial_table | Loaded 91cb57bf-bf33-4fa4-9880-7c03da910ac2 | trials=72 | choices=40 | session time=3s | cumulative sessions=680/684 | cumulative trials=431570
2026-07-24 14:56:41,376 | INFO | 01_build_trial_table | Subject 204/230 | ZFM-03324 | session 2/3 | loading c5eff7e4-71ad-4983-96ac-a7e5affaadbb
2026-07-24 14:56:43,989 | INFO | 01_build_trial_table | Loaded c5eff7e4-71ad-4983-96ac-a7e5affaadbb | trials=59 | choices=25 | session time=3s | cumulative sessions=681/685 | cumulative trials=431629
2026-07-24 14:56:43,989 | INFO | 01_build_trial_table | Subject 204/230 | ZFM-03324 | session 3/3 | loading c5f0df31-60ca-42da-900d-7881fbc40c23
2026-07-24 14:56:46,386 | INFO | 01_build_trial_table | Loaded c5f0df31-60ca-42da-900d-7881fbc40c23 | trials=53 | choices=25 | session time=2s | cumulative sessions=682/686 | cumulative trials=431682
2026-07-24 14:56:46,386 | INFO | 01_build_trial_table | Subject 204/230 | ZFM-03324 complete | elapsed=10s | total loaded sessions=682 | total trials=431682
2026-07-24 14:56:46,386 | INFO | 01_build_trial_table | Subject 205/230 | ZFM-03329 | starting discovery
2026-07-24 14:56:47,057 | INFO | 01_build_trial_table | Subject ZFM-03329: querying left-camera DLC sessions
2026-07-24 14:56:47,466 | INFO | 01_build_trial_table | Subject ZFM-03329: checking task protocol for 3 DLC sessions
2026-07-24 14:56:48,621 | INFO | 01_build_trial_table | Subject ZFM-03329: protocol checks 3/3 (3 ChoiceWorld)
2026-07-24 14:56:48,621 | INFO | 01_build_trial_table | Subject ZFM-03329: querying raw left-camera video sessions
2026-07-24 14:56:49,025 | INFO | 01_build_trial_table | Subject ZFM-03329: found 3 raw-video sessions
2026-07-24 14:56:49,026 | INFO | 01_build_trial_table | Subject 205/230 | ZFM-03329 | 3 ChoiceWorld DLC sessions; 3 video sessions
2026-07-24 14:56:49,026 | INFO | 01_build_trial_table | Subject 205/230 | ZFM-03329 | session 1/3 | loading 37ba7dd8-714f-4c63-a7e3-548e35d8664a
2026-07-24 14:56:51,331 | INFO | 01_build_trial_table | Loaded 37ba7dd8-714f-4c63-a7e3-548e35d8664a | trials=106 | choices=97 | session time=2s | cumulative sessions=683/687 | cumulative trials=431788
2026-07-24 14:56:51,331 | INFO | 01_build_trial_table | Subject 205/230 | ZFM-03329 | session 2/3 | loading 87287aa4-727e-48c0-8b7d-92c9f35cc257
2026-07-24 14:56:53,819 | INFO | 01_build_trial_table | Loaded 87287aa4-727e-48c0-8b7d-92c9f35cc257 | trials=153 | choices=153 | session time=2s | cumulative sessions=684/688 | cumulative trials=431941
2026-07-24 14:56:53,820 | INFO | 01_build_trial_table | Subject 205/230 | ZFM-03329 | session 3/3 | loading e0b73b6d-3409-441b-95ce-f22f5d22d380
2026-07-24 14:56:56,073 | INFO | 01_build_trial_table | Loaded e0b73b6d-3409-441b-95ce-f22f5d22d380 | trials=106 | choices=106 | session time=2s | cumulative sessions=685/689 | cumulative trials=432047
2026-07-24 14:56:56,073 | INFO | 01_build_trial_table | Subject 205/230 | ZFM-03329 complete | elapsed=10s | total loaded sessions=685 | total trials=432047
2026-07-24 14:56:56,073 | INFO | 01_build_trial_table | Subject 206/230 | ZFM-03330 | starting discovery
2026-07-24 14:56:56,552 | INFO | 01_build_trial_table | Subject ZFM-03330: querying left-camera DLC sessions
2026-07-24 14:56:56,959 | INFO | 01_build_trial_table | Subject ZFM-03330: checking task protocol for 4 DLC sessions
2026-07-24 14:56:58,511 | INFO | 01_build_trial_table | Subject ZFM-03330: protocol checks 4/4 (4 ChoiceWorld)
2026-07-24 14:56:58,512 | INFO | 01_build_trial_table | Subject ZFM-03330: querying raw left-camera video sessions
2026-07-24 14:56:58,917 | INFO | 01_build_trial_table | Subject ZFM-03330: found 4 raw-video sessions
2026-07-24 14:56:58,917 | INFO | 01_build_trial_table | Subject 206/230 | ZFM-03330 | 4 ChoiceWorld DLC sessions; 4 video sessions
2026-07-24 14:56:58,917 | INFO | 01_build_trial_table | Subject 206/230 | ZFM-03330 | session 1/4 | loading 5244890d-9353-4cfe-a18e-23481883e3a4
2026-07-24 14:57:01,917 | INFO | 01_build_trial_table | Loaded 5244890d-9353-4cfe-a18e-23481883e3a4 | trials=224 | choices=224 | session time=3s | cumulative sessions=686/690 | cumulative trials=432271
2026-07-24 14:57:01,917 | INFO | 01_build_trial_table | Subject 206/230 | ZFM-03330 | session 2/4 | loading 595c8ddd-a8e3-438d-9c31-62b2a07cc6cf
2026-07-24 14:57:04,373 | INFO | 01_build_trial_table | Loaded 595c8ddd-a8e3-438d-9c31-62b2a07cc6cf | trials=117 | choices=117 | session time=2s | cumulative sessions=687/691 | cumulative trials=432388
2026-07-24 14:57:04,373 | INFO | 01_build_trial_table | Subject 206/230 | ZFM-03330 | session 3/4 | loading 7ab26936-81b3-482d-a60f-538e2e325f1e
2026-07-24 14:57:06,896 | INFO | 01_build_trial_table | Loaded 7ab26936-81b3-482d-a60f-538e2e325f1e | trials=78 | choices=60 | session time=3s | cumulative sessions=688/692 | cumulative trials=432466
2026-07-24 14:57:06,896 | INFO | 01_build_trial_table | Subject 206/230 | ZFM-03330 | session 4/4 | loading e3261da8-3d99-4cca-aabc-ef51ed2e5abc
2026-07-24 14:57:09,527 | INFO | 01_build_trial_table | Loaded e3261da8-3d99-4cca-aabc-ef51ed2e5abc | trials=68 | choices=58 | session time=3s | cumulative sessions=689/693 | cumulative trials=432534
2026-07-24 14:57:09,527 | INFO | 01_build_trial_table | Subject 206/230 | ZFM-03330 complete | elapsed=13s | total loaded sessions=689 | total trials=432534
2026-07-24 14:57:09,527 | INFO | 01_build_trial_table | Subject 207/230 | ZFM-03331 | starting discovery
2026-07-24 14:57:10,203 | INFO | 01_build_trial_table | Subject ZFM-03331: querying left-camera DLC sessions
2026-07-24 14:57:10,608 | INFO | 01_build_trial_table | Subject ZFM-03331: checking task protocol for 3 DLC sessions
2026-07-24 14:57:11,755 | INFO | 01_build_trial_table | Subject ZFM-03331: protocol checks 3/3 (3 ChoiceWorld)
2026-07-24 14:57:11,756 | INFO | 01_build_trial_table | Subject ZFM-03331: querying raw left-camera video sessions
2026-07-24 14:57:12,159 | INFO | 01_build_trial_table | Subject ZFM-03331: found 3 raw-video sessions
2026-07-24 14:57:12,159 | INFO | 01_build_trial_table | Subject 207/230 | ZFM-03331 | 3 ChoiceWorld DLC sessions; 3 video sessions
2026-07-24 14:57:12,159 | INFO | 01_build_trial_table | Subject 207/230 | ZFM-03331 | session 1/3 | loading 31684e30-6708-4816-a8cb-c32c63ea7541
2026-07-24 14:57:14,746 | INFO | 01_build_trial_table | Loaded 31684e30-6708-4816-a8cb-c32c63ea7541 | trials=217 | choices=213 | session time=3s | cumulative sessions=690/694 | cumulative trials=432751
2026-07-24 14:57:14,747 | INFO | 01_build_trial_table | Subject 207/230 | ZFM-03331 | session 2/3 | loading d0387aa6-b648-466a-b5a6-bb647c8acc41
2026-07-24 14:57:17,398 | INFO | 01_build_trial_table | Loaded d0387aa6-b648-466a-b5a6-bb647c8acc41 | trials=137 | choices=125 | session time=3s | cumulative sessions=691/695 | cumulative trials=432888
2026-07-24 14:57:17,398 | INFO | 01_build_trial_table | Subject 207/230 | ZFM-03331 | session 3/3 | loading d0d46f77-1066-4568-a984-b2469f948aa2
2026-07-24 14:57:19,945 | INFO | 01_build_trial_table | Loaded d0d46f77-1066-4568-a984-b2469f948aa2 | trials=295 | choices=295 | session time=3s | cumulative sessions=692/696 | cumulative trials=433183
2026-07-24 14:57:19,945 | INFO | 01_build_trial_table | Subject 207/230 | ZFM-03331 complete | elapsed=10s | total loaded sessions=692 | total trials=433183
2026-07-24 14:57:19,945 | INFO | 01_build_trial_table | Subject 208/230 | ZFM-03332 | starting discovery
2026-07-24 14:57:20,420 | INFO | 01_build_trial_table | Subject ZFM-03332: querying left-camera DLC sessions
2026-07-24 14:57:20,827 | INFO | 01_build_trial_table | Subject ZFM-03332: checking task protocol for 4 DLC sessions
2026-07-24 14:57:22,395 | INFO | 01_build_trial_table | Subject ZFM-03332: protocol checks 4/4 (4 ChoiceWorld)
2026-07-24 14:57:22,396 | INFO | 01_build_trial_table | Subject ZFM-03332: querying raw left-camera video sessions
2026-07-24 14:57:22,801 | INFO | 01_build_trial_table | Subject ZFM-03332: found 4 raw-video sessions
2026-07-24 14:57:22,801 | INFO | 01_build_trial_table | Subject 208/230 | ZFM-03332 | 4 ChoiceWorld DLC sessions; 4 video sessions
2026-07-24 14:57:22,802 | INFO | 01_build_trial_table | Subject 208/230 | ZFM-03332 | session 1/4 | loading 0d04401a-2e75-4449-b699-252000ed2b76
2026-07-24 14:57:25,336 | INFO | 01_build_trial_table | Loaded 0d04401a-2e75-4449-b699-252000ed2b76 | trials=44 | choices=28 | session time=3s | cumulative sessions=693/697 | cumulative trials=433227
2026-07-24 14:57:25,337 | INFO | 01_build_trial_table | Subject 208/230 | ZFM-03332 | session 2/4 | loading 803dd5b6-248a-4811-b36b-d7070bbfa3a1
2026-07-24 14:57:27,890 | INFO | 01_build_trial_table | Loaded 803dd5b6-248a-4811-b36b-d7070bbfa3a1 | trials=41 | choices=21 | session time=3s | cumulative sessions=694/698 | cumulative trials=433268
2026-07-24 14:57:27,890 | INFO | 01_build_trial_table | Subject 208/230 | ZFM-03332 | session 3/4 | loading 8e1bcbcb-43a3-4e08-8bdd-295255de6bb8
2026-07-24 14:57:30,207 | INFO | 01_build_trial_table | Loaded 8e1bcbcb-43a3-4e08-8bdd-295255de6bb8 | trials=65 | choices=55 | session time=2s | cumulative sessions=695/699 | cumulative trials=433333
2026-07-24 14:57:30,207 | INFO | 01_build_trial_table | Subject 208/230 | ZFM-03332 | session 4/4 | loading 91987e95-33ef-4af8-a2a9-377d26a97a52
2026-07-24 14:57:32,837 | INFO | 01_build_trial_table | Loaded 91987e95-33ef-4af8-a2a9-377d26a97a52 | trials=65 | choices=56 | session time=3s | cumulative sessions=696/700 | cumulative trials=433398
2026-07-24 14:57:32,837 | INFO | 01_build_trial_table | Subject 208/230 | ZFM-03332 complete | elapsed=13s | total loaded sessions=696 | total trials=433398
2026-07-24 14:57:32,837 | INFO | 01_build_trial_table | Subject 209/230 | ZFM-04080 | starting discovery
2026-07-24 14:57:33,703 | INFO | 01_build_trial_table | Subject ZFM-04080: querying left-camera DLC sessions
2026-07-24 14:57:34,162 | INFO | 01_build_trial_table | Subject ZFM-04080: checking task protocol for 19 DLC sessions
2026-07-24 14:57:38,205 | INFO | 01_build_trial_table | Subject ZFM-04080: protocol checks 10/19 (10 ChoiceWorld)
2026-07-24 14:57:41,706 | INFO | 01_build_trial_table | Subject ZFM-04080: protocol checks 19/19 (19 ChoiceWorld)
2026-07-24 14:57:41,706 | INFO | 01_build_trial_table | Subject ZFM-04080: querying raw left-camera video sessions
2026-07-24 14:57:42,223 | INFO | 01_build_trial_table | Subject ZFM-04080: found 27 raw-video sessions
2026-07-24 14:57:42,223 | INFO | 01_build_trial_table | Subject 209/230 | ZFM-04080 | 19 ChoiceWorld DLC sessions; 27 video sessions
2026-07-24 14:57:42,224 | INFO | 01_build_trial_table | Subject 209/230 | ZFM-04080 | session 1/19 | loading 039ced91-2ba9-4956-a97a-162fdd84b8dc
2026-07-24 14:57:43,935 | INFO | 01_build_trial_table | Loaded 039ced91-2ba9-4956-a97a-162fdd84b8dc | trials=461 | choices=461 | session time=2s | cumulative sessions=697/701 | cumulative trials=433859
2026-07-24 14:57:43,936 | INFO | 01_build_trial_table | Subject 209/230 | ZFM-04080 | session 2/19 | loading 08371a0c-22d9-4f6e-ac22-c15788b39180
2026-07-24 14:57:46,383 | INFO | 01_build_trial_table | Loaded 08371a0c-22d9-4f6e-ac22-c15788b39180 | trials=590 | choices=586 | session time=2s | cumulative sessions=698/702 | cumulative trials=434449
2026-07-24 14:57:46,384 | INFO | 01_build_trial_table | Subject 209/230 | ZFM-04080 | session 3/19 | loading 18fb3a09-18e3-4d4b-8eff-f12d1509a553
2026-07-24 14:57:48,134 | INFO | 01_build_trial_table | Loaded 18fb3a09-18e3-4d4b-8eff-f12d1509a553 | trials=498 | choices=498 | session time=2s | cumulative sessions=699/703 | cumulative trials=434947
2026-07-24 14:57:48,134 | INFO | 01_build_trial_table | Subject 209/230 | ZFM-04080 | session 4/19 | loading 1d3b694b-f781-40b3-aacc-09729648fdfc
2026-07-24 14:57:49,881 | INFO | 01_build_trial_table | Loaded 1d3b694b-f781-40b3-aacc-09729648fdfc | trials=611 | choices=611 | session time=2s | cumulative sessions=700/704 | cumulative trials=435558
2026-07-24 14:57:49,882 | INFO | 01_build_trial_table | Subject 209/230 | ZFM-04080 | session 5/19 | loading 21363f28-9683-451f-8f80-3f9aee005a6c
2026-07-24 14:57:51,663 | INFO | 01_build_trial_table | Loaded 21363f28-9683-451f-8f80-3f9aee005a6c | trials=669 | choices=669 | session time=2s | cumulative sessions=701/705 | cumulative trials=436227
2026-07-24 14:57:51,663 | INFO | 01_build_trial_table | Subject 209/230 | ZFM-04080 | session 6/19 | loading 40b82e4e-4df4-4638-8c06-1d7ce0a58015
2026-07-24 14:57:53,969 | INFO | 01_build_trial_table | Loaded 40b82e4e-4df4-4638-8c06-1d7ce0a58015 | trials=768 | choices=768 | session time=2s | cumulative sessions=702/706 | cumulative trials=436995
2026-07-24 14:57:53,969 | INFO | 01_build_trial_table | Subject 209/230 | ZFM-04080 | session 7/19 | loading 5f06cef5-4aff-4719-9a95-85a0a0f75ad9
2026-07-24 14:57:55,684 | INFO | 01_build_trial_table | Loaded 5f06cef5-4aff-4719-9a95-85a0a0f75ad9 | trials=813 | choices=813 | session time=2s | cumulative sessions=703/707 | cumulative trials=437808
2026-07-24 14:57:55,685 | INFO | 01_build_trial_table | Subject 209/230 | ZFM-04080 | session 8/19 | loading 7c995107-fc32-4a3c-b01b-41ec39232c9d
2026-07-24 14:57:57,425 | INFO | 01_build_trial_table | Loaded 7c995107-fc32-4a3c-b01b-41ec39232c9d | trials=980 | choices=980 | session time=2s | cumulative sessions=704/708 | cumulative trials=438788
2026-07-24 14:57:57,426 | INFO | 01_build_trial_table | Subject 209/230 | ZFM-04080 | session 9/19 | loading 85b22c83-4688-4d02-9f52-99f7cb869a2b
2026-07-24 14:57:59,395 | INFO | 01_build_trial_table | Loaded 85b22c83-4688-4d02-9f52-99f7cb869a2b | trials=718 | choices=718 | session time=2s | cumulative sessions=705/709 | cumulative trials=439506
2026-07-24 14:57:59,395 | INFO | 01_build_trial_table | Subject 209/230 | ZFM-04080 | session 10/19 | loading 92147c4f-c792-4afd-8504-8dc47d6f2115
2026-07-24 14:58:01,315 | INFO | 01_build_trial_table | Loaded 92147c4f-c792-4afd-8504-8dc47d6f2115 | trials=926 | choices=925 | session time=2s | cumulative sessions=706/710 | cumulative trials=440432
2026-07-24 14:58:01,315 | INFO | 01_build_trial_table | Subject 209/230 | ZFM-04080 | session 11/19 | loading 998b3667-bd20-4d4d-b840-953b868ea90b
2026-07-24 14:58:03,389 | INFO | 01_build_trial_table | Loaded 998b3667-bd20-4d4d-b840-953b868ea90b | trials=965 | choices=965 | session time=2s | cumulative sessions=707/711 | cumulative trials=441397
2026-07-24 14:58:03,390 | INFO | 01_build_trial_table | Subject 209/230 | ZFM-04080 | session 12/19 | loading 9ca6c0d6-e598-4d35-8cc4-33b5fd7a8d55
2026-07-24 14:58:05,130 | INFO | 01_build_trial_table | Loaded 9ca6c0d6-e598-4d35-8cc4-33b5fd7a8d55 | trials=732 | choices=732 | session time=2s | cumulative sessions=708/712 | cumulative trials=442129
2026-07-24 14:58:05,130 | INFO | 01_build_trial_table | Subject 209/230 | ZFM-04080 | session 13/19 | loading a76515bd-2527-4620-b1d1-a23d04cdd900
2026-07-24 14:58:06,831 | INFO | 01_build_trial_table | Loaded a76515bd-2527-4620-b1d1-a23d04cdd900 | trials=809 | choices=805 | session time=2s | cumulative sessions=709/713 | cumulative trials=442938
2026-07-24 14:58:06,831 | INFO | 01_build_trial_table | Subject 209/230 | ZFM-04080 | session 14/19 | loading d45f1a4a-7f14-4f84-a85c-34b21c6d498c
2026-07-24 14:58:09,157 | INFO | 01_build_trial_table | Loaded d45f1a4a-7f14-4f84-a85c-34b21c6d498c | trials=426 | choices=422 | session time=2s | cumulative sessions=710/714 | cumulative trials=443364
2026-07-24 14:58:09,157 | INFO | 01_build_trial_table | Subject 209/230 | ZFM-04080 | session 15/19 | loading d85ad1a8-d17f-4a9f-b440-303e13e0691f
2026-07-24 14:58:10,888 | INFO | 01_build_trial_table | Loaded d85ad1a8-d17f-4a9f-b440-303e13e0691f | trials=531 | choices=529 | session time=2s | cumulative sessions=711/715 | cumulative trials=443895
2026-07-24 14:58:10,888 | INFO | 01_build_trial_table | Subject 209/230 | ZFM-04080 | session 16/19 | loading e2db9a5f-a99e-4b63-bff0-729b66d213e8
2026-07-24 14:58:12,631 | INFO | 01_build_trial_table | Loaded e2db9a5f-a99e-4b63-bff0-729b66d213e8 | trials=823 | choices=818 | session time=2s | cumulative sessions=712/716 | cumulative trials=444718
2026-07-24 14:58:12,631 | INFO | 01_build_trial_table | Subject 209/230 | ZFM-04080 | session 17/19 | loading e3ab0de3-4f9c-48fb-93f2-65f67a44b88c
2026-07-24 14:58:14,345 | INFO | 01_build_trial_table | Loaded e3ab0de3-4f9c-48fb-93f2-65f67a44b88c | trials=669 | choices=669 | session time=2s | cumulative sessions=713/717 | cumulative trials=445387
2026-07-24 14:58:14,346 | INFO | 01_build_trial_table | Subject 209/230 | ZFM-04080 | session 18/19 | loading ee39969e-bdb6-44b7-a742-d06d8e80cbbe
2026-07-24 14:58:16,120 | INFO | 01_build_trial_table | Loaded ee39969e-bdb6-44b7-a742-d06d8e80cbbe | trials=733 | choices=733 | session time=2s | cumulative sessions=714/718 | cumulative trials=446120
2026-07-24 14:58:16,120 | INFO | 01_build_trial_table | Subject 209/230 | ZFM-04080 | session 19/19 | loading f9e70337-cf10-4073-8a55-06a8168d6587
2026-07-24 14:58:17,844 | INFO | 01_build_trial_table | Loaded f9e70337-cf10-4073-8a55-06a8168d6587 | trials=560 | choices=560 | session time=2s | cumulative sessions=715/719 | cumulative trials=446680
2026-07-24 14:58:17,844 | INFO | 01_build_trial_table | Subject 209/230 | ZFM-04080 complete | elapsed=45s | total loaded sessions=715 | total trials=446680
2026-07-24 14:58:17,844 | INFO | 01_build_trial_table | Subject 210/230 | ZFM-04083 | starting discovery
2026-07-24 14:58:18,676 | INFO | 01_build_trial_table | Subject ZFM-04083: querying left-camera DLC sessions
2026-07-24 14:58:19,098 | INFO | 01_build_trial_table | Subject ZFM-04083: checking task protocol for 13 DLC sessions
2026-07-24 14:58:23,048 | INFO | 01_build_trial_table | Subject ZFM-04083: protocol checks 10/13 (10 ChoiceWorld)
2026-07-24 14:58:24,200 | INFO | 01_build_trial_table | Subject ZFM-04083: protocol checks 13/13 (13 ChoiceWorld)
2026-07-24 14:58:24,200 | INFO | 01_build_trial_table | Subject ZFM-04083: querying raw left-camera video sessions
2026-07-24 14:58:24,629 | INFO | 01_build_trial_table | Subject ZFM-04083: found 13 raw-video sessions
2026-07-24 14:58:24,629 | INFO | 01_build_trial_table | Subject 210/230 | ZFM-04083 | 13 ChoiceWorld DLC sessions; 13 video sessions
2026-07-24 14:58:24,629 | INFO | 01_build_trial_table | Subject 210/230 | ZFM-04083 | session 1/13 | loading 04d6ccf0-16f0-43bf-a85f-2f779454e512
2026-07-24 14:58:26,386 | INFO | 01_build_trial_table | Loaded 04d6ccf0-16f0-43bf-a85f-2f779454e512 | trials=819 | choices=819 | session time=2s | cumulative sessions=716/720 | cumulative trials=447499
2026-07-24 14:58:26,386 | INFO | 01_build_trial_table | Subject 210/230 | ZFM-04083 | session 2/13 | loading 13fe7d4b-009c-4233-ac93-2da6c0dd78f4
2026-07-24 14:58:28,132 | INFO | 01_build_trial_table | Loaded 13fe7d4b-009c-4233-ac93-2da6c0dd78f4 | trials=695 | choices=695 | session time=2s | cumulative sessions=717/721 | cumulative trials=448194
2026-07-24 14:58:28,133 | INFO | 01_build_trial_table | Subject 210/230 | ZFM-04083 | session 3/13 | loading 26504a8e-ee06-435d-91c1-e1b541a2df5f
2026-07-24 14:58:29,823 | INFO | 01_build_trial_table | Loaded 26504a8e-ee06-435d-91c1-e1b541a2df5f | trials=699 | choices=699 | session time=2s | cumulative sessions=718/722 | cumulative trials=448893
2026-07-24 14:58:29,823 | INFO | 01_build_trial_table | Subject 210/230 | ZFM-04083 | session 4/13 | loading 27c5e5e6-0359-4375-b53e-677aa57a73c0
2026-07-24 14:58:32,685 | INFO | 01_build_trial_table | Loaded 27c5e5e6-0359-4375-b53e-677aa57a73c0 | trials=472 | choices=459 | session time=3s | cumulative sessions=719/723 | cumulative trials=449365
2026-07-24 14:58:32,685 | INFO | 01_build_trial_table | Subject 210/230 | ZFM-04083 | session 5/13 | loading 386b0b66-bb44-48b1-8b34-9e1a378fd7c6
2026-07-24 14:58:34,424 | INFO | 01_build_trial_table | Loaded 386b0b66-bb44-48b1-8b34-9e1a378fd7c6 | trials=548 | choices=548 | session time=2s | cumulative sessions=720/724 | cumulative trials=449913
2026-07-24 14:58:34,424 | INFO | 01_build_trial_table | Subject 210/230 | ZFM-04083 | session 6/13 | loading 63dfb36c-65d3-46f6-a5c9-23c3c644763f
2026-07-24 14:58:36,151 | INFO | 01_build_trial_table | Loaded 63dfb36c-65d3-46f6-a5c9-23c3c644763f | trials=466 | choices=465 | session time=2s | cumulative sessions=721/725 | cumulative trials=450379
2026-07-24 14:58:36,151 | INFO | 01_build_trial_table | Subject 210/230 | ZFM-04083 | session 7/13 | loading 67fee31a-215b-4836-8044-973c18fce4c1
2026-07-24 14:58:37,877 | INFO | 01_build_trial_table | Loaded 67fee31a-215b-4836-8044-973c18fce4c1 | trials=944 | choices=944 | session time=2s | cumulative sessions=722/726 | cumulative trials=451323
2026-07-24 14:58:37,877 | INFO | 01_build_trial_table | Subject 210/230 | ZFM-04083 | session 8/13 | loading 880a8764-e8e2-4ed8-a648-b77b387ba9aa
2026-07-24 14:58:39,589 | INFO | 01_build_trial_table | Loaded 880a8764-e8e2-4ed8-a648-b77b387ba9aa | trials=871 | choices=871 | session time=2s | cumulative sessions=723/727 | cumulative trials=452194
2026-07-24 14:58:39,589 | INFO | 01_build_trial_table | Subject 210/230 | ZFM-04083 | session 9/13 | loading 8f45f39b-067e-4fab-a920-4fe89005cf2f
2026-07-24 14:58:41,301 | INFO | 01_build_trial_table | Loaded 8f45f39b-067e-4fab-a920-4fe89005cf2f | trials=646 | choices=646 | session time=2s | cumulative sessions=724/728 | cumulative trials=452840
2026-07-24 14:58:41,301 | INFO | 01_build_trial_table | Subject 210/230 | ZFM-04083 | session 10/13 | loading ab87fff3-45df-4937-9536-9495c20562d3
2026-07-24 14:58:43,113 | INFO | 01_build_trial_table | Loaded ab87fff3-45df-4937-9536-9495c20562d3 | trials=672 | choices=672 | session time=2s | cumulative sessions=725/729 | cumulative trials=453512
2026-07-24 14:58:43,113 | INFO | 01_build_trial_table | Subject 210/230 | ZFM-04083 | session 11/13 | loading ae4a54de-43c9-4eff-8a7d-bd2d05c5f993
2026-07-24 14:58:45,840 | INFO | 01_build_trial_table | Loaded ae4a54de-43c9-4eff-8a7d-bd2d05c5f993 | trials=704 | choices=704 | session time=3s | cumulative sessions=726/730 | cumulative trials=454216
2026-07-24 14:58:45,840 | INFO | 01_build_trial_table | Subject 210/230 | ZFM-04083 | session 12/13 | loading bc05ec57-9500-48aa-9825-da7b3f4694f4
2026-07-24 14:58:47,563 | INFO | 01_build_trial_table | Loaded bc05ec57-9500-48aa-9825-da7b3f4694f4 | trials=690 | choices=690 | session time=2s | cumulative sessions=727/731 | cumulative trials=454906
2026-07-24 14:58:47,563 | INFO | 01_build_trial_table | Subject 210/230 | ZFM-04083 | session 13/13 | loading bd02e951-760a-448d-9c52-3f2990f9cf42
2026-07-24 14:58:50,182 | INFO | 01_build_trial_table | Loaded bd02e951-760a-448d-9c52-3f2990f9cf42 | trials=435 | choices=434 | session time=3s | cumulative sessions=728/732 | cumulative trials=455341
2026-07-24 14:58:50,183 | INFO | 01_build_trial_table | Subject 210/230 | ZFM-04083 complete | elapsed=32s | total loaded sessions=728 | total trials=455341
2026-07-24 14:58:50,183 | INFO | 01_build_trial_table | Subject 211/230 | ZFM-04122 | starting discovery
2026-07-24 14:58:50,983 | INFO | 01_build_trial_table | Subject ZFM-04122: querying left-camera DLC sessions
2026-07-24 14:58:51,430 | INFO | 01_build_trial_table | Subject ZFM-04122: checking task protocol for 24 DLC sessions
2026-07-24 14:58:55,342 | INFO | 01_build_trial_table | Subject ZFM-04122: protocol checks 10/24 (10 ChoiceWorld)
2026-07-24 14:58:59,226 | INFO | 01_build_trial_table | Subject ZFM-04122: protocol checks 20/24 (20 ChoiceWorld)
2026-07-24 14:59:00,849 | INFO | 01_build_trial_table | Subject ZFM-04122: protocol checks 24/24 (24 ChoiceWorld)
2026-07-24 14:59:00,849 | INFO | 01_build_trial_table | Subject ZFM-04122: querying raw left-camera video sessions
2026-07-24 14:59:01,312 | INFO | 01_build_trial_table | Subject ZFM-04122: found 25 raw-video sessions
2026-07-24 14:59:01,312 | INFO | 01_build_trial_table | Subject 211/230 | ZFM-04122 | 24 ChoiceWorld DLC sessions; 25 video sessions
2026-07-24 14:59:01,312 | INFO | 01_build_trial_table | Subject 211/230 | ZFM-04122 | session 1/24 | loading 0281772e-b4c1-4680-81af-f7a56f1870b9
2026-07-24 14:59:03,474 | INFO | 01_build_trial_table | Loaded 0281772e-b4c1-4680-81af-f7a56f1870b9 | trials=833 | choices=833 | session time=2s | cumulative sessions=729/733 | cumulative trials=456174
2026-07-24 14:59:03,475 | INFO | 01_build_trial_table | Subject 211/230 | ZFM-04122 | session 2/24 | loading 066fbb45-4af6-45c9-a029-ad8903090f13
2026-07-24 14:59:05,192 | INFO | 01_build_trial_table | Loaded 066fbb45-4af6-45c9-a029-ad8903090f13 | trials=908 | choices=908 | session time=2s | cumulative sessions=730/734 | cumulative trials=457082
2026-07-24 14:59:05,192 | INFO | 01_build_trial_table | Subject 211/230 | ZFM-04122 | session 3/24 | loading 0bc5a917-b45b-4612-9599-18047e13d547
2026-07-24 14:59:06,959 | INFO | 01_build_trial_table | Loaded 0bc5a917-b45b-4612-9599-18047e13d547 | trials=674 | choices=671 | session time=2s | cumulative sessions=731/735 | cumulative trials=457756
2026-07-24 14:59:06,959 | INFO | 01_build_trial_table | Subject 211/230 | ZFM-04122 | session 4/24 | loading 29b02d0f-5092-4fa5-a433-0d2ea3eafca8
2026-07-24 14:59:08,683 | INFO | 01_build_trial_table | Loaded 29b02d0f-5092-4fa5-a433-0d2ea3eafca8 | trials=593 | choices=590 | session time=2s | cumulative sessions=732/736 | cumulative trials=458349
2026-07-24 14:59:08,683 | INFO | 01_build_trial_table | Subject 211/230 | ZFM-04122 | session 5/24 | loading 30e67309-433b-4839-88ad-2bef7b33d39e
2026-07-24 14:59:10,990 | INFO | 01_build_trial_table | Loaded 30e67309-433b-4839-88ad-2bef7b33d39e | trials=318 | choices=309 | session time=2s | cumulative sessions=733/737 | cumulative trials=458667
2026-07-24 14:59:10,990 | INFO | 01_build_trial_table | Subject 211/230 | ZFM-04122 | session 6/24 | loading 31ee2d4c-f12a-473d-aad5-24ef5acbcfd0
2026-07-24 14:59:12,716 | INFO | 01_build_trial_table | Loaded 31ee2d4c-f12a-473d-aad5-24ef5acbcfd0 | trials=266 | choices=264 | session time=2s | cumulative sessions=734/738 | cumulative trials=458933
2026-07-24 14:59:12,716 | INFO | 01_build_trial_table | Subject 211/230 | ZFM-04122 | session 7/24 | loading 3d2499db-1947-4c3b-917c-80bc2a1bac3a
2026-07-24 14:59:14,497 | INFO | 01_build_trial_table | Loaded 3d2499db-1947-4c3b-917c-80bc2a1bac3a | trials=530 | choices=530 | session time=2s | cumulative sessions=735/739 | cumulative trials=459463
2026-07-24 14:59:14,498 | INFO | 01_build_trial_table | Subject 211/230 | ZFM-04122 | session 8/24 | loading 3e752e1d-54d9-411d-b238-b4f975eeb660
2026-07-24 14:59:16,248 | INFO | 01_build_trial_table | Loaded 3e752e1d-54d9-411d-b238-b4f975eeb660 | trials=748 | choices=744 | session time=2s | cumulative sessions=736/740 | cumulative trials=460211
2026-07-24 14:59:16,248 | INFO | 01_build_trial_table | Subject 211/230 | ZFM-04122 | session 9/24 | loading 59bd6f24-e3dd-47f1-a8cf-2f4bd2c1dacb
2026-07-24 14:59:17,983 | INFO | 01_build_trial_table | Loaded 59bd6f24-e3dd-47f1-a8cf-2f4bd2c1dacb | trials=837 | choices=834 | session time=2s | cumulative sessions=737/741 | cumulative trials=461048
2026-07-24 14:59:17,983 | INFO | 01_build_trial_table | Subject 211/230 | ZFM-04122 | session 10/24 | loading 61ad4683-739f-4463-bf03-3ac56b719f47
2026-07-24 14:59:19,750 | INFO | 01_build_trial_table | Loaded 61ad4683-739f-4463-bf03-3ac56b719f47 | trials=518 | choices=518 | session time=2s | cumulative sessions=738/742 | cumulative trials=461566
2026-07-24 14:59:19,750 | INFO | 01_build_trial_table | Subject 211/230 | ZFM-04122 | session 11/24 | loading 6c064581-790e-4150-8b1b-4667f18e3dcf
2026-07-24 14:59:21,513 | INFO | 01_build_trial_table | Loaded 6c064581-790e-4150-8b1b-4667f18e3dcf | trials=838 | choices=837 | session time=2s | cumulative sessions=739/743 | cumulative trials=462404
2026-07-24 14:59:21,514 | INFO | 01_build_trial_table | Subject 211/230 | ZFM-04122 | session 12/24 | loading 6fcbb3b5-7315-4471-80b8-16c2e8387b32
2026-07-24 14:59:23,243 | INFO | 01_build_trial_table | Loaded 6fcbb3b5-7315-4471-80b8-16c2e8387b32 | trials=581 | choices=581 | session time=2s | cumulative sessions=740/744 | cumulative trials=462985
2026-07-24 14:59:23,244 | INFO | 01_build_trial_table | Subject 211/230 | ZFM-04122 | session 13/24 | loading 7c3d5dd2-32fe-4582-8044-ef61b433240e
2026-07-24 14:59:25,040 | INFO | 01_build_trial_table | Loaded 7c3d5dd2-32fe-4582-8044-ef61b433240e | trials=798 | choices=798 | session time=2s | cumulative sessions=741/745 | cumulative trials=463783
2026-07-24 14:59:25,040 | INFO | 01_build_trial_table | Subject 211/230 | ZFM-04122 | session 14/24 | loading 8a1808ee-44ab-4572-b7ac-921a1af98748
2026-07-24 14:59:27,330 | INFO | 01_build_trial_table | Loaded 8a1808ee-44ab-4572-b7ac-921a1af98748 | trials=668 | choices=668 | session time=2s | cumulative sessions=742/746 | cumulative trials=464451
2026-07-24 14:59:27,330 | INFO | 01_build_trial_table | Subject 211/230 | ZFM-04122 | session 15/24 | loading b18b8d56-e561-4f9e-b7d1-c7c434a4907e
2026-07-24 14:59:29,095 | INFO | 01_build_trial_table | Loaded b18b8d56-e561-4f9e-b7d1-c7c434a4907e | trials=729 | choices=728 | session time=2s | cumulative sessions=743/747 | cumulative trials=465180
2026-07-24 14:59:29,095 | INFO | 01_build_trial_table | Subject 211/230 | ZFM-04122 | session 16/24 | loading b1916e32-8d9f-4fdd-8c7a-15168b6c0e2b
2026-07-24 14:59:30,826 | INFO | 01_build_trial_table | Loaded b1916e32-8d9f-4fdd-8c7a-15168b6c0e2b | trials=547 | choices=545 | session time=2s | cumulative sessions=744/748 | cumulative trials=465727
2026-07-24 14:59:30,826 | INFO | 01_build_trial_table | Subject 211/230 | ZFM-04122 | session 17/24 | loading b6b60654-e236-4559-be65-188ab7d36a2b
2026-07-24 14:59:32,560 | INFO | 01_build_trial_table | Loaded b6b60654-e236-4559-be65-188ab7d36a2b | trials=685 | choices=685 | session time=2s | cumulative sessions=745/749 | cumulative trials=466412
2026-07-24 14:59:32,560 | INFO | 01_build_trial_table | Subject 211/230 | ZFM-04122 | session 18/24 | loading bd98559c-d3fb-4fef-acfe-aabdb2862549
2026-07-24 14:59:34,305 | INFO | 01_build_trial_table | Loaded bd98559c-d3fb-4fef-acfe-aabdb2862549 | trials=770 | choices=770 | session time=2s | cumulative sessions=746/750 | cumulative trials=467182
2026-07-24 14:59:34,306 | INFO | 01_build_trial_table | Subject 211/230 | ZFM-04122 | session 19/24 | loading c1e0a653-9ce5-414f-a3d7-2584628f018a
2026-07-24 14:59:36,090 | INFO | 01_build_trial_table | Loaded c1e0a653-9ce5-414f-a3d7-2584628f018a | trials=471 | choices=471 | session time=2s | cumulative sessions=747/751 | cumulative trials=467653
2026-07-24 14:59:36,090 | INFO | 01_build_trial_table | Subject 211/230 | ZFM-04122 | session 20/24 | loading c2111f95-094e-435f-a2a6-4ff8e53338a2
2026-07-24 14:59:37,819 | INFO | 01_build_trial_table | Loaded c2111f95-094e-435f-a2a6-4ff8e53338a2 | trials=624 | choices=624 | session time=2s | cumulative sessions=748/752 | cumulative trials=468277
2026-07-24 14:59:37,819 | INFO | 01_build_trial_table | Subject 211/230 | ZFM-04122 | session 21/24 | loading c3ac69ad-851a-475c-8ba8-e44e9bd76dcb
2026-07-24 14:59:40,272 | INFO | 01_build_trial_table | Loaded c3ac69ad-851a-475c-8ba8-e44e9bd76dcb | trials=886 | choices=882 | session time=2s | cumulative sessions=749/753 | cumulative trials=469163
2026-07-24 14:59:40,273 | INFO | 01_build_trial_table | Subject 211/230 | ZFM-04122 | session 22/24 | loading e2911a64-a061-4058-a5dc-4221ed33d463
2026-07-24 14:59:41,998 | INFO | 01_build_trial_table | Loaded e2911a64-a061-4058-a5dc-4221ed33d463 | trials=715 | choices=715 | session time=2s | cumulative sessions=750/754 | cumulative trials=469878
2026-07-24 14:59:41,998 | INFO | 01_build_trial_table | Subject 211/230 | ZFM-04122 | session 23/24 | loading e7872b06-8dcd-4dc0-9fba-076aeddbe7e1
2026-07-24 14:59:43,746 | INFO | 01_build_trial_table | Loaded e7872b06-8dcd-4dc0-9fba-076aeddbe7e1 | trials=825 | choices=824 | session time=2s | cumulative sessions=751/755 | cumulative trials=470703
2026-07-24 14:59:43,747 | INFO | 01_build_trial_table | Subject 211/230 | ZFM-04122 | session 24/24 | loading fd96c3d3-fd0c-4b49-8405-e4d53e8319d8
2026-07-24 14:59:45,503 | INFO | 01_build_trial_table | Loaded fd96c3d3-fd0c-4b49-8405-e4d53e8319d8 | trials=592 | choices=592 | session time=2s | cumulative sessions=752/756 | cumulative trials=471295
2026-07-24 14:59:45,504 | INFO | 01_build_trial_table | Subject 211/230 | ZFM-04122 complete | elapsed=55s | total loaded sessions=752 | total trials=471295
2026-07-24 14:59:45,504 | INFO | 01_build_trial_table | Subject 212/230 | ZFM-04300 | starting discovery
2026-07-24 14:59:46,299 | INFO | 01_build_trial_table | Subject ZFM-04300: querying left-camera DLC sessions
2026-07-24 14:59:46,721 | INFO | 01_build_trial_table | Subject ZFM-04300: checking task protocol for 4 DLC sessions
2026-07-24 14:59:48,265 | INFO | 01_build_trial_table | Subject ZFM-04300: protocol checks 4/4 (4 ChoiceWorld)
2026-07-24 14:59:48,265 | INFO | 01_build_trial_table | Subject ZFM-04300: querying raw left-camera video sessions
2026-07-24 14:59:48,678 | INFO | 01_build_trial_table | Subject ZFM-04300: found 10 raw-video sessions
2026-07-24 14:59:48,678 | INFO | 01_build_trial_table | Subject 212/230 | ZFM-04300 | 4 ChoiceWorld DLC sessions; 10 video sessions
2026-07-24 14:59:48,678 | INFO | 01_build_trial_table | Subject 212/230 | ZFM-04300 | session 1/4 | loading 2457a923-5efb-42ba-80c2-a83a5b659e28
2026-07-24 14:59:51,083 | INFO | 01_build_trial_table | Loaded 2457a923-5efb-42ba-80c2-a83a5b659e28 | trials=562 | choices=561 | session time=2s | cumulative sessions=753/757 | cumulative trials=471857
2026-07-24 14:59:51,083 | INFO | 01_build_trial_table | Subject 212/230 | ZFM-04300 | session 2/4 | loading 7d962737-6858-4d85-9420-c83d20e3ff0a
2026-07-24 14:59:53,825 | INFO | 01_build_trial_table | Loaded 7d962737-6858-4d85-9420-c83d20e3ff0a | trials=145 | choices=123 | session time=3s | cumulative sessions=754/758 | cumulative trials=472002
2026-07-24 14:59:53,825 | INFO | 01_build_trial_table | Subject 212/230 | ZFM-04300 | session 3/4 | loading a456692f-5658-430f-b748-c864ace98b6c
2026-07-24 14:59:56,255 | INFO | 01_build_trial_table | Loaded a456692f-5658-430f-b748-c864ace98b6c | trials=524 | choices=524 | session time=2s | cumulative sessions=755/759 | cumulative trials=472526
2026-07-24 14:59:56,255 | INFO | 01_build_trial_table | Subject 212/230 | ZFM-04300 | session 4/4 | loading cce8c6b0-2695-42d3-bc35-af35b4546c65
2026-07-24 14:59:58,692 | INFO | 01_build_trial_table | Loaded cce8c6b0-2695-42d3-bc35-af35b4546c65 | trials=517 | choices=516 | session time=2s | cumulative sessions=756/760 | cumulative trials=473043
2026-07-24 14:59:58,693 | INFO | 01_build_trial_table | Subject 212/230 | ZFM-04300 complete | elapsed=13s | total loaded sessions=756 | total trials=473043
2026-07-24 14:59:58,693 | INFO | 01_build_trial_table | Subject 213/230 | ZFM-04308 | starting discovery
2026-07-24 14:59:59,422 | INFO | 01_build_trial_table | Subject ZFM-04308: querying left-camera DLC sessions
2026-07-24 14:59:59,826 | INFO | 01_build_trial_table | Subject ZFM-04308: checking task protocol for 2 DLC sessions
2026-07-24 15:00:01,441 | INFO | 01_build_trial_table | Subject ZFM-04308: protocol checks 2/2 (2 ChoiceWorld)
2026-07-24 15:00:01,442 | INFO | 01_build_trial_table | Subject ZFM-04308: querying raw left-camera video sessions
2026-07-24 15:00:01,945 | INFO | 01_build_trial_table | Subject ZFM-04308: found 2 raw-video sessions
2026-07-24 15:00:01,945 | INFO | 01_build_trial_table | Subject 213/230 | ZFM-04308 | 2 ChoiceWorld DLC sessions; 2 video sessions
2026-07-24 15:00:01,945 | INFO | 01_build_trial_table | Subject 213/230 | ZFM-04308 | session 1/2 | loading 239dd3c9-35f3-4462-95ee-91b822a22e6b
2026-07-24 15:00:07,987 | INFO | 01_build_trial_table | Loaded 239dd3c9-35f3-4462-95ee-91b822a22e6b | trials=414 | choices=411 | session time=6s | cumulative sessions=757/761 | cumulative trials=473457
2026-07-24 15:00:07,987 | INFO | 01_build_trial_table | Subject 213/230 | ZFM-04308 | session 2/2 | loading 9dd72e52-5393-4c08-9eca-f7dace2e59f6
2026-07-24 15:00:11,097 | INFO | 01_build_trial_table | Loaded 9dd72e52-5393-4c08-9eca-f7dace2e59f6 | trials=403 | choices=399 | session time=3s | cumulative sessions=758/762 | cumulative trials=473860
2026-07-24 15:00:11,098 | INFO | 01_build_trial_table | Subject 213/230 | ZFM-04308 complete | elapsed=12s | total loaded sessions=758 | total trials=473860
2026-07-24 15:00:11,098 | INFO | 01_build_trial_table | Subject 214/230 | ZFM-04811 | starting discovery
2026-07-24 15:00:11,861 | INFO | 01_build_trial_table | Subject ZFM-04811: querying left-camera DLC sessions
2026-07-24 15:00:12,288 | INFO | 01_build_trial_table | Subject ZFM-04811: checking task protocol for 12 DLC sessions
2026-07-24 15:00:16,192 | INFO | 01_build_trial_table | Subject ZFM-04811: protocol checks 10/12 (10 ChoiceWorld)
2026-07-24 15:00:16,997 | INFO | 01_build_trial_table | Subject ZFM-04811: protocol checks 12/12 (12 ChoiceWorld)
2026-07-24 15:00:16,997 | INFO | 01_build_trial_table | Subject ZFM-04811: querying raw left-camera video sessions
2026-07-24 15:00:17,417 | INFO | 01_build_trial_table | Subject ZFM-04811: found 13 raw-video sessions
2026-07-24 15:00:17,417 | INFO | 01_build_trial_table | Subject 214/230 | ZFM-04811 | 12 ChoiceWorld DLC sessions; 13 video sessions
2026-07-24 15:00:17,417 | INFO | 01_build_trial_table | Subject 214/230 | ZFM-04811 | session 1/12 | loading 126cf6e8-fc3a-4fab-aad4-75772af0aa5d
2026-07-24 15:00:20,199 | INFO | 01_build_trial_table | Loaded 126cf6e8-fc3a-4fab-aad4-75772af0aa5d | trials=486 | choices=486 | session time=3s | cumulative sessions=759/763 | cumulative trials=474346
2026-07-24 15:00:20,200 | INFO | 01_build_trial_table | Subject 214/230 | ZFM-04811 | session 2/12 | loading 1e988a23-539e-4cfc-8d92-9756f3b2f360
2026-07-24 15:00:22,005 | INFO | 01_build_trial_table | Loaded 1e988a23-539e-4cfc-8d92-9756f3b2f360 | trials=629 | choices=629 | session time=2s | cumulative sessions=760/764 | cumulative trials=474975
2026-07-24 15:00:22,006 | INFO | 01_build_trial_table | Subject 214/230 | ZFM-04811 | session 3/12 | loading 24f4d18e-67f8-47f6-a519-2fd99a0134cd
2026-07-24 15:00:23,733 | INFO | 01_build_trial_table | Loaded 24f4d18e-67f8-47f6-a519-2fd99a0134cd | trials=644 | choices=644 | session time=2s | cumulative sessions=761/765 | cumulative trials=475619
2026-07-24 15:00:23,733 | INFO | 01_build_trial_table | Subject 214/230 | ZFM-04811 | session 4/12 | loading 2852aac3-0b80-41fd-9d22-bfb696787c4d
2026-07-24 15:00:25,464 | INFO | 01_build_trial_table | Loaded 2852aac3-0b80-41fd-9d22-bfb696787c4d | trials=688 | choices=688 | session time=2s | cumulative sessions=762/766 | cumulative trials=476307
2026-07-24 15:00:25,464 | INFO | 01_build_trial_table | Subject 214/230 | ZFM-04811 | session 5/12 | loading 2ec37e95-4266-45ac-8a42-a1b2d5bc8b7e
2026-07-24 15:00:28,213 | INFO | 01_build_trial_table | Loaded 2ec37e95-4266-45ac-8a42-a1b2d5bc8b7e | trials=402 | choices=402 | session time=3s | cumulative sessions=763/767 | cumulative trials=476709
2026-07-24 15:00:28,213 | INFO | 01_build_trial_table | Subject 214/230 | ZFM-04811 | session 6/12 | loading 3a06738c-bd9f-4f5d-8309-85d2f617dd5b
2026-07-24 15:00:29,982 | INFO | 01_build_trial_table | Loaded 3a06738c-bd9f-4f5d-8309-85d2f617dd5b | trials=525 | choices=525 | session time=2s | cumulative sessions=764/768 | cumulative trials=477234
2026-07-24 15:00:29,982 | INFO | 01_build_trial_table | Subject 214/230 | ZFM-04811 | session 7/12 | loading 4e24001d-de3e-4737-b20c-97a4b252c8cd
2026-07-24 15:00:31,716 | INFO | 01_build_trial_table | Loaded 4e24001d-de3e-4737-b20c-97a4b252c8cd | trials=697 | choices=697 | session time=2s | cumulative sessions=765/769 | cumulative trials=477931
2026-07-24 15:00:31,716 | INFO | 01_build_trial_table | Subject 214/230 | ZFM-04811 | session 8/12 | loading 54014195-8d46-4a06-a291-4761d1c98f10
2026-07-24 15:00:34,371 | INFO | 01_build_trial_table | Loaded 54014195-8d46-4a06-a291-4761d1c98f10 | trials=540 | choices=540 | session time=3s | cumulative sessions=766/770 | cumulative trials=478471
2026-07-24 15:00:34,371 | INFO | 01_build_trial_table | Subject 214/230 | ZFM-04811 | session 9/12 | loading 68368842-9543-45c8-8d75-b66eef40837f
2026-07-24 15:00:36,113 | INFO | 01_build_trial_table | Loaded 68368842-9543-45c8-8d75-b66eef40837f | trials=659 | choices=659 | session time=2s | cumulative sessions=767/771 | cumulative trials=479130
2026-07-24 15:00:36,114 | INFO | 01_build_trial_table | Subject 214/230 | ZFM-04811 | session 10/12 | loading 771ad126-7537-4caa-b999-6b843bf622a7
2026-07-24 15:00:37,863 | INFO | 01_build_trial_table | Loaded 771ad126-7537-4caa-b999-6b843bf622a7 | trials=451 | choices=451 | session time=2s | cumulative sessions=768/772 | cumulative trials=479581
2026-07-24 15:00:37,864 | INFO | 01_build_trial_table | Subject 214/230 | ZFM-04811 | session 11/12 | loading a3b8947c-4fb1-43ef-a8df-c51fffe78c11
2026-07-24 15:00:40,296 | INFO | 01_build_trial_table | Loaded a3b8947c-4fb1-43ef-a8df-c51fffe78c11 | trials=402 | choices=401 | session time=2s | cumulative sessions=769/773 | cumulative trials=479983
2026-07-24 15:00:40,297 | INFO | 01_build_trial_table | Subject 214/230 | ZFM-04811 | session 12/12 | loading caf38d85-1ef8-4536-935a-f297756e2e43
2026-07-24 15:00:42,062 | INFO | 01_build_trial_table | Loaded caf38d85-1ef8-4536-935a-f297756e2e43 | trials=765 | choices=765 | session time=2s | cumulative sessions=770/774 | cumulative trials=480748
2026-07-24 15:00:42,062 | INFO | 01_build_trial_table | Subject 214/230 | ZFM-04811 complete | elapsed=31s | total loaded sessions=770 | total trials=480748
2026-07-24 15:00:42,062 | INFO | 01_build_trial_table | Subject 215/230 | ZFM-04820 | starting discovery
2026-07-24 15:00:42,559 | INFO | 01_build_trial_table | Subject ZFM-04820: querying left-camera DLC sessions
2026-07-24 15:00:42,965 | INFO | 01_build_trial_table | Subject ZFM-04820: checking task protocol for 4 DLC sessions
2026-07-24 15:00:44,552 | INFO | 01_build_trial_table | Subject ZFM-04820: protocol checks 4/4 (4 ChoiceWorld)
2026-07-24 15:00:44,552 | INFO | 01_build_trial_table | Subject ZFM-04820: querying raw left-camera video sessions
2026-07-24 15:00:44,974 | INFO | 01_build_trial_table | Subject ZFM-04820: found 4 raw-video sessions
2026-07-24 15:00:44,974 | INFO | 01_build_trial_table | Subject 215/230 | ZFM-04820 | 4 ChoiceWorld DLC sessions; 4 video sessions
2026-07-24 15:00:44,974 | INFO | 01_build_trial_table | Subject 215/230 | ZFM-04820 | session 1/4 | loading 5531e71f-8ab9-4c4e-8d5b-d92da838ee16
2026-07-24 15:00:47,135 | WARNING | 01_build_trial_table | Failed ZFM-04820 5531e71f-8ab9-4c4e-8d5b-d92da838ee16: trials 
 The ALF object was not found.  This may occur if the object or namespace or incorrectly formatted e.g. the object "_ibl_trials.intervals.npy" would be found with the filters `object="trials", namespace="ibl"` 
2026-07-24 15:00:47,135 | INFO | 01_build_trial_table | Subject 215/230 | ZFM-04820 | session 2/4 | loading 73fa004c-eac3-4b34-997a-9b4268990474
2026-07-24 15:00:49,417 | WARNING | 01_build_trial_table | Failed ZFM-04820 73fa004c-eac3-4b34-997a-9b4268990474: trials 
 The ALF object was not found.  This may occur if the object or namespace or incorrectly formatted e.g. the object "_ibl_trials.intervals.npy" would be found with the filters `object="trials", namespace="ibl"` 
2026-07-24 15:00:49,418 | INFO | 01_build_trial_table | Subject 215/230 | ZFM-04820 | session 3/4 | loading a5f5eacc-3344-4f24-a41a-a6018c1eabf1
2026-07-24 15:00:51,588 | WARNING | 01_build_trial_table | Failed ZFM-04820 a5f5eacc-3344-4f24-a41a-a6018c1eabf1: trials 
 The ALF object was not found.  This may occur if the object or namespace or incorrectly formatted e.g. the object "_ibl_trials.intervals.npy" would be found with the filters `object="trials", namespace="ibl"` 
2026-07-24 15:00:51,588 | INFO | 01_build_trial_table | Subject 215/230 | ZFM-04820 | session 4/4 | loading c211d400-04aa-479f-9544-3d30e29b8c5f
2026-07-24 15:00:53,674 | WARNING | 01_build_trial_table | Failed ZFM-04820 c211d400-04aa-479f-9544-3d30e29b8c5f: trials 
 The ALF object was not found.  This may occur if the object or namespace or incorrectly formatted e.g. the object "_ibl_trials.intervals.npy" would be found with the filters `object="trials", namespace="ibl"` 
2026-07-24 15:00:53,674 | INFO | 01_build_trial_table | Subject 215/230 | ZFM-04820 complete | elapsed=12s | total loaded sessions=770 | total trials=480748
2026-07-24 15:00:53,674 | INFO | 01_build_trial_table | Subject 216/230 | ZFM-05170 | starting discovery
2026-07-24 15:00:54,270 | INFO | 01_build_trial_table | Subject ZFM-05170: querying left-camera DLC sessions
2026-07-24 15:00:54,678 | INFO | 01_build_trial_table | Subject ZFM-05170: checking task protocol for 5 DLC sessions
2026-07-24 15:00:56,694 | INFO | 01_build_trial_table | Subject ZFM-05170: protocol checks 5/5 (5 ChoiceWorld)
2026-07-24 15:00:56,695 | INFO | 01_build_trial_table | Subject ZFM-05170: querying raw left-camera video sessions
2026-07-24 15:00:57,113 | INFO | 01_build_trial_table | Subject ZFM-05170: found 6 raw-video sessions
2026-07-24 15:00:57,113 | INFO | 01_build_trial_table | Subject 216/230 | ZFM-05170 | 5 ChoiceWorld DLC sessions; 6 video sessions
2026-07-24 15:00:57,113 | INFO | 01_build_trial_table | Subject 216/230 | ZFM-05170 | session 1/5 | loading 2d93903c-d02b-4e0d-9218-681f2884598d
2026-07-24 15:00:59,919 | INFO | 01_build_trial_table | Loaded 2d93903c-d02b-4e0d-9218-681f2884598d | trials=682 | choices=682 | session time=3s | cumulative sessions=771/779 | cumulative trials=481430
2026-07-24 15:00:59,919 | INFO | 01_build_trial_table | Subject 216/230 | ZFM-05170 | session 2/5 | loading 401dc15a-96d1-47a9-81f5-bebdfcd2465d
2026-07-24 15:01:03,823 | INFO | 01_build_trial_table | Loaded 401dc15a-96d1-47a9-81f5-bebdfcd2465d | trials=447 | choices=447 | session time=4s | cumulative sessions=772/780 | cumulative trials=481877
2026-07-24 15:01:03,823 | INFO | 01_build_trial_table | Subject 216/230 | ZFM-05170 | session 3/5 | loading c01f7f5c-dabb-4e97-a9b7-120075c9dba0
2026-07-24 15:01:05,633 | INFO | 01_build_trial_table | Loaded c01f7f5c-dabb-4e97-a9b7-120075c9dba0 | trials=896 | choices=896 | session time=2s | cumulative sessions=773/781 | cumulative trials=482773
2026-07-24 15:01:05,633 | INFO | 01_build_trial_table | Subject 216/230 | ZFM-05170 | session 4/5 | loading dfa58635-10b6-48d2-b77b-c4022ad0899a
2026-07-24 15:01:08,299 | INFO | 01_build_trial_table | Loaded dfa58635-10b6-48d2-b77b-c4022ad0899a | trials=696 | choices=696 | session time=3s | cumulative sessions=774/782 | cumulative trials=483469
2026-07-24 15:01:08,299 | INFO | 01_build_trial_table | Subject 216/230 | ZFM-05170 | session 5/5 | loading f3070b25-e9a7-4374-8867-7c13e791e26f
2026-07-24 15:01:10,105 | INFO | 01_build_trial_table | Loaded f3070b25-e9a7-4374-8867-7c13e791e26f | trials=513 | choices=513 | session time=2s | cumulative sessions=775/783 | cumulative trials=483982
2026-07-24 15:01:10,105 | INFO | 01_build_trial_table | Subject 216/230 | ZFM-05170 complete | elapsed=16s | total loaded sessions=775 | total trials=483982
2026-07-24 15:01:10,105 | INFO | 01_build_trial_table | Subject 217/230 | ZM_1898 | starting discovery
2026-07-24 15:01:11,059 | INFO | 01_build_trial_table | Subject ZM_1898: querying left-camera DLC sessions
2026-07-24 15:01:11,471 | INFO | 01_build_trial_table | Subject ZM_1898: checking task protocol for 2 DLC sessions
2026-07-24 15:01:12,238 | INFO | 01_build_trial_table | Subject ZM_1898: protocol checks 2/2 (2 ChoiceWorld)
2026-07-24 15:01:12,238 | INFO | 01_build_trial_table | Subject ZM_1898: querying raw left-camera video sessions
2026-07-24 15:01:12,639 | INFO | 01_build_trial_table | Subject ZM_1898: found 2 raw-video sessions
2026-07-24 15:01:12,639 | INFO | 01_build_trial_table | Subject 217/230 | ZM_1898 | 2 ChoiceWorld DLC sessions; 2 video sessions
2026-07-24 15:01:12,639 | INFO | 01_build_trial_table | Subject 217/230 | ZM_1898 | session 1/2 | loading 21e16736-fd59-44c7-b938-9b1333d25da8
2026-07-24 15:01:15,396 | INFO | 01_build_trial_table | Loaded 21e16736-fd59-44c7-b938-9b1333d25da8 | trials=802 | choices=801 | session time=3s | cumulative sessions=776/784 | cumulative trials=484784
2026-07-24 15:01:15,396 | INFO | 01_build_trial_table | Subject 217/230 | ZM_1898 | session 2/2 | loading 53738f95-bd08-4d9d-9133-483fdb19e8da
2026-07-24 15:01:18,034 | INFO | 01_build_trial_table | Loaded 53738f95-bd08-4d9d-9133-483fdb19e8da | trials=596 | choices=596 | session time=3s | cumulative sessions=777/785 | cumulative trials=485380
2026-07-24 15:01:18,034 | INFO | 01_build_trial_table | Subject 217/230 | ZM_1898 complete | elapsed=8s | total loaded sessions=777 | total trials=485380
2026-07-24 15:01:18,034 | INFO | 01_build_trial_table | Subject 218/230 | ZM_2240 | starting discovery
2026-07-24 15:01:18,906 | INFO | 01_build_trial_table | Subject ZM_2240: querying left-camera DLC sessions
2026-07-24 15:01:19,324 | INFO | 01_build_trial_table | Subject ZM_2240: checking task protocol for 4 DLC sessions
2026-07-24 15:01:20,899 | INFO | 01_build_trial_table | Subject ZM_2240: protocol checks 4/4 (4 ChoiceWorld)
2026-07-24 15:01:20,899 | INFO | 01_build_trial_table | Subject ZM_2240: querying raw left-camera video sessions
2026-07-24 15:01:21,326 | INFO | 01_build_trial_table | Subject ZM_2240: found 4 raw-video sessions
2026-07-24 15:01:21,326 | INFO | 01_build_trial_table | Subject 218/230 | ZM_2240 | 4 ChoiceWorld DLC sessions; 4 video sessions
2026-07-24 15:01:21,326 | INFO | 01_build_trial_table | Subject 218/230 | ZM_2240 | session 1/4 | loading 193fe7a8-4eb5-4f3e-815a-0c45864ddd77
2026-07-24 15:01:24,043 | INFO | 01_build_trial_table | Loaded 193fe7a8-4eb5-4f3e-815a-0c45864ddd77 | trials=629 | choices=629 | session time=3s | cumulative sessions=778/786 | cumulative trials=486009
2026-07-24 15:01:24,044 | INFO | 01_build_trial_table | Subject 218/230 | ZM_2240 | session 2/4 | loading 259927fd-7563-4b03-bc5d-17b4d0fa7a55
2026-07-24 15:01:27,510 | INFO | 01_build_trial_table | Loaded 259927fd-7563-4b03-bc5d-17b4d0fa7a55 | trials=646 | choices=646 | session time=3s | cumulative sessions=779/787 | cumulative trials=486655
2026-07-24 15:01:27,510 | INFO | 01_build_trial_table | Subject 218/230 | ZM_2240 | session 3/4 | loading 510b1a50-825d-44ce-86f6-9678f5396e02
2026-07-24 15:01:30,304 | INFO | 01_build_trial_table | Loaded 510b1a50-825d-44ce-86f6-9678f5396e02 | trials=1075 | choices=1075 | session time=3s | cumulative sessions=780/788 | cumulative trials=487730
2026-07-24 15:01:30,304 | INFO | 01_build_trial_table | Subject 218/230 | ZM_2240 | session 4/4 | loading d33baf74-263c-4b37-a0d0-b79dcb80a764
2026-07-24 15:01:33,693 | INFO | 01_build_trial_table | Loaded d33baf74-263c-4b37-a0d0-b79dcb80a764 | trials=427 | choices=426 | session time=3s | cumulative sessions=781/789 | cumulative trials=488157
2026-07-24 15:01:33,693 | INFO | 01_build_trial_table | Subject 218/230 | ZM_2240 complete | elapsed=16s | total loaded sessions=781 | total trials=488157
2026-07-24 15:01:33,693 | INFO | 01_build_trial_table | Subject 219/230 | ZM_2241 | starting discovery
2026-07-24 15:01:34,602 | INFO | 01_build_trial_table | Subject ZM_2241: querying left-camera DLC sessions
2026-07-24 15:01:35,014 | INFO | 01_build_trial_table | Subject ZM_2241: checking task protocol for 5 DLC sessions
2026-07-24 15:01:36,969 | INFO | 01_build_trial_table | Subject ZM_2241: protocol checks 5/5 (5 ChoiceWorld)
2026-07-24 15:01:36,970 | INFO | 01_build_trial_table | Subject ZM_2241: querying raw left-camera video sessions
2026-07-24 15:01:37,389 | INFO | 01_build_trial_table | Subject ZM_2241: found 5 raw-video sessions
2026-07-24 15:01:37,390 | INFO | 01_build_trial_table | Subject 219/230 | ZM_2241 | 5 ChoiceWorld DLC sessions; 5 video sessions
2026-07-24 15:01:37,390 | INFO | 01_build_trial_table | Subject 219/230 | ZM_2241 | session 1/5 | loading 465c44bd-2e67-4112-977b-36e1ac7e3f8c
2026-07-24 15:01:41,080 | INFO | 01_build_trial_table | Loaded 465c44bd-2e67-4112-977b-36e1ac7e3f8c | trials=484 | choices=476 | session time=4s | cumulative sessions=782/790 | cumulative trials=488641
2026-07-24 15:01:41,081 | INFO | 01_build_trial_table | Subject 219/230 | ZM_2241 | session 2/5 | loading e49d8ee7-24b9-416a-9d04-9be33b655f40
2026-07-24 15:01:44,151 | INFO | 01_build_trial_table | Loaded e49d8ee7-24b9-416a-9d04-9be33b655f40 | trials=510 | choices=509 | session time=3s | cumulative sessions=783/791 | cumulative trials=489151
2026-07-24 15:01:44,151 | INFO | 01_build_trial_table | Subject 219/230 | ZM_2241 | session 3/5 | loading ee40aece-cffd-4edb-a4b6-155f158c666a
2026-07-24 15:01:47,950 | INFO | 01_build_trial_table | Loaded ee40aece-cffd-4edb-a4b6-155f158c666a | trials=994 | choices=993 | session time=4s | cumulative sessions=784/792 | cumulative trials=490145
2026-07-24 15:01:47,950 | INFO | 01_build_trial_table | Subject 219/230 | ZM_2241 | session 4/5 | loading f8d5c8b0-b931-4151-b86c-c471e2e80e5d
2026-07-24 15:01:51,576 | INFO | 01_build_trial_table | Loaded f8d5c8b0-b931-4151-b86c-c471e2e80e5d | trials=787 | choices=787 | session time=4s | cumulative sessions=785/793 | cumulative trials=490932
2026-07-24 15:01:51,576 | INFO | 01_build_trial_table | Subject 219/230 | ZM_2241 | session 5/5 | loading ff4187b5-4176-4e39-8894-53a24b7cf36b
2026-07-24 15:01:54,999 | INFO | 01_build_trial_table | Loaded ff4187b5-4176-4e39-8894-53a24b7cf36b | trials=872 | choices=872 | session time=3s | cumulative sessions=786/794 | cumulative trials=491804
2026-07-24 15:01:55,000 | INFO | 01_build_trial_table | Subject 219/230 | ZM_2241 complete | elapsed=21s | total loaded sessions=786 | total trials=491804
2026-07-24 15:01:55,000 | INFO | 01_build_trial_table | Subject 220/230 | ZM_2245 | starting discovery
2026-07-24 15:01:55,859 | INFO | 01_build_trial_table | Subject ZM_2245: querying left-camera DLC sessions
2026-07-24 15:01:56,268 | INFO | 01_build_trial_table | Subject ZM_2245: checking task protocol for 1 DLC sessions
2026-07-24 15:01:56,673 | INFO | 01_build_trial_table | Subject ZM_2245: protocol checks 1/1 (1 ChoiceWorld)
2026-07-24 15:01:56,674 | INFO | 01_build_trial_table | Subject ZM_2245: querying raw left-camera video sessions
2026-07-24 15:01:57,083 | INFO | 01_build_trial_table | Subject ZM_2245: found 1 raw-video sessions
2026-07-24 15:01:57,083 | INFO | 01_build_trial_table | Subject 220/230 | ZM_2245 | 1 ChoiceWorld DLC sessions; 1 video sessions
2026-07-24 15:01:57,084 | INFO | 01_build_trial_table | Subject 220/230 | ZM_2245 | session 1/1 | loading cb2ad999-a6cb-42ff-bf71-1774c57e5308
2026-07-24 15:02:00,602 | INFO | 01_build_trial_table | Loaded cb2ad999-a6cb-42ff-bf71-1774c57e5308 | trials=872 | choices=872 | session time=4s | cumulative sessions=787/795 | cumulative trials=492676
2026-07-24 15:02:00,602 | INFO | 01_build_trial_table | Subject 220/230 | ZM_2245 complete | elapsed=6s | total loaded sessions=787 | total trials=492676
2026-07-24 15:02:00,603 | INFO | 01_build_trial_table | Subject 221/230 | ZM_3001 | starting discovery
2026-07-24 15:02:01,600 | INFO | 01_build_trial_table | Subject ZM_3001: querying left-camera DLC sessions
2026-07-24 15:02:02,243 | INFO | 01_build_trial_table | Subject ZM_3001: checking task protocol for 1 DLC sessions
2026-07-24 15:02:02,681 | INFO | 01_build_trial_table | Subject ZM_3001: protocol checks 1/1 (1 ChoiceWorld)
2026-07-24 15:02:02,681 | INFO | 01_build_trial_table | Subject ZM_3001: querying raw left-camera video sessions
2026-07-24 15:02:03,126 | INFO | 01_build_trial_table | Subject ZM_3001: found 1 raw-video sessions
2026-07-24 15:02:03,126 | INFO | 01_build_trial_table | Subject 221/230 | ZM_3001 | 1 ChoiceWorld DLC sessions; 1 video sessions
2026-07-24 15:02:03,126 | INFO | 01_build_trial_table | Subject 221/230 | ZM_3001 | session 1/1 | loading c7248e09-8c0d-40f2-9eb4-700a8973d8c8
2026-07-24 15:02:05,444 | INFO | 01_build_trial_table | Loaded c7248e09-8c0d-40f2-9eb4-700a8973d8c8 | trials=780 | choices=780 | session time=2s | cumulative sessions=788/796 | cumulative trials=493456
2026-07-24 15:02:05,445 | INFO | 01_build_trial_table | Subject 221/230 | ZM_3001 complete | elapsed=5s | total loaded sessions=788 | total trials=493456
2026-07-24 15:02:05,445 | INFO | 01_build_trial_table | Subject 222/230 | ZM_3003 | starting discovery
2026-07-24 15:02:06,282 | INFO | 01_build_trial_table | Subject ZM_3003: querying left-camera DLC sessions
2026-07-24 15:02:06,688 | INFO | 01_build_trial_table | Subject ZM_3003: checking task protocol for 2 DLC sessions
2026-07-24 15:02:07,460 | INFO | 01_build_trial_table | Subject ZM_3003: protocol checks 2/2 (2 ChoiceWorld)
2026-07-24 15:02:07,461 | INFO | 01_build_trial_table | Subject ZM_3003: querying raw left-camera video sessions
2026-07-24 15:02:07,868 | INFO | 01_build_trial_table | Subject ZM_3003: found 2 raw-video sessions
2026-07-24 15:02:07,869 | INFO | 01_build_trial_table | Subject 222/230 | ZM_3003 | 2 ChoiceWorld DLC sessions; 2 video sessions
2026-07-24 15:02:07,869 | INFO | 01_build_trial_table | Subject 222/230 | ZM_3003 | session 1/2 | loading 934dd7a4-fbdc-459c-8830-04fe9033bc28
2026-07-24 15:02:11,399 | INFO | 01_build_trial_table | Loaded 934dd7a4-fbdc-459c-8830-04fe9033bc28 | trials=688 | choices=688 | session time=4s | cumulative sessions=789/797 | cumulative trials=494144
2026-07-24 15:02:11,399 | INFO | 01_build_trial_table | Subject 222/230 | ZM_3003 | session 2/2 | loading fe1fd79f-b051-411f-a0a9-2530a02cc78d
2026-07-24 15:02:14,800 | INFO | 01_build_trial_table | Loaded fe1fd79f-b051-411f-a0a9-2530a02cc78d | trials=548 | choices=548 | session time=3s | cumulative sessions=790/798 | cumulative trials=494692
2026-07-24 15:02:14,800 | INFO | 01_build_trial_table | Subject 222/230 | ZM_3003 complete | elapsed=9s | total loaded sessions=790 | total trials=494692
2026-07-24 15:02:14,800 | INFO | 01_build_trial_table | Subject 223/230 | ibl_witten_13 | starting discovery
2026-07-24 15:02:15,924 | INFO | 01_build_trial_table | Subject ibl_witten_13: querying left-camera DLC sessions
2026-07-24 15:02:16,332 | INFO | 01_build_trial_table | Subject ibl_witten_13: checking task protocol for 2 DLC sessions
2026-07-24 15:02:17,106 | INFO | 01_build_trial_table | Subject ibl_witten_13: protocol checks 2/2 (2 ChoiceWorld)
2026-07-24 15:02:17,106 | INFO | 01_build_trial_table | Subject ibl_witten_13: querying raw left-camera video sessions
2026-07-24 15:02:17,508 | INFO | 01_build_trial_table | Subject ibl_witten_13: found 2 raw-video sessions
2026-07-24 15:02:17,508 | INFO | 01_build_trial_table | Subject 223/230 | ibl_witten_13 | 2 ChoiceWorld DLC sessions; 2 video sessions
2026-07-24 15:02:17,508 | INFO | 01_build_trial_table | Subject 223/230 | ibl_witten_13 | session 1/2 | loading 49368f16-de69-4647-9a7a-761e94517821
2026-07-24 15:02:20,149 | INFO | 01_build_trial_table | Loaded 49368f16-de69-4647-9a7a-761e94517821 | trials=544 | choices=538 | session time=3s | cumulative sessions=791/799 | cumulative trials=495236
2026-07-24 15:02:20,149 | INFO | 01_build_trial_table | Subject 223/230 | ibl_witten_13 | session 2/2 | loading 5139ce2c-7d52-44bf-8129-692d61dd6403
2026-07-24 15:02:23,573 | INFO | 01_build_trial_table | Loaded 5139ce2c-7d52-44bf-8129-692d61dd6403 | trials=1026 | choices=1024 | session time=3s | cumulative sessions=792/800 | cumulative trials=496262
2026-07-24 15:02:23,573 | INFO | 01_build_trial_table | Subject 223/230 | ibl_witten_13 complete | elapsed=9s | total loaded sessions=792 | total trials=496262
2026-07-24 15:02:23,573 | INFO | 01_build_trial_table | Subject 224/230 | ibl_witten_18 | starting discovery
2026-07-24 15:02:24,449 | INFO | 01_build_trial_table | Subject ibl_witten_18: querying left-camera DLC sessions
2026-07-24 15:02:25,137 | INFO | 01_build_trial_table | Subject ibl_witten_18: checking task protocol for 3 DLC sessions
2026-07-24 15:02:26,299 | INFO | 01_build_trial_table | Subject ibl_witten_18: protocol checks 3/3 (3 ChoiceWorld)
2026-07-24 15:02:26,300 | INFO | 01_build_trial_table | Subject ibl_witten_18: querying raw left-camera video sessions
2026-07-24 15:02:26,703 | INFO | 01_build_trial_table | Subject ibl_witten_18: found 3 raw-video sessions
2026-07-24 15:02:26,703 | INFO | 01_build_trial_table | Subject 224/230 | ibl_witten_18 | 3 ChoiceWorld DLC sessions; 3 video sessions
2026-07-24 15:02:26,703 | INFO | 01_build_trial_table | Subject 224/230 | ibl_witten_18 | session 1/3 | loading 25f77e81-c1af-46ab-8686-73ac3d67c4a7
2026-07-24 15:02:29,392 | INFO | 01_build_trial_table | Loaded 25f77e81-c1af-46ab-8686-73ac3d67c4a7 | trials=1014 | choices=1014 | session time=3s | cumulative sessions=793/801 | cumulative trials=497276
2026-07-24 15:02:29,393 | INFO | 01_build_trial_table | Subject 224/230 | ibl_witten_18 | session 2/3 | loading 4ef13091-1bc8-4f32-9619-107bdf48540c
2026-07-24 15:02:32,105 | INFO | 01_build_trial_table | Loaded 4ef13091-1bc8-4f32-9619-107bdf48540c | trials=861 | choices=860 | session time=3s | cumulative sessions=794/802 | cumulative trials=498137
2026-07-24 15:02:32,106 | INFO | 01_build_trial_table | Subject 224/230 | ibl_witten_18 | session 3/3 | loading cae5cd75-55e5-4277-8db3-cf4d6c5ff918
2026-07-24 15:02:34,851 | INFO | 01_build_trial_table | Loaded cae5cd75-55e5-4277-8db3-cf4d6c5ff918 | trials=498 | choices=498 | session time=3s | cumulative sessions=795/803 | cumulative trials=498635
2026-07-24 15:02:34,852 | INFO | 01_build_trial_table | Subject 224/230 | ibl_witten_18 complete | elapsed=11s | total loaded sessions=795 | total trials=498635
2026-07-24 15:02:34,852 | INFO | 01_build_trial_table | Subject 225/230 | ibl_witten_20 | starting discovery
2026-07-24 15:02:35,678 | INFO | 01_build_trial_table | Subject ibl_witten_20: querying left-camera DLC sessions
2026-07-24 15:02:36,153 | INFO | 01_build_trial_table | Subject ibl_witten_20: checking task protocol for 3 DLC sessions
2026-07-24 15:02:37,307 | INFO | 01_build_trial_table | Subject ibl_witten_20: protocol checks 3/3 (3 ChoiceWorld)
2026-07-24 15:02:37,308 | INFO | 01_build_trial_table | Subject ibl_witten_20: querying raw left-camera video sessions
2026-07-24 15:02:37,716 | INFO | 01_build_trial_table | Subject ibl_witten_20: found 3 raw-video sessions
2026-07-24 15:02:37,716 | INFO | 01_build_trial_table | Subject 225/230 | ibl_witten_20 | 3 ChoiceWorld DLC sessions; 3 video sessions
2026-07-24 15:02:37,716 | INFO | 01_build_trial_table | Subject 225/230 | ibl_witten_20 | session 1/3 | loading 037d75ca-c90a-43f2-aca6-e86611916779
2026-07-24 15:02:40,400 | INFO | 01_build_trial_table | Loaded 037d75ca-c90a-43f2-aca6-e86611916779 | trials=842 | choices=831 | session time=3s | cumulative sessions=796/804 | cumulative trials=499477
2026-07-24 15:02:40,400 | INFO | 01_build_trial_table | Subject 225/230 | ibl_witten_20 | session 2/3 | loading a7763417-e0d6-4f2a-aa55-e382fd9b5fb8
2026-07-24 15:02:43,905 | INFO | 01_build_trial_table | Loaded a7763417-e0d6-4f2a-aa55-e382fd9b5fb8 | trials=972 | choices=970 | session time=4s | cumulative sessions=797/805 | cumulative trials=500449
2026-07-24 15:02:43,905 | INFO | 01_build_trial_table | Subject 225/230 | ibl_witten_20 | session 3/3 | loading e12fbe11-8a6b-4bf6-a955-e5f6cec31ef1
2026-07-24 15:02:46,783 | INFO | 01_build_trial_table | Loaded e12fbe11-8a6b-4bf6-a955-e5f6cec31ef1 | trials=1065 | choices=1053 | session time=3s | cumulative sessions=798/806 | cumulative trials=501514
2026-07-24 15:02:46,783 | INFO | 01_build_trial_table | Subject 225/230 | ibl_witten_20 complete | elapsed=12s | total loaded sessions=798 | total trials=501514
2026-07-24 15:02:46,783 | INFO | 01_build_trial_table | Subject 226/230 | ibl_witten_25 | starting discovery
2026-07-24 15:02:47,339 | INFO | 01_build_trial_table | Subject ibl_witten_25: querying left-camera DLC sessions
2026-07-24 15:02:47,741 | INFO | 01_build_trial_table | Subject ibl_witten_25: checking task protocol for 2 DLC sessions
2026-07-24 15:02:48,546 | INFO | 01_build_trial_table | Subject ibl_witten_25: protocol checks 2/2 (2 ChoiceWorld)
2026-07-24 15:02:48,546 | INFO | 01_build_trial_table | Subject ibl_witten_25: querying raw left-camera video sessions
2026-07-24 15:02:48,945 | INFO | 01_build_trial_table | Subject ibl_witten_25: found 2 raw-video sessions
2026-07-24 15:02:48,945 | INFO | 01_build_trial_table | Subject 226/230 | ibl_witten_25 | 2 ChoiceWorld DLC sessions; 2 video sessions
2026-07-24 15:02:48,945 | INFO | 01_build_trial_table | Subject 226/230 | ibl_witten_25 | session 1/2 | loading 5285c561-80da-4563-8694-739da92e5dd0
2026-07-24 15:02:52,438 | INFO | 01_build_trial_table | Loaded 5285c561-80da-4563-8694-739da92e5dd0 | trials=563 | choices=563 | session time=3s | cumulative sessions=799/807 | cumulative trials=502077
2026-07-24 15:02:52,438 | INFO | 01_build_trial_table | Subject 226/230 | ibl_witten_25 | session 2/2 | loading d9f0c293-df4c-410a-846d-842e47c6b502
2026-07-24 15:02:54,799 | INFO | 01_build_trial_table | Loaded d9f0c293-df4c-410a-846d-842e47c6b502 | trials=401 | choices=389 | session time=2s | cumulative sessions=800/808 | cumulative trials=502478
2026-07-24 15:02:54,799 | INFO | 01_build_trial_table | Subject 226/230 | ibl_witten_25 complete | elapsed=8s | total loaded sessions=800 | total trials=502478
2026-07-24 15:02:54,799 | INFO | 01_build_trial_table | Subject 227/230 | ibl_witten_26 | starting discovery
2026-07-24 15:02:55,592 | INFO | 01_build_trial_table | Subject ibl_witten_26: querying left-camera DLC sessions
2026-07-24 15:02:56,013 | INFO | 01_build_trial_table | Subject ibl_witten_26: checking task protocol for 5 DLC sessions
2026-07-24 15:02:57,986 | INFO | 01_build_trial_table | Subject ibl_witten_26: protocol checks 5/5 (5 ChoiceWorld)
2026-07-24 15:02:57,986 | INFO | 01_build_trial_table | Subject ibl_witten_26: querying raw left-camera video sessions
2026-07-24 15:02:58,395 | INFO | 01_build_trial_table | Subject ibl_witten_26: found 5 raw-video sessions
2026-07-24 15:02:58,395 | INFO | 01_build_trial_table | Subject 227/230 | ibl_witten_26 | 5 ChoiceWorld DLC sessions; 5 video sessions
2026-07-24 15:02:58,395 | INFO | 01_build_trial_table | Subject 227/230 | ibl_witten_26 | session 1/5 | loading 09394481-8dd2-4d5c-9327-f2753ede92d7
2026-07-24 15:03:02,099 | INFO | 01_build_trial_table | Loaded 09394481-8dd2-4d5c-9327-f2753ede92d7 | trials=912 | choices=908 | session time=4s | cumulative sessions=801/809 | cumulative trials=503390
2026-07-24 15:03:02,099 | INFO | 01_build_trial_table | Subject 227/230 | ibl_witten_26 | session 2/5 | loading 8c2f7f4d-7346-42a4-a715-4d37a5208535
2026-07-24 15:03:04,973 | INFO | 01_build_trial_table | Loaded 8c2f7f4d-7346-42a4-a715-4d37a5208535 | trials=471 | choices=471 | session time=3s | cumulative sessions=802/810 | cumulative trials=503861
2026-07-24 15:03:04,974 | INFO | 01_build_trial_table | Subject 227/230 | ibl_witten_26 | session 3/5 | loading a9138924-4395-4981-83d1-530f6ff7c8fc
2026-07-24 15:03:08,573 | INFO | 01_build_trial_table | Loaded a9138924-4395-4981-83d1-530f6ff7c8fc | trials=884 | choices=875 | session time=4s | cumulative sessions=803/811 | cumulative trials=504745
2026-07-24 15:03:08,574 | INFO | 01_build_trial_table | Subject 227/230 | ibl_witten_26 | session 4/5 | loading dc21e80d-97d7-44ca-a729-a8e3f9b14305
2026-07-24 15:03:11,381 | INFO | 01_build_trial_table | Loaded dc21e80d-97d7-44ca-a729-a8e3f9b14305 | trials=1111 | choices=1106 | session time=3s | cumulative sessions=804/812 | cumulative trials=505856
2026-07-24 15:03:11,381 | INFO | 01_build_trial_table | Subject 227/230 | ibl_witten_26 | session 5/5 | loading ff96bfe1-d925-4553-94b5-bf8297adf259
2026-07-24 15:03:15,307 | INFO | 01_build_trial_table | Loaded ff96bfe1-d925-4553-94b5-bf8297adf259 | trials=426 | choices=426 | session time=4s | cumulative sessions=805/813 | cumulative trials=506282
2026-07-24 15:03:15,307 | INFO | 01_build_trial_table | Subject 227/230 | ibl_witten_26 complete | elapsed=21s | total loaded sessions=805 | total trials=506282
2026-07-24 15:03:15,307 | INFO | 01_build_trial_table | Subject 228/230 | ibl_witten_27 | starting discovery
2026-07-24 15:03:16,036 | INFO | 01_build_trial_table | Subject ibl_witten_27: querying left-camera DLC sessions
2026-07-24 15:03:16,448 | INFO | 01_build_trial_table | Subject ibl_witten_27: checking task protocol for 5 DLC sessions
2026-07-24 15:03:18,399 | INFO | 01_build_trial_table | Subject ibl_witten_27: protocol checks 5/5 (5 ChoiceWorld)
2026-07-24 15:03:18,399 | INFO | 01_build_trial_table | Subject ibl_witten_27: querying raw left-camera video sessions
2026-07-24 15:03:18,807 | INFO | 01_build_trial_table | Subject ibl_witten_27: found 5 raw-video sessions
2026-07-24 15:03:18,807 | INFO | 01_build_trial_table | Subject 228/230 | ibl_witten_27 | 5 ChoiceWorld DLC sessions; 5 video sessions
2026-07-24 15:03:18,807 | INFO | 01_build_trial_table | Subject 228/230 | ibl_witten_27 | session 1/5 | loading 25d1920e-a2af-4b6c-9f2e-fc6c65576544
2026-07-24 15:03:22,466 | INFO | 01_build_trial_table | Loaded 25d1920e-a2af-4b6c-9f2e-fc6c65576544 | trials=401 | choices=401 | session time=4s | cumulative sessions=806/814 | cumulative trials=506683
2026-07-24 15:03:22,467 | INFO | 01_build_trial_table | Subject 228/230 | ibl_witten_27 | session 2/5 | loading 73918ae1-e4fd-4c18-b132-00cb555b1ad2
2026-07-24 15:03:26,129 | INFO | 01_build_trial_table | Loaded 73918ae1-e4fd-4c18-b132-00cb555b1ad2 | trials=625 | choices=625 | session time=4s | cumulative sessions=807/815 | cumulative trials=507308
2026-07-24 15:03:26,129 | INFO | 01_build_trial_table | Subject 228/230 | ibl_witten_27 | session 3/5 | loading 91e04f86-89df-4dec-a8f8-fa915c9a5f1a
2026-07-24 15:03:28,877 | INFO | 01_build_trial_table | Loaded 91e04f86-89df-4dec-a8f8-fa915c9a5f1a | trials=548 | choices=548 | session time=3s | cumulative sessions=808/816 | cumulative trials=507856
2026-07-24 15:03:28,877 | INFO | 01_build_trial_table | Subject 228/230 | ibl_witten_27 | session 4/5 | loading 952870e5-f2a7-4518-9e6d-71585460f6fe
2026-07-24 15:03:32,451 | INFO | 01_build_trial_table | Loaded 952870e5-f2a7-4518-9e6d-71585460f6fe | trials=906 | choices=906 | session time=4s | cumulative sessions=809/817 | cumulative trials=508762
2026-07-24 15:03:32,452 | INFO | 01_build_trial_table | Subject 228/230 | ibl_witten_27 | session 5/5 | loading f304211a-81b1-446f-a435-25e589fe3a5a
2026-07-24 15:03:35,958 | INFO | 01_build_trial_table | Loaded f304211a-81b1-446f-a435-25e589fe3a5a | trials=1016 | choices=1016 | session time=4s | cumulative sessions=810/818 | cumulative trials=509778
2026-07-24 15:03:35,958 | INFO | 01_build_trial_table | Subject 228/230 | ibl_witten_27 complete | elapsed=21s | total loaded sessions=810 | total trials=509778
2026-07-24 15:03:35,959 | INFO | 01_build_trial_table | Subject 229/230 | ibl_witten_29 | starting discovery
2026-07-24 15:03:36,754 | INFO | 01_build_trial_table | Subject ibl_witten_29: querying left-camera DLC sessions
2026-07-24 15:03:37,182 | INFO | 01_build_trial_table | Subject ibl_witten_29: checking task protocol for 9 DLC sessions
2026-07-24 15:03:40,722 | INFO | 01_build_trial_table | Subject ibl_witten_29: protocol checks 9/9 (9 ChoiceWorld)
2026-07-24 15:03:40,722 | INFO | 01_build_trial_table | Subject ibl_witten_29: querying raw left-camera video sessions
2026-07-24 15:03:41,142 | INFO | 01_build_trial_table | Subject ibl_witten_29: found 9 raw-video sessions
2026-07-24 15:03:41,142 | INFO | 01_build_trial_table | Subject 229/230 | ibl_witten_29 | 9 ChoiceWorld DLC sessions; 9 video sessions
2026-07-24 15:03:41,142 | INFO | 01_build_trial_table | Subject 229/230 | ibl_witten_29 | session 1/9 | loading 0cc486c3-8c7b-494d-aa04-b70e2690bcba
2026-07-24 15:03:44,781 | INFO | 01_build_trial_table | Loaded 0cc486c3-8c7b-494d-aa04-b70e2690bcba | trials=563 | choices=562 | session time=4s | cumulative sessions=811/819 | cumulative trials=510341
2026-07-24 15:03:44,782 | INFO | 01_build_trial_table | Subject 229/230 | ibl_witten_29 | session 2/9 | loading 58b1e920-cfc8-467e-b28b-7654a55d0977
2026-07-24 15:03:47,700 | INFO | 01_build_trial_table | Loaded 58b1e920-cfc8-467e-b28b-7654a55d0977 | trials=728 | choices=727 | session time=3s | cumulative sessions=812/820 | cumulative trials=511069
2026-07-24 15:03:47,700 | INFO | 01_build_trial_table | Subject 229/230 | ibl_witten_29 | session 3/9 | loading 69a0e953-a643-4f0e-bb26-dc65af3ea7d7
2026-07-24 15:03:50,555 | INFO | 01_build_trial_table | Loaded 69a0e953-a643-4f0e-bb26-dc65af3ea7d7 | trials=596 | choices=593 | session time=3s | cumulative sessions=813/821 | cumulative trials=511665
2026-07-24 15:03:50,555 | INFO | 01_build_trial_table | Subject 229/230 | ibl_witten_29 | session 4/9 | loading 72028382-a869-4745-bacf-cb8789e16953
2026-07-24 15:03:53,385 | INFO | 01_build_trial_table | Loaded 72028382-a869-4745-bacf-cb8789e16953 | trials=986 | choices=986 | session time=3s | cumulative sessions=814/822 | cumulative trials=512651
2026-07-24 15:03:53,386 | INFO | 01_build_trial_table | Subject 229/230 | ibl_witten_29 | session 5/9 | loading 821f1883-27f3-411d-afd3-fb8241bbc39a
2026-07-24 15:03:56,454 | INFO | 01_build_trial_table | Loaded 821f1883-27f3-411d-afd3-fb8241bbc39a | trials=592 | choices=592 | session time=3s | cumulative sessions=815/823 | cumulative trials=513243
2026-07-24 15:03:56,454 | INFO | 01_build_trial_table | Subject 229/230 | ibl_witten_29 | session 6/9 | loading 86b6ba67-c1db-4333-add0-f8105ea6e363
2026-07-24 15:03:59,987 | INFO | 01_build_trial_table | Loaded 86b6ba67-c1db-4333-add0-f8105ea6e363 | trials=565 | choices=565 | session time=4s | cumulative sessions=816/824 | cumulative trials=513808
2026-07-24 15:03:59,988 | INFO | 01_build_trial_table | Subject 229/230 | ibl_witten_29 | session 7/9 | loading af55d16f-0e31-4073-bdb5-26da54914aa2
2026-07-24 15:04:03,966 | INFO | 01_build_trial_table | Loaded af55d16f-0e31-4073-bdb5-26da54914aa2 | trials=1118 | choices=1118 | session time=4s | cumulative sessions=817/825 | cumulative trials=514926
2026-07-24 15:04:03,966 | INFO | 01_build_trial_table | Subject 229/230 | ibl_witten_29 | session 8/9 | loading d2832a38-27f6-452d-91d6-af72d794136c
2026-07-24 15:04:07,072 | INFO | 01_build_trial_table | Loaded d2832a38-27f6-452d-91d6-af72d794136c | trials=663 | choices=663 | session time=3s | cumulative sessions=818/826 | cumulative trials=515589
2026-07-24 15:04:07,073 | INFO | 01_build_trial_table | Subject 229/230 | ibl_witten_29 | session 9/9 | loading e9fc0a2d-c69d-44d1-9fa3-314782387cae
2026-07-24 15:04:09,903 | INFO | 01_build_trial_table | Loaded e9fc0a2d-c69d-44d1-9fa3-314782387cae | trials=430 | choices=429 | session time=3s | cumulative sessions=819/827 | cumulative trials=516019
2026-07-24 15:04:09,903 | INFO | 01_build_trial_table | Subject 229/230 | ibl_witten_29 complete | elapsed=34s | total loaded sessions=819 | total trials=516019
2026-07-24 15:04:09,903 | INFO | 01_build_trial_table | Subject 230/230 | ibl_witten_32 | starting discovery
2026-07-24 15:04:10,675 | INFO | 01_build_trial_table | Subject ibl_witten_32: querying left-camera DLC sessions
2026-07-24 15:04:11,088 | INFO | 01_build_trial_table | Subject ibl_witten_32: checking task protocol for 1 DLC sessions
2026-07-24 15:04:11,474 | INFO | 01_build_trial_table | Subject ibl_witten_32: protocol checks 1/1 (1 ChoiceWorld)
2026-07-24 15:04:11,475 | INFO | 01_build_trial_table | Subject ibl_witten_32: querying raw left-camera video sessions
2026-07-24 15:04:11,879 | INFO | 01_build_trial_table | Subject ibl_witten_32: found 1 raw-video sessions
2026-07-24 15:04:11,880 | INFO | 01_build_trial_table | Subject 230/230 | ibl_witten_32 | 1 ChoiceWorld DLC sessions; 1 video sessions
2026-07-24 15:04:11,880 | INFO | 01_build_trial_table | Subject 230/230 | ibl_witten_32 | session 1/1 | loading 08102cfc-a040-4bcf-b63c-faa0f4914a6f
2026-07-24 15:04:14,644 | INFO | 01_build_trial_table | Loaded 08102cfc-a040-4bcf-b63c-faa0f4914a6f | trials=406 | choices=397 | session time=3s | cumulative sessions=820/828 | cumulative trials=516425
2026-07-24 15:04:14,644 | INFO | 01_build_trial_table | Subject 230/230 | ibl_witten_32 complete | elapsed=5s | total loaded sessions=820 | total trials=516425
2026-07-24 15:04:15,005 | INFO | 01_build_trial_table | All session loads finished | successful=820/828 | raw trials=516425 | elapsed=53m 55s
2026-07-24 15:04:15,182 | INFO | 01_build_trial_table | Subject QC retained 162/229 subjects and 472728 trials
2026-07-24 15:04:15,865 | INFO | 01_build_trial_table | Stage 1 complete: {'subjects': 162, 'sessions': 721, 'trials': 472728, 'choice_trials': 468521}
