2026-07-24 15:13:26,008 | INFO | 02_preprocess_pupil | Stage 2 complete: 2809 trials, 3 sessions, 3 usable traces
2026-07-24 15:21:44,836 | WARNING | 02_preprocess_pupil | Pupil processing failed for 037d75ca-c90a-43f2-aca6-e86611916779: Raw pupil diameter for left is too often NaN, cannot smooth.
2026-07-24 15:22:39,241 | WARNING | 02_preprocess_pupil | Pupil processing failed for 044be2f4-e898-404c-91e2-1285cbada2cd: Raw pupil diameter for left is too often NaN, cannot smooth.
2026-07-24 15:24:04,515 | WARNING | 02_preprocess_pupil | Pupil processing failed for 05db35ff-68a2-4049-a586-11e8a2cccbf2: Raw pupil diameter for left is too often NaN, cannot smooth.
2026-07-24 15:26:11,338 | WARNING | 02_preprocess_pupil | Pupil processing failed for 088f44ce-926e-4a3a-808d-3f1e1a595c6f: Raw pupil diameter for left is too often NaN, cannot smooth.
2026-07-24 15:27:41,783 | WARNING | 02_preprocess_pupil | Pupil processing failed for 09f836ad-8105-464a-a55d-70c49e6e6def: Raw pupil diameter for left is too often NaN, cannot smooth.
2026-07-24 15:39:52,319 | WARNING | 02_preprocess_pupil | Pupil processing failed for 12046ccd-b737-4c01-bc70-400f3b69291b: Raw pupil diameter for left is too often NaN, cannot smooth.
2026-07-24 15:42:27,423 | WARNING | 02_preprocess_pupil | Pupil processing failed for 15763234-d21e-491f-a01b-1238eb96d389: Raw pupil diameter for left is too often NaN, cannot smooth.
2026-07-24 15:52:08,871 | INFO | 02_preprocess_pupil | Stage 2 starting | pid=29360 | log=C:\Users\alext\Documents\2026_NMA\nma_pipeline_refactor\output\logs\02_preprocess_pupil.log | progress-every=1 | heartbeat=60s
2026-07-24 15:52:08,871 | INFO | 02_preprocess_pupil | Loading trial table from C:\Users\alext\Documents\2026_NMA\nma_pipeline_refactor\data\processed\trial_table.parquet
2026-07-24 15:52:08,999 | INFO | 02_preprocess_pupil | Stage 2 input ready | trials=472728 | sessions=721 | subjects=162 | cache=C:\Users\alext\Documents\2026_NMA\nma_pipeline_refactor\data\interim\pupil_traces | offline=False | force=False
2026-07-24 15:52:08,999 | INFO | 02_preprocess_pupil | Initializing ONE client
2026-07-24 15:52:09,147 | INFO | 02_preprocess_pupil | ONE client ready
2026-07-24 15:52:09,206 | INFO | 02_preprocess_pupil | Session 1/721 | MFD_05 | 004d8fd5-41e7-4f1b-a45b-0d4ad76fe446 | trials=692 | expected source=cache | starting
2026-07-24 15:52:09,206 | INFO | 02_preprocess_pupil | Session 1/721 | MFD_05 | 004d8fd5-41e7-4f1b-a45b-0d4ad76fe446 | loading cached trace 004d8fd5-41e7-4f1b-a45b-0d4ad76fe446.npz | size=5.7 MB
2026-07-24 15:52:09,235 | INFO | 02_preprocess_pupil | Session 1/721 | MFD_05 | 004d8fd5-41e7-4f1b-a45b-0d4ad76fe446 | cached trace loaded | samples=299749 | cleaned missing=5.9%
2026-07-24 15:52:09,236 | INFO | 02_preprocess_pupil | Session 1/721 | MFD_05 | 004d8fd5-41e7-4f1b-a45b-0d4ad76fe446 | extracting trial-level pupil features
2026-07-24 15:52:09,856 | INFO | 02_preprocess_pupil | Session 1/721 | MFD_05 | 004d8fd5-41e7-4f1b-a45b-0d4ad76fe446 | feature extraction complete | stimulus windows valid=79.0% | feedback windows valid=81.5%
2026-07-24 15:52:09,856 | INFO | 02_preprocess_pupil | Session 1/721 complete | status=success | source=cache | usable=True | missing=5.9% | session time=1s | cumulative trials=692/472728 | usable=1 | rejected=0 | failed=0 | elapsed=1s | ETA=11m 49s
2026-07-24 15:52:09,857 | INFO | 02_preprocess_pupil | Session 2/721 | NYU-57 | 005ff9c3-36d2-4b15-be6b-4ea5c564bc23 | trials=386 | expected source=cache | starting
2026-07-24 15:52:09,857 | INFO | 02_preprocess_pupil | Session 2/721 | NYU-57 | 005ff9c3-36d2-4b15-be6b-4ea5c564bc23 | loading cached trace 005ff9c3-36d2-4b15-be6b-4ea5c564bc23.npz | size=3.7 MB
2026-07-24 15:52:09,876 | INFO | 02_preprocess_pupil | Session 2/721 | NYU-57 | 005ff9c3-36d2-4b15-be6b-4ea5c564bc23 | cached trace loaded | samples=217723 | cleaned missing=23.8%
2026-07-24 15:52:09,877 | INFO | 02_preprocess_pupil | Session 2/721 | NYU-57 | 005ff9c3-36d2-4b15-be6b-4ea5c564bc23 | extracting trial-level pupil features
2026-07-24 15:52:10,127 | INFO | 02_preprocess_pupil | Session 2/721 | NYU-57 | 005ff9c3-36d2-4b15-be6b-4ea5c564bc23 | feature extraction complete | stimulus windows valid=43.3% | feedback windows valid=38.6%
2026-07-24 15:52:10,128 | INFO | 02_preprocess_pupil | Session 2/721 complete | status=success | source=cache | usable=True | missing=23.8% | session time=0s | cumulative trials=1078/472728 | usable=2 | rejected=0 | failed=0 | elapsed=1s | ETA=7m 32s
2026-07-24 15:52:10,128 | INFO | 02_preprocess_pupil | Session 3/721 | ZFM-02600 | 00c4ee96-3b51-4d6a-a3cc-442b637c9de1 | trials=866 | expected source=cache | starting
2026-07-24 15:52:10,129 | INFO | 02_preprocess_pupil | Session 3/721 | ZFM-02600 | 00c4ee96-3b51-4d6a-a3cc-442b637c9de1 | loading cached trace 00c4ee96-3b51-4d6a-a3cc-442b637c9de1.npz | size=2.4 MB
2026-07-24 15:52:10,142 | INFO | 02_preprocess_pupil | Session 3/721 | ZFM-02600 | 00c4ee96-3b51-4d6a-a3cc-442b637c9de1 | cached trace loaded | samples=153264 | cleaned missing=13.9%
2026-07-24 15:52:10,143 | INFO | 02_preprocess_pupil | Session 3/721 | ZFM-02600 | 00c4ee96-3b51-4d6a-a3cc-442b637c9de1 | extracting trial-level pupil features
2026-07-24 15:52:10,370 | INFO | 02_preprocess_pupil | Session 3/721 | ZFM-02600 | 00c4ee96-3b51-4d6a-a3cc-442b637c9de1 | feature extraction complete | stimulus windows valid=32.3% | feedback windows valid=32.8%
2026-07-24 15:52:10,371 | INFO | 02_preprocess_pupil | Session 3/721 complete | status=success | source=cache | usable=True | missing=13.9% | session time=0s | cumulative trials=1944/472728 | usable=3 | rejected=0 | failed=0 | elapsed=2s | ETA=5m 59s
2026-07-24 15:52:10,371 | INFO | 02_preprocess_pupil | Session 4/721 | ZFM-04122 | 0281772e-b4c1-4680-81af-f7a56f1870b9 | trials=833 | expected source=cache | starting
2026-07-24 15:52:10,372 | INFO | 02_preprocess_pupil | Session 4/721 | ZFM-04122 | 0281772e-b4c1-4680-81af-f7a56f1870b9 | loading cached trace 0281772e-b4c1-4680-81af-f7a56f1870b9.npz | size=4.7 MB
2026-07-24 15:52:10,397 | INFO | 02_preprocess_pupil | Session 4/721 | ZFM-04122 | 0281772e-b4c1-4680-81af-f7a56f1870b9 | cached trace loaded | samples=286219 | cleaned missing=11.1%
2026-07-24 15:52:10,399 | INFO | 02_preprocess_pupil | Session 4/721 | ZFM-04122 | 0281772e-b4c1-4680-81af-f7a56f1870b9 | extracting trial-level pupil features
2026-07-24 15:52:11,108 | INFO | 02_preprocess_pupil | Session 4/721 | ZFM-04122 | 0281772e-b4c1-4680-81af-f7a56f1870b9 | feature extraction complete | stimulus windows valid=72.0% | feedback windows valid=65.1%
2026-07-24 15:52:11,108 | INFO | 02_preprocess_pupil | Session 4/721 complete | status=success | source=cache | usable=True | missing=11.1% | session time=1s | cumulative trials=2777/472728 | usable=4 | rejected=0 | failed=0 | elapsed=2s | ETA=6m 41s
2026-07-24 15:52:11,109 | INFO | 02_preprocess_pupil | Session 5/721 | CSP015 | 02ee1a4e-8a32-4575-943b-265d2d8ffe14 | trials=898 | expected source=cache | starting
2026-07-24 15:52:11,109 | INFO | 02_preprocess_pupil | Session 5/721 | CSP015 | 02ee1a4e-8a32-4575-943b-265d2d8ffe14 | loading cached trace 02ee1a4e-8a32-4575-943b-265d2d8ffe14.npz | size=9.8 MB
2026-07-24 15:52:11,156 | INFO | 02_preprocess_pupil | Session 5/721 | CSP015 | 02ee1a4e-8a32-4575-943b-265d2d8ffe14 | cached trace loaded | samples=513761 | cleaned missing=7.2%
2026-07-24 15:52:11,158 | INFO | 02_preprocess_pupil | Session 5/721 | CSP015 | 02ee1a4e-8a32-4575-943b-265d2d8ffe14 | extracting trial-level pupil features
2026-07-24 15:52:12,369 | INFO | 02_preprocess_pupil | Session 5/721 | CSP015 | 02ee1a4e-8a32-4575-943b-265d2d8ffe14 | feature extraction complete | stimulus windows valid=76.8% | feedback windows valid=76.7%
2026-07-24 15:52:12,369 | INFO | 02_preprocess_pupil | Session 5/721 complete | status=success | source=cache | usable=True | missing=7.2% | session time=1s | cumulative trials=3675/472728 | usable=5 | rejected=0 | failed=0 | elapsed=3s | ETA=8m 21s
2026-07-24 15:52:12,370 | INFO | 02_preprocess_pupil | Session 6/721 | DY_010 | 02fbb6da-3034-47d6-a61b-7d06c796a830 | trials=646 | expected source=cache | starting
2026-07-24 15:52:12,371 | INFO | 02_preprocess_pupil | Session 6/721 | DY_010 | 02fbb6da-3034-47d6-a61b-7d06c796a830 | loading cached trace 02fbb6da-3034-47d6-a61b-7d06c796a830.npz | size=3.2 MB
2026-07-24 15:52:12,387 | INFO | 02_preprocess_pupil | Session 6/721 | DY_010 | 02fbb6da-3034-47d6-a61b-7d06c796a830 | cached trace loaded | samples=174360 | cleaned missing=3.8%
2026-07-24 15:52:12,389 | INFO | 02_preprocess_pupil | Session 6/721 | DY_010 | 02fbb6da-3034-47d6-a61b-7d06c796a830 | extracting trial-level pupil features
2026-07-24 15:52:12,744 | INFO | 02_preprocess_pupil | Session 6/721 | DY_010 | 02fbb6da-3034-47d6-a61b-7d06c796a830 | feature extraction complete | stimulus windows valid=82.5% | feedback windows valid=84.5%
2026-07-24 15:52:12,744 | INFO | 02_preprocess_pupil | Session 6/721 complete | status=success | source=cache | usable=True | missing=3.8% | session time=0s | cumulative trials=4321/472728 | usable=6 | rejected=0 | failed=0 | elapsed=4s | ETA=7m 42s
2026-07-24 15:52:12,745 | INFO | 02_preprocess_pupil | Session 7/721 | SWC_038 | 03063955-2523-47bd-ae57-f7489dd40f15 | trials=867 | expected source=cache | starting
2026-07-24 15:52:12,747 | INFO | 02_preprocess_pupil | Session 7/721 | SWC_038 | 03063955-2523-47bd-ae57-f7489dd40f15 | loading cached trace 03063955-2523-47bd-ae57-f7489dd40f15.npz | size=6.8 MB
2026-07-24 15:52:12,779 | INFO | 02_preprocess_pupil | Session 7/721 | SWC_038 | 03063955-2523-47bd-ae57-f7489dd40f15 | cached trace loaded | samples=357631 | cleaned missing=6.1%
2026-07-24 15:52:12,781 | INFO | 02_preprocess_pupil | Session 7/721 | SWC_038 | 03063955-2523-47bd-ae57-f7489dd40f15 | extracting trial-level pupil features
2026-07-24 15:52:13,708 | INFO | 02_preprocess_pupil | Session 7/721 | SWC_038 | 03063955-2523-47bd-ae57-f7489dd40f15 | feature extraction complete | stimulus windows valid=88.9% | feedback windows valid=91.7%
2026-07-24 15:52:13,709 | INFO | 02_preprocess_pupil | Session 7/721 complete | status=success | source=cache | usable=True | missing=6.1% | session time=1s | cumulative trials=5188/472728 | usable=7 | rejected=0 | failed=0 | elapsed=5s | ETA=8m 13s
2026-07-24 15:52:13,710 | INFO | 02_preprocess_pupil | Session 8/721 | SWC_053 | 032452e9-1886-449d-9c13-0f192572e19f | trials=426 | expected source=cache | starting
2026-07-24 15:52:13,710 | INFO | 02_preprocess_pupil | Session 8/721 | SWC_053 | 032452e9-1886-449d-9c13-0f192572e19f | loading cached trace 032452e9-1886-449d-9c13-0f192572e19f.npz | size=5.7 MB
2026-07-24 15:52:13,737 | INFO | 02_preprocess_pupil | Session 8/721 | SWC_053 | 032452e9-1886-449d-9c13-0f192572e19f | cached trace loaded | samples=301794 | cleaned missing=6.5%
2026-07-24 15:52:13,739 | INFO | 02_preprocess_pupil | Session 8/721 | SWC_053 | 032452e9-1886-449d-9c13-0f192572e19f | extracting trial-level pupil features
2026-07-24 15:52:14,132 | INFO | 02_preprocess_pupil | Session 8/721 | SWC_053 | 032452e9-1886-449d-9c13-0f192572e19f | feature extraction complete | stimulus windows valid=72.3% | feedback windows valid=73.5%
2026-07-24 15:52:14,132 | INFO | 02_preprocess_pupil | Session 8/721 complete | status=success | source=cache | usable=True | missing=6.5% | session time=0s | cumulative trials=5614/472728 | usable=8 | rejected=0 | failed=0 | elapsed=5s | ETA=7m 49s
2026-07-24 15:52:14,133 | INFO | 02_preprocess_pupil | Session 9/721 | NYU-12 | 032ffcdf-7692-40b3-b9ff-8def1fc18b2e | trials=581 | expected source=cache | starting
2026-07-24 15:52:14,133 | INFO | 02_preprocess_pupil | Session 9/721 | NYU-12 | 032ffcdf-7692-40b3-b9ff-8def1fc18b2e | loading cached trace 032ffcdf-7692-40b3-b9ff-8def1fc18b2e.npz | size=4.5 MB
2026-07-24 15:52:14,156 | INFO | 02_preprocess_pupil | Session 9/721 | NYU-12 | 032ffcdf-7692-40b3-b9ff-8def1fc18b2e | cached trace loaded | samples=229259 | cleaned missing=2.0%
2026-07-24 15:52:14,157 | INFO | 02_preprocess_pupil | Session 9/721 | NYU-12 | 032ffcdf-7692-40b3-b9ff-8def1fc18b2e | extracting trial-level pupil features
2026-07-24 15:52:14,585 | INFO | 02_preprocess_pupil | Session 9/721 | NYU-12 | 032ffcdf-7692-40b3-b9ff-8def1fc18b2e | feature extraction complete | stimulus windows valid=92.3% | feedback windows valid=94.1%
2026-07-24 15:52:14,586 | INFO | 02_preprocess_pupil | Session 9/721 complete | status=success | source=cache | usable=True | missing=2.0% | session time=0s | cumulative trials=6195/472728 | usable=9 | rejected=0 | failed=0 | elapsed=6s | ETA=7m 32s
2026-07-24 15:52:14,587 | INFO | 02_preprocess_pupil | Session 10/721 | CSHL045 | 034e726f-b35f-41e0-8d6c-a22cc32391fb | trials=589 | expected source=cache | starting
2026-07-24 15:52:14,587 | INFO | 02_preprocess_pupil | Session 10/721 | CSHL045 | 034e726f-b35f-41e0-8d6c-a22cc32391fb | loading cached trace 034e726f-b35f-41e0-8d6c-a22cc32391fb.npz | size=4.0 MB
2026-07-24 15:52:14,609 | INFO | 02_preprocess_pupil | Session 10/721 | CSHL045 | 034e726f-b35f-41e0-8d6c-a22cc32391fb | cached trace loaded | samples=232559 | cleaned missing=6.9%
2026-07-24 15:52:14,611 | INFO | 02_preprocess_pupil | Session 10/721 | CSHL045 | 034e726f-b35f-41e0-8d6c-a22cc32391fb | extracting trial-level pupil features
2026-07-24 15:52:15,045 | INFO | 02_preprocess_pupil | Session 10/721 | CSHL045 | 034e726f-b35f-41e0-8d6c-a22cc32391fb | feature extraction complete | stimulus windows valid=77.8% | feedback windows valid=77.2%
2026-07-24 15:52:15,045 | INFO | 02_preprocess_pupil | Session 10/721 complete | status=success | source=cache | usable=True | missing=6.9% | session time=0s | cumulative trials=6784/472728 | usable=10 | rejected=0 | failed=0 | elapsed=6s | ETA=7m 19s
2026-07-24 15:52:15,046 | INFO | 02_preprocess_pupil | Session 11/721 | ibl_witten_20 | 037d75ca-c90a-43f2-aca6-e86611916779 | trials=842 | expected source=ONE | starting
2026-07-24 15:52:15,046 | INFO | 02_preprocess_pupil | Session 11/721 | ibl_witten_20 | 037d75ca-c90a-43f2-aca6-e86611916779 | cache miss; fetching trace from ONE
2026-07-24 15:52:15,651 | INFO | 02_preprocess_pupil | Session 11/721 | ibl_witten_20 | 037d75ca-c90a-43f2-aca6-e86611916779 | listing camera datasets
2026-07-24 15:52:17,211 | INFO | 02_preprocess_pupil | Session 11/721 | ibl_witten_20 | 037d75ca-c90a-43f2-aca6-e86611916779 | camera dataset listing complete | matches=8
2026-07-24 15:52:17,211 | INFO | 02_preprocess_pupil | Session 11/721 | ibl_witten_20 | 037d75ca-c90a-43f2-aca6-e86611916779 | loading DLC dataset alf/_ibl_leftCamera.dlc.pqt
2026-07-24 15:52:17,411 | INFO | 02_preprocess_pupil | Session 11/721 | ibl_witten_20 | 037d75ca-c90a-43f2-aca6-e86611916779 | DLC loaded | rows=358594 | columns=33
2026-07-24 15:52:17,412 | INFO | 02_preprocess_pupil | Session 11/721 | ibl_witten_20 | 037d75ca-c90a-43f2-aca6-e86611916779 | loading timestamp dataset alf/_ibl_leftCamera.times.npy
2026-07-24 15:52:17,500 | INFO | 02_preprocess_pupil | Session 11/721 | ibl_witten_20 | 037d75ca-c90a-43f2-aca6-e86611916779 | timestamps loaded | samples=358594 | duration=1h 39m 32s
2026-07-24 15:52:17,500 | INFO | 02_preprocess_pupil | Session 11/721 | ibl_witten_20 | 037d75ca-c90a-43f2-aca6-e86611916779 | thresholding DLC likelihoods
2026-07-24 15:52:17,566 | INFO | 02_preprocess_pupil | Session 11/721 | ibl_witten_20 | 037d75ca-c90a-43f2-aca6-e86611916779 | estimating raw pupil diameter
2026-07-24 15:52:17,932 | INFO | 02_preprocess_pupil | Session 11/721 | ibl_witten_20 | 037d75ca-c90a-43f2-aca6-e86611916779 | raw pupil diameter ready | samples=358594 | missing=95.8%
2026-07-24 15:52:17,933 | INFO | 02_preprocess_pupil | Session 11/721 | ibl_witten_20 | 037d75ca-c90a-43f2-aca6-e86611916779 | smoothing pupil diameter
2026-07-24 15:52:17,933 | WARNING | 02_preprocess_pupil | Session 11/721 failed | subject=ibl_witten_20 | eid=037d75ca-c90a-43f2-aca6-e86611916779 | session elapsed=3s | error=ValueError: Raw pupil diameter for left is too often NaN, cannot smooth.
2026-07-24 15:52:17,936 | INFO | 02_preprocess_pupil | Session 11/721 complete | status=failed | source=none | usable=False | missing=n/a | session time=3s | cumulative trials=7626/472728 | usable=10 | rejected=0 | failed=1 | elapsed=9s | ETA=9m 45s
2026-07-24 15:52:17,937 | INFO | 02_preprocess_pupil | Session 12/721 | ZFM-04080 | 039ced91-2ba9-4956-a97a-162fdd84b8dc | trials=461 | expected source=cache | starting
2026-07-24 15:52:17,937 | INFO | 02_preprocess_pupil | Session 12/721 | ZFM-04080 | 039ced91-2ba9-4956-a97a-162fdd84b8dc | loading cached trace 039ced91-2ba9-4956-a97a-162fdd84b8dc.npz | size=3.2 MB
2026-07-24 15:52:17,955 | INFO | 02_preprocess_pupil | Session 12/721 | ZFM-04080 | 039ced91-2ba9-4956-a97a-162fdd84b8dc | cached trace loaded | samples=187500 | cleaned missing=8.7%
2026-07-24 15:52:17,956 | INFO | 02_preprocess_pupil | Session 12/721 | ZFM-04080 | 039ced91-2ba9-4956-a97a-162fdd84b8dc | extracting trial-level pupil features
2026-07-24 15:52:18,218 | INFO | 02_preprocess_pupil | Session 12/721 | ZFM-04080 | 039ced91-2ba9-4956-a97a-162fdd84b8dc | feature extraction complete | stimulus windows valid=71.6% | feedback windows valid=78.3%
2026-07-24 15:52:18,219 | INFO | 02_preprocess_pupil | Session 12/721 complete | status=success | source=cache | usable=True | missing=8.7% | session time=0s | cumulative trials=8087/472728 | usable=11 | rejected=0 | failed=1 | elapsed=9s | ETA=9m 12s
2026-07-24 15:52:18,219 | INFO | 02_preprocess_pupil | Session 13/721 | NYU-49 | 03b83d58-23d9-467e-bac1-e12ab34683c0 | trials=494 | expected source=cache | starting
2026-07-24 15:52:18,220 | INFO | 02_preprocess_pupil | Session 13/721 | NYU-49 | 03b83d58-23d9-467e-bac1-e12ab34683c0 | loading cached trace 03b83d58-23d9-467e-bac1-e12ab34683c0.npz | size=4.8 MB
2026-07-24 15:52:18,245 | INFO | 02_preprocess_pupil | Session 13/721 | NYU-49 | 03b83d58-23d9-467e-bac1-e12ab34683c0 | cached trace loaded | samples=307872 | cleaned missing=26.2%
2026-07-24 15:52:18,247 | INFO | 02_preprocess_pupil | Session 13/721 | NYU-49 | 03b83d58-23d9-467e-bac1-e12ab34683c0 | extracting trial-level pupil features
2026-07-24 15:52:18,710 | INFO | 02_preprocess_pupil | Session 13/721 | NYU-49 | 03b83d58-23d9-467e-bac1-e12ab34683c0 | feature extraction complete | stimulus windows valid=59.3% | feedback windows valid=54.7%
2026-07-24 15:52:18,711 | INFO | 02_preprocess_pupil | Session 13/721 complete | status=success | source=cache | usable=True | missing=26.2% | session time=0s | cumulative trials=8581/472728 | usable=12 | rejected=0 | failed=1 | elapsed=10s | ETA=8m 56s
2026-07-24 15:52:18,712 | INFO | 02_preprocess_pupil | Session 14/721 | FMR014 | 044be2f4-e898-404c-91e2-1285cbada2cd | trials=783 | expected source=ONE | starting
2026-07-24 15:52:18,712 | INFO | 02_preprocess_pupil | Session 14/721 | FMR014 | 044be2f4-e898-404c-91e2-1285cbada2cd | cache miss; fetching trace from ONE
2026-07-24 15:52:18,712 | INFO | 02_preprocess_pupil | Session 14/721 | FMR014 | 044be2f4-e898-404c-91e2-1285cbada2cd | listing camera datasets
2026-07-24 15:52:20,128 | INFO | 02_preprocess_pupil | Session 14/721 | FMR014 | 044be2f4-e898-404c-91e2-1285cbada2cd | camera dataset listing complete | matches=5
2026-07-24 15:52:20,128 | INFO | 02_preprocess_pupil | Session 14/721 | FMR014 | 044be2f4-e898-404c-91e2-1285cbada2cd | loading DLC dataset alf/_ibl_leftCamera.dlc.pqt
2026-07-24 15:52:20,312 | INFO | 02_preprocess_pupil | Session 14/721 | FMR014 | 044be2f4-e898-404c-91e2-1285cbada2cd | DLC loaded | rows=305471 | columns=33
2026-07-24 15:52:20,312 | INFO | 02_preprocess_pupil | Session 14/721 | FMR014 | 044be2f4-e898-404c-91e2-1285cbada2cd | loading timestamp dataset alf/_ibl_leftCamera.times.npy
2026-07-24 15:52:20,397 | INFO | 02_preprocess_pupil | Session 14/721 | FMR014 | 044be2f4-e898-404c-91e2-1285cbada2cd | timestamps loaded | samples=305471 | duration=1h 24m 47s
2026-07-24 15:52:20,398 | INFO | 02_preprocess_pupil | Session 14/721 | FMR014 | 044be2f4-e898-404c-91e2-1285cbada2cd | thresholding DLC likelihoods
2026-07-24 15:52:20,453 | INFO | 02_preprocess_pupil | Session 14/721 | FMR014 | 044be2f4-e898-404c-91e2-1285cbada2cd | estimating raw pupil diameter
2026-07-24 15:52:20,764 | INFO | 02_preprocess_pupil | Session 14/721 | FMR014 | 044be2f4-e898-404c-91e2-1285cbada2cd | raw pupil diameter ready | samples=305471 | missing=100.0%
2026-07-24 15:52:20,765 | INFO | 02_preprocess_pupil | Session 14/721 | FMR014 | 044be2f4-e898-404c-91e2-1285cbada2cd | smoothing pupil diameter
2026-07-24 15:52:20,765 | WARNING | 02_preprocess_pupil | Session 14/721 failed | subject=FMR014 | eid=044be2f4-e898-404c-91e2-1285cbada2cd | session elapsed=2s | error=ValueError: Raw pupil diameter for left is too often NaN, cannot smooth.
2026-07-24 15:52:20,768 | INFO | 02_preprocess_pupil | Session 14/721 complete | status=failed | source=none | usable=False | missing=n/a | session time=2s | cumulative trials=9364/472728 | usable=12 | rejected=0 | failed=2 | elapsed=12s | ETA=10m 01s
2026-07-24 15:52:20,769 | INFO | 02_preprocess_pupil | Session 15/721 | PL035 | 04749a70-ac63-477d-8392-d4d529184fab | trials=593 | expected source=cache | starting
2026-07-24 15:52:20,769 | INFO | 02_preprocess_pupil | Session 15/721 | PL035 | 04749a70-ac63-477d-8392-d4d529184fab | loading cached trace 04749a70-ac63-477d-8392-d4d529184fab.npz | size=4.8 MB
2026-07-24 15:52:20,794 | INFO | 02_preprocess_pupil | Session 15/721 | PL035 | 04749a70-ac63-477d-8392-d4d529184fab | cached trace loaded | samples=267715 | cleaned missing=7.4%
2026-07-24 15:52:20,796 | INFO | 02_preprocess_pupil | Session 15/721 | PL035 | 04749a70-ac63-477d-8392-d4d529184fab | extracting trial-level pupil features
2026-07-24 15:52:21,278 | INFO | 02_preprocess_pupil | Session 15/721 | PL035 | 04749a70-ac63-477d-8392-d4d529184fab | feature extraction complete | stimulus windows valid=70.2% | feedback windows valid=71.8%
2026-07-24 15:52:21,279 | INFO | 02_preprocess_pupil | Session 15/721 complete | status=success | source=cache | usable=True | missing=7.4% | session time=1s | cumulative trials=9957/472728 | usable=13 | rejected=0 | failed=2 | elapsed=12s | ETA=9m 44s
2026-07-24 15:52:21,279 | INFO | 02_preprocess_pupil | Session 16/721 | ZFM-04083 | 04d6ccf0-16f0-43bf-a85f-2f779454e512 | trials=819 | expected source=cache | starting
2026-07-24 15:52:21,280 | INFO | 02_preprocess_pupil | Session 16/721 | ZFM-04083 | 04d6ccf0-16f0-43bf-a85f-2f779454e512 | loading cached trace 04d6ccf0-16f0-43bf-a85f-2f779454e512.npz | size=4.2 MB
2026-07-24 15:52:21,303 | INFO | 02_preprocess_pupil | Session 16/721 | ZFM-04083 | 04d6ccf0-16f0-43bf-a85f-2f779454e512 | cached trace loaded | samples=263908 | cleaned missing=11.2%
2026-07-24 15:52:21,304 | INFO | 02_preprocess_pupil | Session 16/721 | ZFM-04083 | 04d6ccf0-16f0-43bf-a85f-2f779454e512 | extracting trial-level pupil features
2026-07-24 15:52:21,962 | INFO | 02_preprocess_pupil | Session 16/721 | ZFM-04083 | 04d6ccf0-16f0-43bf-a85f-2f779454e512 | feature extraction complete | stimulus windows valid=71.3% | feedback windows valid=68.1%
2026-07-24 15:52:21,962 | INFO | 02_preprocess_pupil | Session 16/721 complete | status=success | source=cache | usable=True | missing=11.2% | session time=1s | cumulative trials=10776/472728 | usable=14 | rejected=0 | failed=2 | elapsed=13s | ETA=9m 37s
2026-07-24 15:52:21,963 | INFO | 02_preprocess_pupil | Session 17/721 | CSP025 | 0574827a-c1f1-4cc0-8188-520a6e575c01 | trials=702 | expected source=cache | starting
2026-07-24 15:52:21,963 | INFO | 02_preprocess_pupil | Session 17/721 | CSP025 | 0574827a-c1f1-4cc0-8188-520a6e575c01 | loading cached trace 0574827a-c1f1-4cc0-8188-520a6e575c01.npz | size=4.4 MB
2026-07-24 15:52:21,985 | INFO | 02_preprocess_pupil | Session 17/721 | CSP025 | 0574827a-c1f1-4cc0-8188-520a6e575c01 | cached trace loaded | samples=243307 | cleaned missing=2.7%
2026-07-24 15:52:21,987 | INFO | 02_preprocess_pupil | Session 17/721 | CSP025 | 0574827a-c1f1-4cc0-8188-520a6e575c01 | extracting trial-level pupil features
2026-07-24 15:52:22,519 | INFO | 02_preprocess_pupil | Session 17/721 | CSP025 | 0574827a-c1f1-4cc0-8188-520a6e575c01 | feature extraction complete | stimulus windows valid=89.2% | feedback windows valid=92.5%
2026-07-24 15:52:22,520 | INFO | 02_preprocess_pupil | Session 17/721 complete | status=success | source=cache | usable=True | missing=2.7% | session time=1s | cumulative trials=11478/472728 | usable=15 | rejected=0 | failed=2 | elapsed=14s | ETA=9m 25s
2026-07-24 15:52:22,521 | INFO | 02_preprocess_pupil | Session 18/721 | CSP013 | 05db35ff-68a2-4049-a586-11e8a2cccbf2 | trials=649 | expected source=ONE | starting
2026-07-24 15:52:22,521 | INFO | 02_preprocess_pupil | Session 18/721 | CSP013 | 05db35ff-68a2-4049-a586-11e8a2cccbf2 | cache miss; fetching trace from ONE
2026-07-24 15:52:22,522 | INFO | 02_preprocess_pupil | Session 18/721 | CSP013 | 05db35ff-68a2-4049-a586-11e8a2cccbf2 | listing camera datasets
2026-07-24 15:52:23,963 | INFO | 02_preprocess_pupil | Session 18/721 | CSP013 | 05db35ff-68a2-4049-a586-11e8a2cccbf2 | camera dataset listing complete | matches=4
2026-07-24 15:52:23,964 | INFO | 02_preprocess_pupil | Session 18/721 | CSP013 | 05db35ff-68a2-4049-a586-11e8a2cccbf2 | loading DLC dataset alf/_ibl_leftCamera.dlc.pqt
2026-07-24 15:52:24,165 | INFO | 02_preprocess_pupil | Session 18/721 | CSP013 | 05db35ff-68a2-4049-a586-11e8a2cccbf2 | DLC loaded | rows=401509 | columns=33
2026-07-24 15:52:24,165 | INFO | 02_preprocess_pupil | Session 18/721 | CSP013 | 05db35ff-68a2-4049-a586-11e8a2cccbf2 | loading timestamp dataset alf/_ibl_leftCamera.times.npy
2026-07-24 15:52:24,250 | INFO | 02_preprocess_pupil | Session 18/721 | CSP013 | 05db35ff-68a2-4049-a586-11e8a2cccbf2 | timestamps loaded | samples=401509 | duration=1h 51m 24s
2026-07-24 15:52:24,251 | INFO | 02_preprocess_pupil | Session 18/721 | CSP013 | 05db35ff-68a2-4049-a586-11e8a2cccbf2 | thresholding DLC likelihoods
2026-07-24 15:52:24,323 | INFO | 02_preprocess_pupil | Session 18/721 | CSP013 | 05db35ff-68a2-4049-a586-11e8a2cccbf2 | estimating raw pupil diameter
2026-07-24 15:52:24,730 | INFO | 02_preprocess_pupil | Session 18/721 | CSP013 | 05db35ff-68a2-4049-a586-11e8a2cccbf2 | raw pupil diameter ready | samples=401509 | missing=99.6%
2026-07-24 15:52:24,730 | INFO | 02_preprocess_pupil | Session 18/721 | CSP013 | 05db35ff-68a2-4049-a586-11e8a2cccbf2 | smoothing pupil diameter
2026-07-24 15:52:24,730 | WARNING | 02_preprocess_pupil | Session 18/721 failed | subject=CSP013 | eid=05db35ff-68a2-4049-a586-11e8a2cccbf2 | session elapsed=2s | error=ValueError: Raw pupil diameter for left is too often NaN, cannot smooth.
2026-07-24 15:52:24,733 | INFO | 02_preprocess_pupil | Session 18/721 complete | status=failed | source=none | usable=False | missing=n/a | session time=2s | cumulative trials=12127/472728 | usable=15 | rejected=0 | failed=3 | elapsed=16s | ETA=10m 20s
2026-07-24 15:52:24,734 | INFO | 02_preprocess_pupil | Session 19/721 | NYU-50 | 06446c29-941f-4dad-9577-e7f9833fcfde | trials=339 | expected source=cache | starting
2026-07-24 15:52:24,735 | INFO | 02_preprocess_pupil | Session 19/721 | NYU-50 | 06446c29-941f-4dad-9577-e7f9833fcfde | loading cached trace 06446c29-941f-4dad-9577-e7f9833fcfde.npz | size=4.7 MB
2026-07-24 15:52:24,760 | INFO | 02_preprocess_pupil | Session 19/721 | NYU-50 | 06446c29-941f-4dad-9577-e7f9833fcfde | cached trace loaded | samples=317497 | cleaned missing=31.8%
2026-07-24 15:52:24,763 | INFO | 02_preprocess_pupil | Session 19/721 | NYU-50 | 06446c29-941f-4dad-9577-e7f9833fcfde | trace rejected by cleaned-missingness QC | threshold=30.0%
2026-07-24 15:52:24,764 | INFO | 02_preprocess_pupil | Session 19/721 complete | status=rejected_missingness | source=cache | usable=False | missing=31.8% | session time=0s | cumulative trials=12466/472728 | usable=15 | rejected=1 | failed=3 | elapsed=16s | ETA=9m 47s
2026-07-24 15:52:24,764 | INFO | 02_preprocess_pupil | Session 20/721 | ZFM-02601 | 066bf23b-17a9-4a0a-84ac-097776a2ea4a | trials=101 | expected source=cache | starting
2026-07-24 15:52:24,765 | INFO | 02_preprocess_pupil | Session 20/721 | ZFM-02601 | 066bf23b-17a9-4a0a-84ac-097776a2ea4a | loading cached trace 066bf23b-17a9-4a0a-84ac-097776a2ea4a.npz | size=3.5 MB
2026-07-24 15:52:24,782 | INFO | 02_preprocess_pupil | Session 20/721 | ZFM-02601 | 066bf23b-17a9-4a0a-84ac-097776a2ea4a | cached trace loaded | samples=190327 | cleaned missing=11.2%
2026-07-24 15:52:24,784 | INFO | 02_preprocess_pupil | Session 20/721 | ZFM-02601 | 066bf23b-17a9-4a0a-84ac-097776a2ea4a | extracting trial-level pupil features
2026-07-24 15:52:24,846 | INFO | 02_preprocess_pupil | Session 20/721 | ZFM-02601 | 066bf23b-17a9-4a0a-84ac-097776a2ea4a | feature extraction complete | stimulus windows valid=64.4% | feedback windows valid=67.3%
2026-07-24 15:52:24,847 | INFO | 02_preprocess_pupil | Session 20/721 complete | status=success | source=cache | usable=True | missing=11.2% | session time=0s | cumulative trials=12567/472728 | usable=16 | rejected=1 | failed=3 | elapsed=16s | ETA=9m 20s
2026-07-24 15:52:24,847 | INFO | 02_preprocess_pupil | Session 21/721 | ZFM-04122 | 066fbb45-4af6-45c9-a029-ad8903090f13 | trials=908 | expected source=cache | starting
2026-07-24 15:52:24,848 | INFO | 02_preprocess_pupil | Session 21/721 | ZFM-04122 | 066fbb45-4af6-45c9-a029-ad8903090f13 | loading cached trace 066fbb45-4af6-45c9-a029-ad8903090f13.npz | size=4.9 MB
2026-07-24 15:52:24,874 | INFO | 02_preprocess_pupil | Session 21/721 | ZFM-04122 | 066fbb45-4af6-45c9-a029-ad8903090f13 | cached trace loaded | samples=342500 | cleaned missing=10.7%
2026-07-24 15:52:24,876 | INFO | 02_preprocess_pupil | Session 21/721 | ZFM-04122 | 066fbb45-4af6-45c9-a029-ad8903090f13 | extracting trial-level pupil features
2026-07-24 15:52:25,805 | INFO | 02_preprocess_pupil | Session 21/721 | ZFM-04122 | 066fbb45-4af6-45c9-a029-ad8903090f13 | feature extraction complete | stimulus windows valid=55.0% | feedback windows valid=61.2%
2026-07-24 15:52:25,805 | INFO | 02_preprocess_pupil | Session 21/721 complete | status=success | source=cache | usable=True | missing=10.7% | session time=1s | cumulative trials=13475/472728 | usable=17 | rejected=1 | failed=3 | elapsed=17s | ETA=9m 24s
2026-07-24 15:52:25,806 | INFO | 02_preprocess_pupil | Session 22/721 | KS042 | 07dc4b76-5b93-4a03-82a0-b3d9cc73f412 | trials=692 | expected source=cache | starting
2026-07-24 15:52:25,806 | INFO | 02_preprocess_pupil | Session 22/721 | KS042 | 07dc4b76-5b93-4a03-82a0-b3d9cc73f412 | loading cached trace 07dc4b76-5b93-4a03-82a0-b3d9cc73f412.npz | size=4.9 MB
2026-07-24 15:52:25,831 | INFO | 02_preprocess_pupil | Session 22/721 | KS042 | 07dc4b76-5b93-4a03-82a0-b3d9cc73f412 | cached trace loaded | samples=320746 | cleaned missing=15.7%
2026-07-24 15:52:25,833 | INFO | 02_preprocess_pupil | Session 22/721 | KS042 | 07dc4b76-5b93-4a03-82a0-b3d9cc73f412 | extracting trial-level pupil features
2026-07-24 15:52:26,475 | INFO | 02_preprocess_pupil | Session 22/721 | KS042 | 07dc4b76-5b93-4a03-82a0-b3d9cc73f412 | feature extraction complete | stimulus windows valid=29.9% | feedback windows valid=48.4%
2026-07-24 15:52:26,476 | INFO | 02_preprocess_pupil | Session 22/721 complete | status=success | source=cache | usable=True | missing=15.7% | session time=1s | cumulative trials=14167/472728 | usable=18 | rejected=1 | failed=3 | elapsed=18s | ETA=9m 19s
2026-07-24 15:52:26,476 | INFO | 02_preprocess_pupil | Session 23/721 | ZFM-04080 | 08371a0c-22d9-4f6e-ac22-c15788b39180 | trials=590 | expected source=cache | starting
2026-07-24 15:52:26,477 | INFO | 02_preprocess_pupil | Session 23/721 | ZFM-04080 | 08371a0c-22d9-4f6e-ac22-c15788b39180 | loading cached trace 08371a0c-22d9-4f6e-ac22-c15788b39180.npz | size=4.8 MB
2026-07-24 15:52:26,500 | INFO | 02_preprocess_pupil | Session 23/721 | ZFM-04080 | 08371a0c-22d9-4f6e-ac22-c15788b39180 | cached trace loaded | samples=256021 | cleaned missing=6.9%
2026-07-24 15:52:26,501 | INFO | 02_preprocess_pupil | Session 23/721 | ZFM-04080 | 08371a0c-22d9-4f6e-ac22-c15788b39180 | extracting trial-level pupil features
2026-07-24 15:52:26,954 | INFO | 02_preprocess_pupil | Session 23/721 | ZFM-04080 | 08371a0c-22d9-4f6e-ac22-c15788b39180 | feature extraction complete | stimulus windows valid=66.3% | feedback windows valid=81.0%
2026-07-24 15:52:26,955 | INFO | 02_preprocess_pupil | Session 23/721 complete | status=success | source=cache | usable=True | missing=6.9% | session time=0s | cumulative trials=14757/472728 | usable=19 | rejected=1 | failed=3 | elapsed=18s | ETA=9m 09s
2026-07-24 15:52:26,956 | INFO | 02_preprocess_pupil | Session 24/721 | FD_21 | 088f44ce-926e-4a3a-808d-3f1e1a595c6f | trials=697 | expected source=ONE | starting
2026-07-24 15:52:26,956 | INFO | 02_preprocess_pupil | Session 24/721 | FD_21 | 088f44ce-926e-4a3a-808d-3f1e1a595c6f | cache miss; fetching trace from ONE
2026-07-24 15:52:26,956 | INFO | 02_preprocess_pupil | Session 24/721 | FD_21 | 088f44ce-926e-4a3a-808d-3f1e1a595c6f | listing camera datasets
2026-07-24 15:52:27,744 | INFO | 02_preprocess_pupil | Session 24/721 | FD_21 | 088f44ce-926e-4a3a-808d-3f1e1a595c6f | camera dataset listing complete | matches=5
2026-07-24 15:52:27,744 | INFO | 02_preprocess_pupil | Session 24/721 | FD_21 | 088f44ce-926e-4a3a-808d-3f1e1a595c6f | loading DLC dataset alf/_ibl_leftCamera.dlc.pqt
2026-07-24 15:52:27,872 | INFO | 02_preprocess_pupil | Session 24/721 | FD_21 | 088f44ce-926e-4a3a-808d-3f1e1a595c6f | DLC loaded | rows=162787 | columns=33
2026-07-24 15:52:27,873 | INFO | 02_preprocess_pupil | Session 24/721 | FD_21 | 088f44ce-926e-4a3a-808d-3f1e1a595c6f | loading timestamp dataset alf/_ibl_leftCamera.times.npy
2026-07-24 15:52:27,951 | INFO | 02_preprocess_pupil | Session 24/721 | FD_21 | 088f44ce-926e-4a3a-808d-3f1e1a595c6f | timestamps loaded | samples=162787 | duration=45m 21s
2026-07-24 15:52:27,951 | INFO | 02_preprocess_pupil | Session 24/721 | FD_21 | 088f44ce-926e-4a3a-808d-3f1e1a595c6f | thresholding DLC likelihoods
2026-07-24 15:52:27,981 | INFO | 02_preprocess_pupil | Session 24/721 | FD_21 | 088f44ce-926e-4a3a-808d-3f1e1a595c6f | estimating raw pupil diameter
2026-07-24 15:52:28,147 | INFO | 02_preprocess_pupil | Session 24/721 | FD_21 | 088f44ce-926e-4a3a-808d-3f1e1a595c6f | raw pupil diameter ready | samples=162787 | missing=100.0%
2026-07-24 15:52:28,148 | INFO | 02_preprocess_pupil | Session 24/721 | FD_21 | 088f44ce-926e-4a3a-808d-3f1e1a595c6f | smoothing pupil diameter
2026-07-24 15:52:28,148 | WARNING | 02_preprocess_pupil | Session 24/721 failed | subject=FD_21 | eid=088f44ce-926e-4a3a-808d-3f1e1a595c6f | session elapsed=1s | error=ValueError: Raw pupil diameter for left is too often NaN, cannot smooth.
2026-07-24 15:52:28,151 | INFO | 02_preprocess_pupil | Session 24/721 complete | status=failed | source=none | usable=False | missing=n/a | session time=1s | cumulative trials=15454/472728 | usable=19 | rejected=1 | failed=4 | elapsed=19s | ETA=9m 20s
2026-07-24 15:52:28,151 | INFO | 02_preprocess_pupil | Session 25/721 | PL015 | 09156021-9a1d-4e1d-ae59-48cbde3c5d42 | trials=630 | expected source=cache | starting
2026-07-24 15:52:28,152 | INFO | 02_preprocess_pupil | Session 25/721 | PL015 | 09156021-9a1d-4e1d-ae59-48cbde3c5d42 | loading cached trace 09156021-9a1d-4e1d-ae59-48cbde3c5d42.npz | size=2.9 MB
2026-07-24 15:52:28,168 | INFO | 02_preprocess_pupil | Session 25/721 | PL015 | 09156021-9a1d-4e1d-ae59-48cbde3c5d42 | cached trace loaded | samples=165844 | cleaned missing=6.4%
2026-07-24 15:52:28,169 | INFO | 02_preprocess_pupil | Session 25/721 | PL015 | 09156021-9a1d-4e1d-ae59-48cbde3c5d42 | extracting trial-level pupil features
2026-07-24 15:52:28,503 | INFO | 02_preprocess_pupil | Session 25/721 | PL015 | 09156021-9a1d-4e1d-ae59-48cbde3c5d42 | feature extraction complete | stimulus windows valid=81.9% | feedback windows valid=81.3%
2026-07-24 15:52:28,503 | INFO | 02_preprocess_pupil | Session 25/721 complete | status=success | source=cache | usable=True | missing=6.4% | session time=0s | cumulative trials=16084/472728 | usable=20 | rejected=1 | failed=4 | elapsed=20s | ETA=9m 07s
2026-07-24 15:52:28,504 | INFO | 02_preprocess_pupil | Session 26/721 | ibl_witten_26 | 09394481-8dd2-4d5c-9327-f2753ede92d7 | trials=912 | expected source=cache | starting
2026-07-24 15:52:28,504 | INFO | 02_preprocess_pupil | Session 26/721 | ibl_witten_26 | 09394481-8dd2-4d5c-9327-f2753ede92d7 | loading cached trace 09394481-8dd2-4d5c-9327-f2753ede92d7.npz | size=5.6 MB
2026-07-24 15:52:28,533 | INFO | 02_preprocess_pupil | Session 26/721 | ibl_witten_26 | 09394481-8dd2-4d5c-9327-f2753ede92d7 | cached trace loaded | samples=332767 | cleaned missing=8.5%
2026-07-24 15:52:28,535 | INFO | 02_preprocess_pupil | Session 26/721 | ibl_witten_26 | 09394481-8dd2-4d5c-9327-f2753ede92d7 | extracting trial-level pupil features
2026-07-24 15:52:29,426 | INFO | 02_preprocess_pupil | Session 26/721 | ibl_witten_26 | 09394481-8dd2-4d5c-9327-f2753ede92d7 | feature extraction complete | stimulus windows valid=80.0% | feedback windows valid=77.0%
2026-07-24 15:52:29,427 | INFO | 02_preprocess_pupil | Session 26/721 complete | status=success | source=cache | usable=True | missing=8.5% | session time=1s | cumulative trials=16996/472728 | usable=21 | rejected=1 | failed=4 | elapsed=21s | ETA=9m 09s
2026-07-24 15:52:29,428 | INFO | 02_preprocess_pupil | Session 27/721 | ZFM-01577 | 09b2c4d1-058d-4c84-9fd4-97530f85baf6 | trials=598 | expected source=cache | starting
2026-07-24 15:52:29,428 | INFO | 02_preprocess_pupil | Session 27/721 | ZFM-01577 | 09b2c4d1-058d-4c84-9fd4-97530f85baf6 | loading cached trace 09b2c4d1-058d-4c84-9fd4-97530f85baf6.npz | size=5.6 MB
2026-07-24 15:52:29,456 | INFO | 02_preprocess_pupil | Session 27/721 | ZFM-01577 | 09b2c4d1-058d-4c84-9fd4-97530f85baf6 | cached trace loaded | samples=316193 | cleaned missing=11.6%
2026-07-24 15:52:29,458 | INFO | 02_preprocess_pupil | Session 27/721 | ZFM-01577 | 09b2c4d1-058d-4c84-9fd4-97530f85baf6 | extracting trial-level pupil features
2026-07-24 15:52:30,025 | INFO | 02_preprocess_pupil | Session 27/721 | ZFM-01577 | 09b2c4d1-058d-4c84-9fd4-97530f85baf6 | feature extraction complete | stimulus windows valid=65.9% | feedback windows valid=64.4%
2026-07-24 15:52:30,026 | INFO | 02_preprocess_pupil | Session 27/721 complete | status=success | source=cache | usable=True | missing=11.6% | session time=1s | cumulative trials=17594/472728 | usable=22 | rejected=1 | failed=4 | elapsed=21s | ETA=9m 04s
2026-07-24 15:52:30,026 | INFO | 02_preprocess_pupil | Session 28/721 | NYU-41 | 09f836ad-8105-464a-a55d-70c49e6e6def | trials=722 | expected source=ONE | starting
2026-07-24 15:52:30,027 | INFO | 02_preprocess_pupil | Session 28/721 | NYU-41 | 09f836ad-8105-464a-a55d-70c49e6e6def | cache miss; fetching trace from ONE
2026-07-24 15:52:30,027 | INFO | 02_preprocess_pupil | Session 28/721 | NYU-41 | 09f836ad-8105-464a-a55d-70c49e6e6def | listing camera datasets
2026-07-24 15:52:31,490 | INFO | 02_preprocess_pupil | Session 28/721 | NYU-41 | 09f836ad-8105-464a-a55d-70c49e6e6def | camera dataset listing complete | matches=5
2026-07-24 15:52:31,490 | INFO | 02_preprocess_pupil | Session 28/721 | NYU-41 | 09f836ad-8105-464a-a55d-70c49e6e6def | loading DLC dataset alf/_ibl_leftCamera.dlc.pqt
2026-07-24 15:52:31,666 | INFO | 02_preprocess_pupil | Session 28/721 | NYU-41 | 09f836ad-8105-464a-a55d-70c49e6e6def | DLC loaded | rows=339741 | columns=33
2026-07-24 15:52:31,666 | INFO | 02_preprocess_pupil | Session 28/721 | NYU-41 | 09f836ad-8105-464a-a55d-70c49e6e6def | loading timestamp dataset alf/_ibl_leftCamera.times.npy
2026-07-24 15:52:31,752 | INFO | 02_preprocess_pupil | Session 28/721 | NYU-41 | 09f836ad-8105-464a-a55d-70c49e6e6def | timestamps loaded | samples=339741 | duration=1h 34m 18s
2026-07-24 15:52:31,752 | INFO | 02_preprocess_pupil | Session 28/721 | NYU-41 | 09f836ad-8105-464a-a55d-70c49e6e6def | thresholding DLC likelihoods
2026-07-24 15:52:31,803 | INFO | 02_preprocess_pupil | Session 28/721 | NYU-41 | 09f836ad-8105-464a-a55d-70c49e6e6def | estimating raw pupil diameter
2026-07-24 15:52:32,149 | INFO | 02_preprocess_pupil | Session 28/721 | NYU-41 | 09f836ad-8105-464a-a55d-70c49e6e6def | raw pupil diameter ready | samples=339741 | missing=100.0%
2026-07-24 15:52:32,150 | INFO | 02_preprocess_pupil | Session 28/721 | NYU-41 | 09f836ad-8105-464a-a55d-70c49e6e6def | smoothing pupil diameter
2026-07-24 15:52:32,150 | WARNING | 02_preprocess_pupil | Session 28/721 failed | subject=NYU-41 | eid=09f836ad-8105-464a-a55d-70c49e6e6def | session elapsed=2s | error=ValueError: Raw pupil diameter for left is too often NaN, cannot smooth.
2026-07-24 15:52:32,153 | INFO | 02_preprocess_pupil | Session 28/721 complete | status=failed | source=none | usable=False | missing=n/a | session time=2s | cumulative trials=18316/472728 | usable=22 | rejected=1 | failed=5 | elapsed=23s | ETA=9m 36s
2026-07-24 15:52:32,153 | INFO | 02_preprocess_pupil | Session 29/721 | KS046 | 0ac8d013-b91e-4732-bc7b-a1164ff3e445 | trials=841 | expected source=cache | starting
2026-07-24 15:52:32,154 | INFO | 02_preprocess_pupil | Session 29/721 | KS046 | 0ac8d013-b91e-4732-bc7b-a1164ff3e445 | loading cached trace 0ac8d013-b91e-4732-bc7b-a1164ff3e445.npz | size=5.2 MB
2026-07-24 15:52:32,182 | INFO | 02_preprocess_pupil | Session 29/721 | KS046 | 0ac8d013-b91e-4732-bc7b-a1164ff3e445 | cached trace loaded | samples=320654 | cleaned missing=21.2%
2026-07-24 15:52:32,183 | INFO | 02_preprocess_pupil | Session 29/721 | KS046 | 0ac8d013-b91e-4732-bc7b-a1164ff3e445 | extracting trial-level pupil features
2026-07-24 15:52:32,988 | INFO | 02_preprocess_pupil | Session 29/721 | KS046 | 0ac8d013-b91e-4732-bc7b-a1164ff3e445 | feature extraction complete | stimulus windows valid=68.6% | feedback windows valid=69.0%
2026-07-24 15:52:32,989 | INFO | 02_preprocess_pupil | Session 29/721 complete | status=success | source=cache | usable=True | missing=21.2% | session time=1s | cumulative trials=19157/472728 | usable=23 | rejected=1 | failed=5 | elapsed=24s | ETA=9m 35s
2026-07-24 15:52:32,989 | INFO | 02_preprocess_pupil | Session 30/721 | CSP018 | 0ad4fa8e-8855-4539-841d-373d8c975bf6 | trials=1172 | expected source=cache | starting
2026-07-24 15:52:32,990 | INFO | 02_preprocess_pupil | Session 30/721 | CSP018 | 0ad4fa8e-8855-4539-841d-373d8c975bf6 | loading cached trace 0ad4fa8e-8855-4539-841d-373d8c975bf6.npz | size=15.9 MB
2026-07-24 15:52:33,062 | INFO | 02_preprocess_pupil | Session 30/721 | CSP018 | 0ad4fa8e-8855-4539-841d-373d8c975bf6 | cached trace loaded | samples=817728 | cleaned missing=3.4%
2026-07-24 15:52:33,065 | INFO | 02_preprocess_pupil | Session 30/721 | CSP018 | 0ad4fa8e-8855-4539-841d-373d8c975bf6 | extracting trial-level pupil features
2026-07-24 15:52:37,093 | INFO | 02_preprocess_pupil | Session 30/721 | CSP018 | 0ad4fa8e-8855-4539-841d-373d8c975bf6 | feature extraction complete | stimulus windows valid=84.4% | feedback windows valid=90.4%
2026-07-24 15:52:37,093 | INFO | 02_preprocess_pupil | Session 30/721 complete | status=success | source=cache | usable=True | missing=3.4% | session time=4s | cumulative trials=20329/472728 | usable=24 | rejected=1 | failed=5 | elapsed=28s | ETA=10m 50s
2026-07-24 15:52:37,094 | INFO | 02_preprocess_pupil | Session 31/721 | ZFM-01937 | 0b7ee1b6-42db-46cd-a465-08f531366187 | trials=797 | expected source=cache | starting
2026-07-24 15:52:37,094 | INFO | 02_preprocess_pupil | Session 31/721 | ZFM-01937 | 0b7ee1b6-42db-46cd-a465-08f531366187 | loading cached trace 0b7ee1b6-42db-46cd-a465-08f531366187.npz | size=5.9 MB
2026-07-24 15:52:37,130 | INFO | 02_preprocess_pupil | Session 31/721 | ZFM-01937 | 0b7ee1b6-42db-46cd-a465-08f531366187 | cached trace loaded | samples=303906 | cleaned missing=2.0%
2026-07-24 15:52:37,132 | INFO | 02_preprocess_pupil | Session 31/721 | ZFM-01937 | 0b7ee1b6-42db-46cd-a465-08f531366187 | extracting trial-level pupil features
2026-07-24 15:52:37,889 | INFO | 02_preprocess_pupil | Session 31/721 | ZFM-01937 | 0b7ee1b6-42db-46cd-a465-08f531366187 | feature extraction complete | stimulus windows valid=93.2% | feedback windows valid=96.9%
2026-07-24 15:52:37,890 | INFO | 02_preprocess_pupil | Session 31/721 complete | status=success | source=cache | usable=True | missing=2.0% | session time=1s | cumulative trials=21126/472728 | usable=25 | rejected=1 | failed=5 | elapsed=29s | ETA=10m 46s
2026-07-24 15:52:37,891 | INFO | 02_preprocess_pupil | Session 32/721 | ZFM-04122 | 0bc5a917-b45b-4612-9599-18047e13d547 | trials=674 | expected source=cache | starting
2026-07-24 15:52:37,892 | INFO | 02_preprocess_pupil | Session 32/721 | ZFM-04122 | 0bc5a917-b45b-4612-9599-18047e13d547 | loading cached trace 0bc5a917-b45b-4612-9599-18047e13d547.npz | size=5.7 MB
2026-07-24 15:52:37,921 | INFO | 02_preprocess_pupil | Session 32/721 | ZFM-04122 | 0bc5a917-b45b-4612-9599-18047e13d547 | cached trace loaded | samples=353650 | cleaned missing=11.4%
2026-07-24 15:52:37,923 | INFO | 02_preprocess_pupil | Session 32/721 | ZFM-04122 | 0bc5a917-b45b-4612-9599-18047e13d547 | extracting trial-level pupil features
2026-07-24 15:52:38,651 | INFO | 02_preprocess_pupil | Session 32/721 | ZFM-04122 | 0bc5a917-b45b-4612-9599-18047e13d547 | feature extraction complete | stimulus windows valid=60.7% | feedback windows valid=65.1%
2026-07-24 15:52:38,652 | INFO | 02_preprocess_pupil | Session 32/721 complete | status=success | source=cache | usable=True | missing=11.4% | session time=1s | cumulative trials=21800/472728 | usable=26 | rejected=1 | failed=5 | elapsed=30s | ETA=10m 41s
2026-07-24 15:52:38,653 | INFO | 02_preprocess_pupil | Session 33/721 | ibl_witten_29 | 0cc486c3-8c7b-494d-aa04-b70e2690bcba | trials=563 | expected source=cache | starting
2026-07-24 15:52:38,653 | INFO | 02_preprocess_pupil | Session 33/721 | ibl_witten_29 | 0cc486c3-8c7b-494d-aa04-b70e2690bcba | loading cached trace 0cc486c3-8c7b-494d-aa04-b70e2690bcba.npz | size=3.7 MB
2026-07-24 15:52:38,673 | INFO | 02_preprocess_pupil | Session 33/721 | ibl_witten_29 | 0cc486c3-8c7b-494d-aa04-b70e2690bcba | cached trace loaded | samples=260430 | cleaned missing=17.0%
2026-07-24 15:52:38,675 | INFO | 02_preprocess_pupil | Session 33/721 | ibl_witten_29 | 0cc486c3-8c7b-494d-aa04-b70e2690bcba | extracting trial-level pupil features
2026-07-24 15:52:39,101 | INFO | 02_preprocess_pupil | Session 33/721 | ibl_witten_29 | 0cc486c3-8c7b-494d-aa04-b70e2690bcba | feature extraction complete | stimulus windows valid=38.4% | feedback windows valid=26.8%
2026-07-24 15:52:39,101 | INFO | 02_preprocess_pupil | Session 33/721 complete | status=success | source=cache | usable=True | missing=17.0% | session time=0s | cumulative trials=22363/472728 | usable=27 | rejected=1 | failed=5 | elapsed=30s | ETA=10m 30s
2026-07-24 15:52:39,102 | INFO | 02_preprocess_pupil | Session 34/721 | PL050 | 0cf6d255-8f2f-463e-84fb-c54bacb79f51 | trials=702 | expected source=cache | starting
2026-07-24 15:52:39,103 | INFO | 02_preprocess_pupil | Session 34/721 | PL050 | 0cf6d255-8f2f-463e-84fb-c54bacb79f51 | loading cached trace 0cf6d255-8f2f-463e-84fb-c54bacb79f51.npz | size=4.4 MB
2026-07-24 15:52:39,124 | INFO | 02_preprocess_pupil | Session 34/721 | PL050 | 0cf6d255-8f2f-463e-84fb-c54bacb79f51 | cached trace loaded | samples=242558 | cleaned missing=8.2%
2026-07-24 15:52:39,125 | INFO | 02_preprocess_pupil | Session 34/721 | PL050 | 0cf6d255-8f2f-463e-84fb-c54bacb79f51 | extracting trial-level pupil features
2026-07-24 15:52:39,651 | INFO | 02_preprocess_pupil | Session 34/721 | PL050 | 0cf6d255-8f2f-463e-84fb-c54bacb79f51 | feature extraction complete | stimulus windows valid=86.2% | feedback windows valid=85.8%
2026-07-24 15:52:39,652 | INFO | 02_preprocess_pupil | Session 34/721 complete | status=success | source=cache | usable=True | missing=8.2% | session time=1s | cumulative trials=23065/472728 | usable=28 | rejected=1 | failed=5 | elapsed=31s | ETA=10m 22s
2026-07-24 15:52:39,653 | INFO | 02_preprocess_pupil | Session 35/721 | FMR019 | 0cfcfb55-258f-4dc7-943c-30fbf48d1410 | trials=502 | expected source=cache | starting
2026-07-24 15:52:39,653 | INFO | 02_preprocess_pupil | Session 35/721 | FMR019 | 0cfcfb55-258f-4dc7-943c-30fbf48d1410 | loading cached trace 0cfcfb55-258f-4dc7-943c-30fbf48d1410.npz | size=4.6 MB
2026-07-24 15:52:39,677 | INFO | 02_preprocess_pupil | Session 35/721 | FMR019 | 0cfcfb55-258f-4dc7-943c-30fbf48d1410 | cached trace loaded | samples=316209 | cleaned missing=22.5%
2026-07-24 15:52:39,679 | INFO | 02_preprocess_pupil | Session 35/721 | FMR019 | 0cfcfb55-258f-4dc7-943c-30fbf48d1410 | extracting trial-level pupil features
2026-07-24 15:52:40,148 | INFO | 02_preprocess_pupil | Session 35/721 | FMR019 | 0cfcfb55-258f-4dc7-943c-30fbf48d1410 | feature extraction complete | stimulus windows valid=58.6% | feedback windows valid=42.6%
2026-07-24 15:52:40,148 | INFO | 02_preprocess_pupil | Session 35/721 complete | status=success | source=cache | usable=True | missing=22.5% | session time=0s | cumulative trials=23567/472728 | usable=29 | rejected=1 | failed=5 | elapsed=31s | ETA=10m 13s
2026-07-24 15:52:40,149 | INFO | 02_preprocess_pupil | Session 36/721 | CSP031 | 0cfe6b85-7ea2-4650-8835-f0a3a86dd285 | trials=655 | expected source=cache | starting
2026-07-24 15:52:40,149 | INFO | 02_preprocess_pupil | Session 36/721 | CSP031 | 0cfe6b85-7ea2-4650-8835-f0a3a86dd285 | loading cached trace 0cfe6b85-7ea2-4650-8835-f0a3a86dd285.npz | size=6.1 MB
2026-07-24 15:52:40,181 | INFO | 02_preprocess_pupil | Session 36/721 | CSP031 | 0cfe6b85-7ea2-4650-8835-f0a3a86dd285 | cached trace loaded | samples=317225 | cleaned missing=3.8%
2026-07-24 15:52:40,183 | INFO | 02_preprocess_pupil | Session 36/721 | CSP031 | 0cfe6b85-7ea2-4650-8835-f0a3a86dd285 | extracting trial-level pupil features
2026-07-24 15:52:40,810 | INFO | 02_preprocess_pupil | Session 36/721 | CSP031 | 0cfe6b85-7ea2-4650-8835-f0a3a86dd285 | feature extraction complete | stimulus windows valid=85.5% | feedback windows valid=91.1%
2026-07-24 15:52:40,810 | INFO | 02_preprocess_pupil | Session 36/721 complete | status=success | source=cache | usable=True | missing=3.8% | session time=1s | cumulative trials=24222/472728 | usable=30 | rejected=1 | failed=5 | elapsed=32s | ETA=10m 08s
2026-07-24 15:52:40,811 | INFO | 02_preprocess_pupil | Session 37/721 | NYU-50 | 0d186d0f-38e3-41e8-b4b3-f8e1b5dc2d59 | trials=430 | expected source=cache | starting
2026-07-24 15:52:40,812 | INFO | 02_preprocess_pupil | Session 37/721 | NYU-50 | 0d186d0f-38e3-41e8-b4b3-f8e1b5dc2d59 | loading cached trace 0d186d0f-38e3-41e8-b4b3-f8e1b5dc2d59.npz | size=3.6 MB
2026-07-24 15:52:40,833 | INFO | 02_preprocess_pupil | Session 37/721 | NYU-50 | 0d186d0f-38e3-41e8-b4b3-f8e1b5dc2d59 | cached trace loaded | samples=301071 | cleaned missing=31.9%
2026-07-24 15:52:40,837 | INFO | 02_preprocess_pupil | Session 37/721 | NYU-50 | 0d186d0f-38e3-41e8-b4b3-f8e1b5dc2d59 | trace rejected by cleaned-missingness QC | threshold=30.0%
2026-07-24 15:52:40,838 | INFO | 02_preprocess_pupil | Session 37/721 complete | status=rejected_missingness | source=cache | usable=False | missing=31.9% | session time=0s | cumulative trials=24652/472728 | usable=30 | rejected=2 | failed=5 | elapsed=32s | ETA=9m 51s
2026-07-24 15:52:40,838 | INFO | 02_preprocess_pupil | Session 38/721 | ZFM-02600 | 0d24afce-9d3c-449e-ac9f-577eefefbd7e | trials=866 | expected source=cache | starting
2026-07-24 15:52:40,839 | INFO | 02_preprocess_pupil | Session 38/721 | ZFM-02600 | 0d24afce-9d3c-449e-ac9f-577eefefbd7e | loading cached trace 0d24afce-9d3c-449e-ac9f-577eefefbd7e.npz | size=4.9 MB
2026-07-24 15:52:40,863 | INFO | 02_preprocess_pupil | Session 38/721 | ZFM-02600 | 0d24afce-9d3c-449e-ac9f-577eefefbd7e | cached trace loaded | samples=276473 | cleaned missing=7.7%
2026-07-24 15:52:40,864 | INFO | 02_preprocess_pupil | Session 38/721 | ZFM-02600 | 0d24afce-9d3c-449e-ac9f-577eefefbd7e | extracting trial-level pupil features
2026-07-24 15:52:41,598 | INFO | 02_preprocess_pupil | Session 38/721 | ZFM-02600 | 0d24afce-9d3c-449e-ac9f-577eefefbd7e | feature extraction complete | stimulus windows valid=80.6% | feedback windows valid=80.3%
2026-07-24 15:52:41,599 | INFO | 02_preprocess_pupil | Session 38/721 complete | status=success | source=cache | usable=True | missing=7.7% | session time=1s | cumulative trials=25518/472728 | usable=31 | rejected=2 | failed=5 | elapsed=33s | ETA=9m 48s
2026-07-24 15:52:41,599 | INFO | 02_preprocess_pupil | Session 39/721 | CSHL053 | 0deb75fb-9088-42d9-b744-012fb8fc4afb | trials=675 | expected source=cache | starting
2026-07-24 15:52:41,600 | INFO | 02_preprocess_pupil | Session 39/721 | CSHL053 | 0deb75fb-9088-42d9-b744-012fb8fc4afb | loading cached trace 0deb75fb-9088-42d9-b744-012fb8fc4afb.npz | size=6.5 MB
2026-07-24 15:52:41,644 | INFO | 02_preprocess_pupil | Session 39/721 | CSHL053 | 0deb75fb-9088-42d9-b744-012fb8fc4afb | cached trace loaded | samples=384388 | cleaned missing=3.8%
2026-07-24 15:52:41,647 | INFO | 02_preprocess_pupil | Session 39/721 | CSHL053 | 0deb75fb-9088-42d9-b744-012fb8fc4afb | extracting trial-level pupil features
2026-07-24 15:52:42,441 | INFO | 02_preprocess_pupil | Session 39/721 | CSHL053 | 0deb75fb-9088-42d9-b744-012fb8fc4afb | feature extraction complete | stimulus windows valid=87.9% | feedback windows valid=87.0%
2026-07-24 15:52:42,442 | INFO | 02_preprocess_pupil | Session 39/721 complete | status=success | source=cache | usable=True | missing=3.8% | session time=1s | cumulative trials=26193/472728 | usable=32 | rejected=2 | failed=5 | elapsed=34s | ETA=9m 47s
2026-07-24 15:52:42,442 | INFO | 02_preprocess_pupil | Session 40/721 | FMR027 | 0eab2fc7-a065-4841-b31f-39019a8e62f4 | trials=574 | expected source=cache | starting
2026-07-24 15:52:42,443 | INFO | 02_preprocess_pupil | Session 40/721 | FMR027 | 0eab2fc7-a065-4841-b31f-39019a8e62f4 | loading cached trace 0eab2fc7-a065-4841-b31f-39019a8e62f4.npz | size=4.9 MB
2026-07-24 15:52:42,468 | INFO | 02_preprocess_pupil | Session 40/721 | FMR027 | 0eab2fc7-a065-4841-b31f-39019a8e62f4 | cached trace loaded | samples=282900 | cleaned missing=14.0%
2026-07-24 15:52:42,470 | INFO | 02_preprocess_pupil | Session 40/721 | FMR027 | 0eab2fc7-a065-4841-b31f-39019a8e62f4 | extracting trial-level pupil features
2026-07-24 15:52:42,972 | INFO | 02_preprocess_pupil | Session 40/721 | FMR027 | 0eab2fc7-a065-4841-b31f-39019a8e62f4 | feature extraction complete | stimulus windows valid=79.3% | feedback windows valid=83.1%
2026-07-24 15:52:42,973 | INFO | 02_preprocess_pupil | Session 40/721 complete | status=success | source=cache | usable=True | missing=14.0% | session time=1s | cumulative trials=26767/472728 | usable=33 | rejected=2 | failed=5 | elapsed=34s | ETA=9m 41s
2026-07-24 15:52:42,974 | INFO | 02_preprocess_pupil | Session 41/721 | NYU-41 | 0f056fb2-239f-491f-bfbb-52a5384a5e8f | trials=856 | expected source=cache | starting
2026-07-24 15:52:42,974 | INFO | 02_preprocess_pupil | Session 41/721 | NYU-41 | 0f056fb2-239f-491f-bfbb-52a5384a5e8f | loading cached trace 0f056fb2-239f-491f-bfbb-52a5384a5e8f.npz | size=4.5 MB
2026-07-24 15:52:42,999 | INFO | 02_preprocess_pupil | Session 41/721 | NYU-41 | 0f056fb2-239f-491f-bfbb-52a5384a5e8f | cached trace loaded | samples=355354 | cleaned missing=30.6%
2026-07-24 15:52:43,003 | INFO | 02_preprocess_pupil | Session 41/721 | NYU-41 | 0f056fb2-239f-491f-bfbb-52a5384a5e8f | trace rejected by cleaned-missingness QC | threshold=30.0%
2026-07-24 15:52:43,003 | INFO | 02_preprocess_pupil | Session 41/721 complete | status=rejected_missingness | source=cache | usable=False | missing=30.6% | session time=0s | cumulative trials=27623/472728 | usable=33 | rejected=3 | failed=5 | elapsed=34s | ETA=9m 26s
2026-07-24 15:52:43,004 | INFO | 02_preprocess_pupil | Session 42/721 | NR_0027 | 0f77ca5d-73c2-45bd-aa4c-4c5ed275dbde | trials=1191 | expected source=cache | starting
2026-07-24 15:52:43,005 | INFO | 02_preprocess_pupil | Session 42/721 | NR_0027 | 0f77ca5d-73c2-45bd-aa4c-4c5ed275dbde | loading cached trace 0f77ca5d-73c2-45bd-aa4c-4c5ed275dbde.npz | size=7.7 MB
2026-07-24 15:52:43,042 | INFO | 02_preprocess_pupil | Session 42/721 | NR_0027 | 0f77ca5d-73c2-45bd-aa4c-4c5ed275dbde | cached trace loaded | samples=404757 | cleaned missing=6.1%
2026-07-24 15:52:43,044 | INFO | 02_preprocess_pupil | Session 42/721 | NR_0027 | 0f77ca5d-73c2-45bd-aa4c-4c5ed275dbde | extracting trial-level pupil features
2026-07-24 15:52:44,500 | INFO | 02_preprocess_pupil | Session 42/721 | NR_0027 | 0f77ca5d-73c2-45bd-aa4c-4c5ed275dbde | feature extraction complete | stimulus windows valid=90.4% | feedback windows valid=91.8%
2026-07-24 15:52:44,501 | INFO | 02_preprocess_pupil | Session 42/721 complete | status=success | source=cache | usable=True | missing=6.1% | session time=1s | cumulative trials=28814/472728 | usable=34 | rejected=3 | failed=5 | elapsed=36s | ETA=9m 36s
2026-07-24 15:52:44,502 | INFO | 02_preprocess_pupil | Session 43/721 | FMR009 | 10891de7-5737-4796-864a-9332036a60ac | trials=365 | expected source=cache | starting
2026-07-24 15:52:44,502 | INFO | 02_preprocess_pupil | Session 43/721 | FMR009 | 10891de7-5737-4796-864a-9332036a60ac | loading cached trace 10891de7-5737-4796-864a-9332036a60ac.npz | size=4.1 MB
2026-07-24 15:52:44,524 | INFO | 02_preprocess_pupil | Session 43/721 | FMR009 | 10891de7-5737-4796-864a-9332036a60ac | cached trace loaded | samples=261882 | cleaned missing=14.5%
2026-07-24 15:52:44,526 | INFO | 02_preprocess_pupil | Session 43/721 | FMR009 | 10891de7-5737-4796-864a-9332036a60ac | extracting trial-level pupil features
2026-07-24 15:52:44,836 | INFO | 02_preprocess_pupil | Session 43/721 | FMR009 | 10891de7-5737-4796-864a-9332036a60ac | feature extraction complete | stimulus windows valid=54.2% | feedback windows valid=47.7%
2026-07-24 15:52:44,837 | INFO | 02_preprocess_pupil | Session 43/721 complete | status=success | source=cache | usable=True | missing=14.5% | session time=0s | cumulative trials=29179/472728 | usable=35 | rejected=3 | failed=5 | elapsed=36s | ETA=9m 27s
2026-07-24 15:52:44,838 | INFO | 02_preprocess_pupil | Session 44/721 | FMR031 | 10f85ffa-1cf1-4bc2-885c-511e3209e7a1 | trials=557 | expected source=cache | starting
2026-07-24 15:52:44,838 | INFO | 02_preprocess_pupil | Session 44/721 | FMR031 | 10f85ffa-1cf1-4bc2-885c-511e3209e7a1 | loading cached trace 10f85ffa-1cf1-4bc2-885c-511e3209e7a1.npz | size=5.1 MB
2026-07-24 15:52:44,863 | INFO | 02_preprocess_pupil | Session 44/721 | FMR031 | 10f85ffa-1cf1-4bc2-885c-511e3209e7a1 | cached trace loaded | samples=301908 | cleaned missing=17.2%
2026-07-24 15:52:44,865 | INFO | 02_preprocess_pupil | Session 44/721 | FMR031 | 10f85ffa-1cf1-4bc2-885c-511e3209e7a1 | extracting trial-level pupil features
2026-07-24 15:52:45,372 | INFO | 02_preprocess_pupil | Session 44/721 | FMR031 | 10f85ffa-1cf1-4bc2-885c-511e3209e7a1 | feature extraction complete | stimulus windows valid=64.5% | feedback windows valid=55.5%
2026-07-24 15:52:45,373 | INFO | 02_preprocess_pupil | Session 44/721 complete | status=success | source=cache | usable=True | missing=17.2% | session time=1s | cumulative trials=29736/472728 | usable=36 | rejected=3 | failed=5 | elapsed=37s | ETA=9m 22s
2026-07-24 15:52:45,373 | INFO | 02_preprocess_pupil | Session 45/721 | PL017 | 10fac7a1-919d-4ca7-83c4-4675bd8d9416 | trials=546 | expected source=cache | starting
2026-07-24 15:52:45,374 | INFO | 02_preprocess_pupil | Session 45/721 | PL017 | 10fac7a1-919d-4ca7-83c4-4675bd8d9416 | loading cached trace 10fac7a1-919d-4ca7-83c4-4675bd8d9416.npz | size=3.3 MB
2026-07-24 15:52:45,391 | INFO | 02_preprocess_pupil | Session 45/721 | PL017 | 10fac7a1-919d-4ca7-83c4-4675bd8d9416 | cached trace loaded | samples=199126 | cleaned missing=20.8%
2026-07-24 15:52:45,392 | INFO | 02_preprocess_pupil | Session 45/721 | PL017 | 10fac7a1-919d-4ca7-83c4-4675bd8d9416 | extracting trial-level pupil features
2026-07-24 15:52:45,718 | INFO | 02_preprocess_pupil | Session 45/721 | PL017 | 10fac7a1-919d-4ca7-83c4-4675bd8d9416 | feature extraction complete | stimulus windows valid=27.8% | feedback windows valid=23.1%
2026-07-24 15:52:45,718 | INFO | 02_preprocess_pupil | Session 45/721 complete | status=success | source=cache | usable=True | missing=20.8% | session time=0s | cumulative trials=30282/472728 | usable=37 | rejected=3 | failed=5 | elapsed=37s | ETA=9m 14s
2026-07-24 15:52:45,719 | INFO | 02_preprocess_pupil | Session 46/721 | FMR015 | 1109474d-9805-4239-8fd8-707c94bb2928 | trials=765 | expected source=cache | starting
2026-07-24 15:52:45,719 | INFO | 02_preprocess_pupil | Session 46/721 | FMR015 | 1109474d-9805-4239-8fd8-707c94bb2928 | loading cached trace 1109474d-9805-4239-8fd8-707c94bb2928.npz | size=4.2 MB
2026-07-24 15:52:45,742 | INFO | 02_preprocess_pupil | Session 46/721 | FMR015 | 1109474d-9805-4239-8fd8-707c94bb2928 | cached trace loaded | samples=322064 | cleaned missing=42.0%
2026-07-24 15:52:45,746 | INFO | 02_preprocess_pupil | Session 46/721 | FMR015 | 1109474d-9805-4239-8fd8-707c94bb2928 | trace rejected by cleaned-missingness QC | threshold=30.0%
2026-07-24 15:52:45,746 | INFO | 02_preprocess_pupil | Session 46/721 complete | status=rejected_missingness | source=cache | usable=False | missing=42.0% | session time=0s | cumulative trials=31047/472728 | usable=37 | rejected=4 | failed=5 | elapsed=37s | ETA=9m 01s
2026-07-24 15:52:45,747 | INFO | 02_preprocess_pupil | Session 47/721 | MFD_07 | 11163613-a6c9-4975-9586-84dc00481547 | trials=816 | expected source=cache | starting
2026-07-24 15:52:45,747 | INFO | 02_preprocess_pupil | Session 47/721 | MFD_07 | 11163613-a6c9-4975-9586-84dc00481547 | loading cached trace 11163613-a6c9-4975-9586-84dc00481547.npz | size=5.8 MB
2026-07-24 15:52:45,778 | INFO | 02_preprocess_pupil | Session 47/721 | MFD_07 | 11163613-a6c9-4975-9586-84dc00481547 | cached trace loaded | samples=305958 | cleaned missing=7.5%
2026-07-24 15:52:45,779 | INFO | 02_preprocess_pupil | Session 47/721 | MFD_07 | 11163613-a6c9-4975-9586-84dc00481547 | extracting trial-level pupil features
2026-07-24 15:52:46,539 | INFO | 02_preprocess_pupil | Session 47/721 | MFD_07 | 11163613-a6c9-4975-9586-84dc00481547 | feature extraction complete | stimulus windows valid=85.0% | feedback windows valid=70.1%
2026-07-24 15:52:46,540 | INFO | 02_preprocess_pupil | Session 47/721 complete | status=success | source=cache | usable=True | missing=7.5% | session time=1s | cumulative trials=31863/472728 | usable=38 | rejected=4 | failed=5 | elapsed=38s | ETA=9m 00s
2026-07-24 15:52:46,541 | INFO | 02_preprocess_pupil | Session 48/721 | UCLA033 | 111c1762-7908-47e0-9f40-2f2ee55b6505 | trials=724 | expected source=cache | starting
2026-07-24 15:52:46,541 | INFO | 02_preprocess_pupil | Session 48/721 | UCLA033 | 111c1762-7908-47e0-9f40-2f2ee55b6505 | loading cached trace 111c1762-7908-47e0-9f40-2f2ee55b6505.npz | size=5.3 MB
2026-07-24 15:52:46,568 | INFO | 02_preprocess_pupil | Session 48/721 | UCLA033 | 111c1762-7908-47e0-9f40-2f2ee55b6505 | cached trace loaded | samples=276294 | cleaned missing=4.4%
2026-07-24 15:52:46,570 | INFO | 02_preprocess_pupil | Session 48/721 | UCLA033 | 111c1762-7908-47e0-9f40-2f2ee55b6505 | extracting trial-level pupil features
2026-07-24 15:52:47,184 | INFO | 02_preprocess_pupil | Session 48/721 | UCLA033 | 111c1762-7908-47e0-9f40-2f2ee55b6505 | feature extraction complete | stimulus windows valid=82.9% | feedback windows valid=85.8%
2026-07-24 15:52:47,185 | INFO | 02_preprocess_pupil | Session 48/721 complete | status=success | source=cache | usable=True | missing=4.4% | session time=1s | cumulative trials=32587/472728 | usable=39 | rejected=4 | failed=5 | elapsed=38s | ETA=8m 57s
2026-07-24 15:52:47,186 | INFO | 02_preprocess_pupil | Session 49/721 | ZFM-01937 | 113c5b6c-940e-4b21-b462-789b4c2be0e5 | trials=436 | expected source=cache | starting
2026-07-24 15:52:47,187 | INFO | 02_preprocess_pupil | Session 49/721 | ZFM-01937 | 113c5b6c-940e-4b21-b462-789b4c2be0e5 | loading cached trace 113c5b6c-940e-4b21-b462-789b4c2be0e5.npz | size=4.8 MB
2026-07-24 15:52:47,210 | INFO | 02_preprocess_pupil | Session 49/721 | ZFM-01937 | 113c5b6c-940e-4b21-b462-789b4c2be0e5 | cached trace loaded | samples=242869 | cleaned missing=1.5%
2026-07-24 15:52:47,211 | INFO | 02_preprocess_pupil | Session 49/721 | ZFM-01937 | 113c5b6c-940e-4b21-b462-789b4c2be0e5 | extracting trial-level pupil features
2026-07-24 15:52:47,545 | INFO | 02_preprocess_pupil | Session 49/721 | ZFM-01937 | 113c5b6c-940e-4b21-b462-789b4c2be0e5 | feature extraction complete | stimulus windows valid=92.9% | feedback windows valid=97.9%
2026-07-24 15:52:47,546 | INFO | 02_preprocess_pupil | Session 49/721 complete | status=success | source=cache | usable=True | missing=1.5% | session time=0s | cumulative trials=33023/472728 | usable=40 | rejected=4 | failed=5 | elapsed=39s | ETA=8m 50s
2026-07-24 15:52:47,547 | INFO | 02_preprocess_pupil | Session 50/721 | CSHL060 | 1191f865-b10a-45c8-9c48-24a980fd9402 | trials=966 | expected source=cache | starting
2026-07-24 15:52:47,547 | INFO | 02_preprocess_pupil | Session 50/721 | CSHL060 | 1191f865-b10a-45c8-9c48-24a980fd9402 | loading cached trace 1191f865-b10a-45c8-9c48-24a980fd9402.npz | size=6.8 MB
2026-07-24 15:52:47,581 | INFO | 02_preprocess_pupil | Session 50/721 | CSHL060 | 1191f865-b10a-45c8-9c48-24a980fd9402 | cached trace loaded | samples=384005 | cleaned missing=5.1%
2026-07-24 15:52:47,583 | INFO | 02_preprocess_pupil | Session 50/721 | CSHL060 | 1191f865-b10a-45c8-9c48-24a980fd9402 | extracting trial-level pupil features
2026-07-24 15:52:48,705 | INFO | 02_preprocess_pupil | Session 50/721 | CSHL060 | 1191f865-b10a-45c8-9c48-24a980fd9402 | feature extraction complete | stimulus windows valid=87.9% | feedback windows valid=89.9%
2026-07-24 15:52:48,705 | INFO | 02_preprocess_pupil | Session 50/721 complete | status=success | source=cache | usable=True | missing=5.1% | session time=1s | cumulative trials=33989/472728 | usable=41 | rejected=4 | failed=5 | elapsed=40s | ETA=8m 55s
2026-07-24 15:52:48,706 | INFO | 02_preprocess_pupil | Session 51/721 | CSK-im-009 | 12046ccd-b737-4c01-bc70-400f3b69291b | trials=1076 | expected source=ONE | starting
2026-07-24 15:52:48,706 | INFO | 02_preprocess_pupil | Session 51/721 | CSK-im-009 | 12046ccd-b737-4c01-bc70-400f3b69291b | cache miss; fetching trace from ONE
2026-07-24 15:52:48,706 | INFO | 02_preprocess_pupil | Session 51/721 | CSK-im-009 | 12046ccd-b737-4c01-bc70-400f3b69291b | listing camera datasets
2026-07-24 15:52:49,494 | INFO | 02_preprocess_pupil | Session 51/721 | CSK-im-009 | 12046ccd-b737-4c01-bc70-400f3b69291b | camera dataset listing complete | matches=5
2026-07-24 15:52:49,494 | INFO | 02_preprocess_pupil | Session 51/721 | CSK-im-009 | 12046ccd-b737-4c01-bc70-400f3b69291b | loading DLC dataset alf/_ibl_leftCamera.dlc.pqt
2026-07-24 15:52:49,666 | INFO | 02_preprocess_pupil | Session 51/721 | CSK-im-009 | 12046ccd-b737-4c01-bc70-400f3b69291b | DLC loaded | rows=374296 | columns=33
2026-07-24 15:52:49,666 | INFO | 02_preprocess_pupil | Session 51/721 | CSK-im-009 | 12046ccd-b737-4c01-bc70-400f3b69291b | loading timestamp dataset alf/_ibl_leftCamera.times.npy
2026-07-24 15:52:49,747 | INFO | 02_preprocess_pupil | Session 51/721 | CSK-im-009 | 12046ccd-b737-4c01-bc70-400f3b69291b | timestamps loaded | samples=374296 | duration=1h 43m 51s
2026-07-24 15:52:49,747 | INFO | 02_preprocess_pupil | Session 51/721 | CSK-im-009 | 12046ccd-b737-4c01-bc70-400f3b69291b | thresholding DLC likelihoods
2026-07-24 15:52:49,799 | INFO | 02_preprocess_pupil | Session 51/721 | CSK-im-009 | 12046ccd-b737-4c01-bc70-400f3b69291b | estimating raw pupil diameter
2026-07-24 15:52:50,174 | INFO | 02_preprocess_pupil | Session 51/721 | CSK-im-009 | 12046ccd-b737-4c01-bc70-400f3b69291b | raw pupil diameter ready | samples=374296 | missing=99.7%
2026-07-24 15:52:50,175 | INFO | 02_preprocess_pupil | Session 51/721 | CSK-im-009 | 12046ccd-b737-4c01-bc70-400f3b69291b | smoothing pupil diameter
2026-07-24 15:52:50,175 | WARNING | 02_preprocess_pupil | Session 51/721 failed | subject=CSK-im-009 | eid=12046ccd-b737-4c01-bc70-400f3b69291b | session elapsed=1s | error=ValueError: Raw pupil diameter for left is too often NaN, cannot smooth.
2026-07-24 15:52:50,178 | INFO | 02_preprocess_pupil | Session 51/721 complete | status=failed | source=none | usable=False | missing=n/a | session time=1s | cumulative trials=35065/472728 | usable=41 | rejected=4 | failed=6 | elapsed=41s | ETA=9m 03s
2026-07-24 15:52:50,179 | INFO | 02_preprocess_pupil | Session 52/721 | ZFM-04811 | 126cf6e8-fc3a-4fab-aad4-75772af0aa5d | trials=486 | expected source=cache | starting
2026-07-24 15:52:50,179 | INFO | 02_preprocess_pupil | Session 52/721 | ZFM-04811 | 126cf6e8-fc3a-4fab-aad4-75772af0aa5d | loading cached trace 126cf6e8-fc3a-4fab-aad4-75772af0aa5d.npz | size=3.5 MB
2026-07-24 15:52:50,197 | INFO | 02_preprocess_pupil | Session 52/721 | ZFM-04811 | 126cf6e8-fc3a-4fab-aad4-75772af0aa5d | cached trace loaded | samples=205719 | cleaned missing=33.0%
2026-07-24 15:52:50,200 | INFO | 02_preprocess_pupil | Session 52/721 | ZFM-04811 | 126cf6e8-fc3a-4fab-aad4-75772af0aa5d | trace rejected by cleaned-missingness QC | threshold=30.0%
2026-07-24 15:52:50,201 | INFO | 02_preprocess_pupil | Session 52/721 complete | status=rejected_missingness | source=cache | usable=False | missing=33.0% | session time=0s | cumulative trials=35551/472728 | usable=41 | rejected=5 | failed=6 | elapsed=41s | ETA=8m 52s
2026-07-24 15:52:50,202 | INFO | 02_preprocess_pupil | Session 53/721 | CSHL053 | 12dc8b34-b18e-4cdd-90a9-da134a9be79c | trials=907 | expected source=cache | starting
2026-07-24 15:52:50,202 | INFO | 02_preprocess_pupil | Session 53/721 | CSHL053 | 12dc8b34-b18e-4cdd-90a9-da134a9be79c | loading cached trace 12dc8b34-b18e-4cdd-90a9-da134a9be79c.npz | size=6.6 MB
2026-07-24 15:52:50,236 | INFO | 02_preprocess_pupil | Session 53/721 | CSHL053 | 12dc8b34-b18e-4cdd-90a9-da134a9be79c | cached trace loaded | samples=373017 | cleaned missing=3.1%
2026-07-24 15:52:50,237 | INFO | 02_preprocess_pupil | Session 53/721 | CSHL053 | 12dc8b34-b18e-4cdd-90a9-da134a9be79c | extracting trial-level pupil features
2026-07-24 15:52:51,252 | INFO | 02_preprocess_pupil | Session 53/721 | CSHL053 | 12dc8b34-b18e-4cdd-90a9-da134a9be79c | feature extraction complete | stimulus windows valid=84.0% | feedback windows valid=90.7%
2026-07-24 15:52:51,253 | INFO | 02_preprocess_pupil | Session 53/721 complete | status=success | source=cache | usable=True | missing=3.1% | session time=1s | cumulative trials=36458/472728 | usable=42 | rejected=5 | failed=6 | elapsed=42s | ETA=8m 54s
2026-07-24 15:52:51,254 | INFO | 02_preprocess_pupil | Session 54/721 | ZFM-04083 | 13fe7d4b-009c-4233-ac93-2da6c0dd78f4 | trials=695 | expected source=cache | starting
2026-07-24 15:52:51,254 | INFO | 02_preprocess_pupil | Session 54/721 | ZFM-04083 | 13fe7d4b-009c-4233-ac93-2da6c0dd78f4 | loading cached trace 13fe7d4b-009c-4233-ac93-2da6c0dd78f4.npz | size=3.5 MB
2026-07-24 15:52:51,273 | INFO | 02_preprocess_pupil | Session 54/721 | ZFM-04083 | 13fe7d4b-009c-4233-ac93-2da6c0dd78f4 | cached trace loaded | samples=210906 | cleaned missing=4.9%
2026-07-24 15:52:51,274 | INFO | 02_preprocess_pupil | Session 54/721 | ZFM-04083 | 13fe7d4b-009c-4233-ac93-2da6c0dd78f4 | extracting trial-level pupil features
2026-07-24 15:52:51,734 | INFO | 02_preprocess_pupil | Session 54/721 | ZFM-04083 | 13fe7d4b-009c-4233-ac93-2da6c0dd78f4 | feature extraction complete | stimulus windows valid=81.6% | feedback windows valid=85.5%
2026-07-24 15:52:51,735 | INFO | 02_preprocess_pupil | Session 54/721 complete | status=success | source=cache | usable=True | missing=4.9% | session time=0s | cumulative trials=37153/472728 | usable=43 | rejected=5 | failed=6 | elapsed=43s | ETA=8m 49s
2026-07-24 15:52:51,735 | INFO | 02_preprocess_pupil | Session 55/721 | PL037 | 14127fdb-2e66-4823-b124-f49c128ba94d | trials=629 | expected source=cache | starting
2026-07-24 15:52:51,736 | INFO | 02_preprocess_pupil | Session 55/721 | PL037 | 14127fdb-2e66-4823-b124-f49c128ba94d | loading cached trace 14127fdb-2e66-4823-b124-f49c128ba94d.npz | size=5.6 MB
2026-07-24 15:52:51,764 | INFO | 02_preprocess_pupil | Session 55/721 | PL037 | 14127fdb-2e66-4823-b124-f49c128ba94d | cached trace loaded | samples=300596 | cleaned missing=6.2%
2026-07-24 15:52:51,766 | INFO | 02_preprocess_pupil | Session 55/721 | PL037 | 14127fdb-2e66-4823-b124-f49c128ba94d | extracting trial-level pupil features
2026-07-24 15:52:52,351 | INFO | 02_preprocess_pupil | Session 55/721 | PL037 | 14127fdb-2e66-4823-b124-f49c128ba94d | feature extraction complete | stimulus windows valid=90.0% | feedback windows valid=89.2%
2026-07-24 15:52:52,352 | INFO | 02_preprocess_pupil | Session 55/721 complete | status=success | source=cache | usable=True | missing=6.2% | session time=1s | cumulative trials=37782/472728 | usable=44 | rejected=5 | failed=6 | elapsed=43s | ETA=8m 47s
2026-07-24 15:52:52,353 | INFO | 02_preprocess_pupil | Session 56/721 | NYU-38 | 149f3648-2394-4015-851b-7237e55dabd2 | trials=966 | expected source=cache | starting
2026-07-24 15:52:52,354 | INFO | 02_preprocess_pupil | Session 56/721 | NYU-38 | 149f3648-2394-4015-851b-7237e55dabd2 | loading cached trace 149f3648-2394-4015-851b-7237e55dabd2.npz | size=5.4 MB
2026-07-24 15:52:52,381 | INFO | 02_preprocess_pupil | Session 56/721 | NYU-38 | 149f3648-2394-4015-851b-7237e55dabd2 | cached trace loaded | samples=318675 | cleaned missing=4.9%
2026-07-24 15:52:52,383 | INFO | 02_preprocess_pupil | Session 56/721 | NYU-38 | 149f3648-2394-4015-851b-7237e55dabd2 | extracting trial-level pupil features
2026-07-24 15:52:53,325 | INFO | 02_preprocess_pupil | Session 56/721 | NYU-38 | 149f3648-2394-4015-851b-7237e55dabd2 | feature extraction complete | stimulus windows valid=80.7% | feedback windows valid=84.0%
2026-07-24 15:52:53,326 | INFO | 02_preprocess_pupil | Session 56/721 complete | status=success | source=cache | usable=True | missing=4.9% | session time=1s | cumulative trials=38748/472728 | usable=45 | rejected=5 | failed=6 | elapsed=44s | ETA=8m 48s
2026-07-24 15:52:53,326 | INFO | 02_preprocess_pupil | Session 57/721 | CSH_ZAD_026 | 15763234-d21e-491f-a01b-1238eb96d389 | trials=894 | expected source=ONE | starting
2026-07-24 15:52:53,327 | INFO | 02_preprocess_pupil | Session 57/721 | CSH_ZAD_026 | 15763234-d21e-491f-a01b-1238eb96d389 | cache miss; fetching trace from ONE
2026-07-24 15:52:53,327 | INFO | 02_preprocess_pupil | Session 57/721 | CSH_ZAD_026 | 15763234-d21e-491f-a01b-1238eb96d389 | listing camera datasets
2026-07-24 15:52:55,255 | INFO | 02_preprocess_pupil | Session 57/721 | CSH_ZAD_026 | 15763234-d21e-491f-a01b-1238eb96d389 | camera dataset listing complete | matches=8
2026-07-24 15:52:55,255 | INFO | 02_preprocess_pupil | Session 57/721 | CSH_ZAD_026 | 15763234-d21e-491f-a01b-1238eb96d389 | loading DLC dataset alf/_ibl_leftCamera.dlc.pqt
2026-07-24 15:52:55,436 | INFO | 02_preprocess_pupil | Session 57/721 | CSH_ZAD_026 | 15763234-d21e-491f-a01b-1238eb96d389 | DLC loaded | rows=369853 | columns=33
2026-07-24 15:52:55,437 | INFO | 02_preprocess_pupil | Session 57/721 | CSH_ZAD_026 | 15763234-d21e-491f-a01b-1238eb96d389 | loading timestamp dataset alf/_ibl_leftCamera.times.npy
2026-07-24 15:52:55,528 | INFO | 02_preprocess_pupil | Session 57/721 | CSH_ZAD_026 | 15763234-d21e-491f-a01b-1238eb96d389 | timestamps loaded | samples=369853 | duration=1h 42m 37s
2026-07-24 15:52:55,528 | INFO | 02_preprocess_pupil | Session 57/721 | CSH_ZAD_026 | 15763234-d21e-491f-a01b-1238eb96d389 | thresholding DLC likelihoods
2026-07-24 15:52:55,581 | INFO | 02_preprocess_pupil | Session 57/721 | CSH_ZAD_026 | 15763234-d21e-491f-a01b-1238eb96d389 | estimating raw pupil diameter
2026-07-24 15:52:55,956 | INFO | 02_preprocess_pupil | Session 57/721 | CSH_ZAD_026 | 15763234-d21e-491f-a01b-1238eb96d389 | raw pupil diameter ready | samples=369853 | missing=100.0%
2026-07-24 15:52:55,956 | INFO | 02_preprocess_pupil | Session 57/721 | CSH_ZAD_026 | 15763234-d21e-491f-a01b-1238eb96d389 | smoothing pupil diameter
2026-07-24 15:52:55,956 | WARNING | 02_preprocess_pupil | Session 57/721 failed | subject=CSH_ZAD_026 | eid=15763234-d21e-491f-a01b-1238eb96d389 | session elapsed=3s | error=ValueError: Raw pupil diameter for left is too often NaN, cannot smooth.
2026-07-24 15:52:55,959 | INFO | 02_preprocess_pupil | Session 57/721 complete | status=failed | source=none | usable=False | missing=n/a | session time=3s | cumulative trials=39642/472728 | usable=45 | rejected=5 | failed=7 | elapsed=47s | ETA=9m 09s
2026-07-24 15:52:55,960 | INFO | 02_preprocess_pupil | Session 58/721 | DY_009 | 158d5d35-a2ab-4a76-87b0-51048c5d5283 | trials=401 | expected source=cache | starting
2026-07-24 15:52:55,960 | INFO | 02_preprocess_pupil | Session 58/721 | DY_009 | 158d5d35-a2ab-4a76-87b0-51048c5d5283 | loading cached trace 158d5d35-a2ab-4a76-87b0-51048c5d5283.npz | size=4.5 MB
2026-07-24 15:52:55,983 | INFO | 02_preprocess_pupil | Session 58/721 | DY_009 | 158d5d35-a2ab-4a76-87b0-51048c5d5283 | cached trace loaded | samples=234254 | cleaned missing=2.4%
2026-07-24 15:52:55,985 | INFO | 02_preprocess_pupil | Session 58/721 | DY_009 | 158d5d35-a2ab-4a76-87b0-51048c5d5283 | extracting trial-level pupil features
2026-07-24 15:52:56,287 | INFO | 02_preprocess_pupil | Session 58/721 | DY_009 | 158d5d35-a2ab-4a76-87b0-51048c5d5283 | feature extraction complete | stimulus windows valid=90.3% | feedback windows valid=92.5%
2026-07-24 15:52:56,288 | INFO | 02_preprocess_pupil | Session 58/721 complete | status=success | source=cache | usable=True | missing=2.4% | session time=0s | cumulative trials=40043/472728 | usable=46 | rejected=5 | failed=7 | elapsed=47s | ETA=9m 02s
2026-07-24 15:52:56,288 | INFO | 02_preprocess_pupil | Session 59/721 | NYU-47 | 15948667-747b-4702-9d53-354ac70e9119 | trials=439 | expected source=cache | starting
2026-07-24 15:52:56,289 | INFO | 02_preprocess_pupil | Session 59/721 | NYU-47 | 15948667-747b-4702-9d53-354ac70e9119 | loading cached trace 15948667-747b-4702-9d53-354ac70e9119.npz | size=4.8 MB
2026-07-24 15:52:56,314 | INFO | 02_preprocess_pupil | Session 59/721 | NYU-47 | 15948667-747b-4702-9d53-354ac70e9119 | cached trace loaded | samples=271041 | cleaned missing=9.9%
2026-07-24 15:52:56,315 | INFO | 02_preprocess_pupil | Session 59/721 | NYU-47 | 15948667-747b-4702-9d53-354ac70e9119 | extracting trial-level pupil features
2026-07-24 15:52:56,684 | INFO | 02_preprocess_pupil | Session 59/721 | NYU-47 | 15948667-747b-4702-9d53-354ac70e9119 | feature extraction complete | stimulus windows valid=64.0% | feedback windows valid=64.2%
2026-07-24 15:52:56,684 | INFO | 02_preprocess_pupil | Session 59/721 complete | status=success | source=cache | usable=True | missing=9.9% | session time=0s | cumulative trials=40482/472728 | usable=47 | rejected=5 | failed=7 | elapsed=48s | ETA=8m 56s
2026-07-24 15:52:56,685 | INFO | 02_preprocess_pupil | Session 60/721 | MFD_07 | 15b69921-d471-4ded-8814-2adad954bcd8 | trials=825 | expected source=cache | starting
2026-07-24 15:52:56,685 | INFO | 02_preprocess_pupil | Session 60/721 | MFD_07 | 15b69921-d471-4ded-8814-2adad954bcd8 | loading cached trace 15b69921-d471-4ded-8814-2adad954bcd8.npz | size=5.8 MB
2026-07-24 15:52:56,715 | INFO | 02_preprocess_pupil | Session 60/721 | MFD_07 | 15b69921-d471-4ded-8814-2adad954bcd8 | cached trace loaded | samples=304968 | cleaned missing=4.3%
2026-07-24 15:52:56,717 | INFO | 02_preprocess_pupil | Session 60/721 | MFD_07 | 15b69921-d471-4ded-8814-2adad954bcd8 | extracting trial-level pupil features
2026-07-24 15:52:57,508 | INFO | 02_preprocess_pupil | Session 60/721 | MFD_07 | 15b69921-d471-4ded-8814-2adad954bcd8 | feature extraction complete | stimulus windows valid=88.8% | feedback windows valid=90.1%
2026-07-24 15:52:57,508 | INFO | 02_preprocess_pupil | Session 60/721 complete | status=success | source=cache | usable=True | missing=4.3% | session time=1s | cumulative trials=41307/472728 | usable=48 | rejected=5 | failed=7 | elapsed=49s | ETA=8m 56s
2026-07-24 15:52:57,509 | INFO | 02_preprocess_pupil | Session 61/721 | KS014 | 16693458-0801-4d35-a3f1-9115c7e5acfd | trials=531 | expected source=cache | starting
2026-07-24 15:52:57,509 | INFO | 02_preprocess_pupil | Session 61/721 | KS014 | 16693458-0801-4d35-a3f1-9115c7e5acfd | loading cached trace 16693458-0801-4d35-a3f1-9115c7e5acfd.npz | size=3.2 MB
2026-07-24 15:52:57,526 | INFO | 02_preprocess_pupil | Session 61/721 | KS014 | 16693458-0801-4d35-a3f1-9115c7e5acfd | cached trace loaded | samples=174780 | cleaned missing=10.6%
2026-07-24 15:52:57,528 | INFO | 02_preprocess_pupil | Session 61/721 | KS014 | 16693458-0801-4d35-a3f1-9115c7e5acfd | extracting trial-level pupil features
2026-07-24 15:52:57,839 | INFO | 02_preprocess_pupil | Session 61/721 | KS014 | 16693458-0801-4d35-a3f1-9115c7e5acfd | feature extraction complete | stimulus windows valid=78.0% | feedback windows valid=74.2%
2026-07-24 15:52:57,839 | INFO | 02_preprocess_pupil | Session 61/721 complete | status=success | source=cache | usable=True | missing=10.6% | session time=0s | cumulative trials=41838/472728 | usable=49 | rejected=5 | failed=7 | elapsed=49s | ETA=8m 50s
2026-07-24 15:52:57,840 | INFO | 02_preprocess_pupil | Session 62/721 | KS016 | 16c3667b-e0ea-43fb-9ad4-8dcd1e6c40e1 | trials=553 | expected source=cache | starting
2026-07-24 15:52:57,840 | INFO | 02_preprocess_pupil | Session 62/721 | KS016 | 16c3667b-e0ea-43fb-9ad4-8dcd1e6c40e1 | loading cached trace 16c3667b-e0ea-43fb-9ad4-8dcd1e6c40e1.npz | size=3.0 MB
2026-07-24 15:52:57,856 | INFO | 02_preprocess_pupil | Session 62/721 | KS016 | 16c3667b-e0ea-43fb-9ad4-8dcd1e6c40e1 | cached trace loaded | samples=172406 | cleaned missing=6.4%
2026-07-24 15:52:57,857 | INFO | 02_preprocess_pupil | Session 62/721 | KS016 | 16c3667b-e0ea-43fb-9ad4-8dcd1e6c40e1 | extracting trial-level pupil features
2026-07-24 15:52:58,169 | INFO | 02_preprocess_pupil | Session 62/721 | KS016 | 16c3667b-e0ea-43fb-9ad4-8dcd1e6c40e1 | feature extraction complete | stimulus windows valid=74.7% | feedback windows valid=69.3%
2026-07-24 15:52:58,169 | INFO | 02_preprocess_pupil | Session 62/721 complete | status=success | source=cache | usable=True | missing=6.4% | session time=0s | cumulative trials=42391/472728 | usable=50 | rejected=5 | failed=7 | elapsed=49s | ETA=8m 44s
2026-07-24 15:52:58,170 | INFO | 02_preprocess_pupil | Session 63/721 | FMR011 | 16de9158-837e-4508-871e-4ec2a698e234 | trials=632 | expected source=cache | starting
2026-07-24 15:52:58,171 | INFO | 02_preprocess_pupil | Session 63/721 | FMR011 | 16de9158-837e-4508-871e-4ec2a698e234 | loading cached trace 16de9158-837e-4508-871e-4ec2a698e234.npz | size=5.0 MB
2026-07-24 15:52:58,197 | INFO | 02_preprocess_pupil | Session 63/721 | FMR011 | 16de9158-837e-4508-871e-4ec2a698e234 | cached trace loaded | samples=323508 | cleaned missing=23.2%
2026-07-24 15:52:58,198 | INFO | 02_preprocess_pupil | Session 63/721 | FMR011 | 16de9158-837e-4508-871e-4ec2a698e234 | extracting trial-level pupil features
2026-07-24 15:52:58,828 | INFO | 02_preprocess_pupil | Session 63/721 | FMR011 | 16de9158-837e-4508-871e-4ec2a698e234 | feature extraction complete | stimulus windows valid=63.8% | feedback windows valid=62.0%
2026-07-24 15:52:58,829 | INFO | 02_preprocess_pupil | Session 63/721 complete | status=success | source=cache | usable=True | missing=23.2% | session time=1s | cumulative trials=43023/472728 | usable=51 | rejected=5 | failed=7 | elapsed=50s | ETA=8m 42s
2026-07-24 15:52:58,830 | INFO | 02_preprocess_pupil | Session 64/721 | ZFM-02181 | 16ed8681-52f4-4be5-af8d-94c2f9cf0d0a | trials=279 | expected source=cache | starting
2026-07-24 15:52:58,830 | INFO | 02_preprocess_pupil | Session 64/721 | ZFM-02181 | 16ed8681-52f4-4be5-af8d-94c2f9cf0d0a | loading cached trace 16ed8681-52f4-4be5-af8d-94c2f9cf0d0a.npz | size=1.8 MB
2026-07-24 15:52:58,840 | INFO | 02_preprocess_pupil | Session 64/721 | ZFM-02181 | 16ed8681-52f4-4be5-af8d-94c2f9cf0d0a | cached trace loaded | samples=116820 | cleaned missing=9.5%
2026-07-24 15:52:58,842 | INFO | 02_preprocess_pupil | Session 64/721 | ZFM-02181 | 16ed8681-52f4-4be5-af8d-94c2f9cf0d0a | extracting trial-level pupil features
2026-07-24 15:52:58,919 | INFO | 02_preprocess_pupil | Session 64/721 | ZFM-02181 | 16ed8681-52f4-4be5-af8d-94c2f9cf0d0a | feature extraction complete | stimulus windows valid=35.5% | feedback windows valid=35.1%
2026-07-24 15:52:58,920 | INFO | 02_preprocess_pupil | Session 64/721 complete | status=success | source=cache | usable=True | missing=9.5% | session time=0s | cumulative trials=43302/472728 | usable=52 | rejected=5 | failed=7 | elapsed=50s | ETA=8m 34s
2026-07-24 15:52:58,921 | INFO | 02_preprocess_pupil | Session 65/721 | ZFM-04080 | 18fb3a09-18e3-4d4b-8eff-f12d1509a553 | trials=498 | expected source=cache | starting
2026-07-24 15:52:58,922 | INFO | 02_preprocess_pupil | Session 65/721 | ZFM-04080 | 18fb3a09-18e3-4d4b-8eff-f12d1509a553 | loading cached trace 18fb3a09-18e3-4d4b-8eff-f12d1509a553.npz | size=2.6 MB
2026-07-24 15:52:58,937 | INFO | 02_preprocess_pupil | Session 65/721 | ZFM-04080 | 18fb3a09-18e3-4d4b-8eff-f12d1509a553 | cached trace loaded | samples=178990 | cleaned missing=27.6%
2026-07-24 15:52:58,938 | INFO | 02_preprocess_pupil | Session 65/721 | ZFM-04080 | 18fb3a09-18e3-4d4b-8eff-f12d1509a553 | extracting trial-level pupil features
2026-07-24 15:52:59,247 | INFO | 02_preprocess_pupil | Session 65/721 | ZFM-04080 | 18fb3a09-18e3-4d4b-8eff-f12d1509a553 | feature extraction complete | stimulus windows valid=39.8% | feedback windows valid=36.9%
2026-07-24 15:52:59,248 | INFO | 02_preprocess_pupil | Session 65/721 complete | status=success | source=cache | usable=True | missing=27.6% | session time=0s | cumulative trials=43800/472728 | usable=53 | rejected=5 | failed=7 | elapsed=50s | ETA=8m 28s
2026-07-24 15:52:59,249 | INFO | 02_preprocess_pupil | Session 66/721 | SWC_052 | 1928bf72-2002-46a6-8930-728420402e01 | trials=669 | expected source=ONE | starting
2026-07-24 15:52:59,249 | INFO | 02_preprocess_pupil | Session 66/721 | SWC_052 | 1928bf72-2002-46a6-8930-728420402e01 | cache miss; fetching trace from ONE
2026-07-24 15:52:59,249 | INFO | 02_preprocess_pupil | Session 66/721 | SWC_052 | 1928bf72-2002-46a6-8930-728420402e01 | listing camera datasets
2026-07-24 15:53:02,834 | INFO | 02_preprocess_pupil | Session 66/721 | SWC_052 | 1928bf72-2002-46a6-8930-728420402e01 | camera dataset listing complete | matches=8
2026-07-24 15:53:02,834 | INFO | 02_preprocess_pupil | Session 66/721 | SWC_052 | 1928bf72-2002-46a6-8930-728420402e01 | loading DLC dataset alf/_ibl_leftCamera.dlc.pqt
2026-07-24 15:53:03,017 | INFO | 02_preprocess_pupil | Session 66/721 | SWC_052 | 1928bf72-2002-46a6-8930-728420402e01 | DLC loaded | rows=330591 | columns=33
2026-07-24 15:53:03,018 | INFO | 02_preprocess_pupil | Session 66/721 | SWC_052 | 1928bf72-2002-46a6-8930-728420402e01 | loading timestamp dataset alf/_ibl_leftCamera.times.npy
2026-07-24 15:53:03,124 | INFO | 02_preprocess_pupil | Session 66/721 | SWC_052 | 1928bf72-2002-46a6-8930-728420402e01 | timestamps loaded | samples=330591 | duration=1h 32m 11s
2026-07-24 15:53:03,124 | INFO | 02_preprocess_pupil | Session 66/721 | SWC_052 | 1928bf72-2002-46a6-8930-728420402e01 | thresholding DLC likelihoods
2026-07-24 15:53:03,157 | INFO | 02_preprocess_pupil | Session 66/721 | SWC_052 | 1928bf72-2002-46a6-8930-728420402e01 | estimating raw pupil diameter
2026-07-24 15:53:03,280 | INFO | 02_preprocess_pupil | Session 66/721 | SWC_052 | 1928bf72-2002-46a6-8930-728420402e01 | raw pupil diameter ready | samples=330591 | missing=9.7%
2026-07-24 15:53:03,280 | INFO | 02_preprocess_pupil | Session 66/721 | SWC_052 | 1928bf72-2002-46a6-8930-728420402e01 | smoothing pupil diameter
2026-07-24 15:53:36,405 | INFO | 02_preprocess_pupil | Session 66/721 | SWC_052 | 1928bf72-2002-46a6-8930-728420402e01 | smoothing complete | missing=0.0%
2026-07-24 15:53:36,405 | INFO | 02_preprocess_pupil | Session 66/721 | SWC_052 | 1928bf72-2002-46a6-8930-728420402e01 | masking blink and velocity artifacts
2026-07-24 15:53:36,432 | INFO | 02_preprocess_pupil | Session 66/721 | SWC_052 | 1928bf72-2002-46a6-8930-728420402e01 | trace cleaning complete | cleaned missing=3.8% | artifact fraction=3.8%
2026-07-24 15:53:36,432 | INFO | 02_preprocess_pupil | Session 66/721 | SWC_052 | 1928bf72-2002-46a6-8930-728420402e01 | writing trace cache 1928bf72-2002-46a6-8930-728420402e01.npz
2026-07-24 15:53:36,690 | INFO | 02_preprocess_pupil | Session 66/721 | SWC_052 | 1928bf72-2002-46a6-8930-728420402e01 | trace cache written | size=6.2 MB
2026-07-24 15:53:36,692 | INFO | 02_preprocess_pupil | Session 66/721 | SWC_052 | 1928bf72-2002-46a6-8930-728420402e01 | extracting trial-level pupil features
2026-07-24 15:53:37,390 | INFO | 02_preprocess_pupil | Session 66/721 | SWC_052 | 1928bf72-2002-46a6-8930-728420402e01 | feature extraction complete | stimulus windows valid=82.7% | feedback windows valid=85.9%
2026-07-24 15:53:37,391 | INFO | 02_preprocess_pupil | Session 66/721 complete | status=success | source=one | usable=True | missing=3.8% | session time=38s | cumulative trials=44469/472728 | usable=54 | rejected=5 | failed=7 | elapsed=1m 29s | ETA=14m 38s
2026-07-24 15:53:37,392 | INFO | 02_preprocess_pupil | Session 67/721 | ZM_2240 | 193fe7a8-4eb5-4f3e-815a-0c45864ddd77 | trials=629 | expected source=ONE | starting
2026-07-24 15:53:37,392 | INFO | 02_preprocess_pupil | Session 67/721 | ZM_2240 | 193fe7a8-4eb5-4f3e-815a-0c45864ddd77 | cache miss; fetching trace from ONE
2026-07-24 15:53:37,392 | INFO | 02_preprocess_pupil | Session 67/721 | ZM_2240 | 193fe7a8-4eb5-4f3e-815a-0c45864ddd77 | listing camera datasets
2026-07-24 15:53:38,963 | INFO | 02_preprocess_pupil | Session 67/721 | ZM_2240 | 193fe7a8-4eb5-4f3e-815a-0c45864ddd77 | camera dataset listing complete | matches=9
2026-07-24 15:53:38,963 | INFO | 02_preprocess_pupil | Session 67/721 | ZM_2240 | 193fe7a8-4eb5-4f3e-815a-0c45864ddd77 | loading DLC dataset alf/_ibl_leftCamera.dlc.pqt
2026-07-24 15:53:39,133 | INFO | 02_preprocess_pupil | Session 67/721 | ZM_2240 | 193fe7a8-4eb5-4f3e-815a-0c45864ddd77 | DLC loaded | rows=256895 | columns=33
2026-07-24 15:53:39,133 | INFO | 02_preprocess_pupil | Session 67/721 | ZM_2240 | 193fe7a8-4eb5-4f3e-815a-0c45864ddd77 | loading timestamp dataset alf/#2023-04-20#/_ibl_leftCamera.times.npy
2026-07-24 15:53:39,223 | INFO | 02_preprocess_pupil | Session 67/721 | ZM_2240 | 193fe7a8-4eb5-4f3e-815a-0c45864ddd77 | timestamps loaded | samples=256895 | duration=1h 11m 17s
2026-07-24 15:53:39,223 | INFO | 02_preprocess_pupil | Session 67/721 | ZM_2240 | 193fe7a8-4eb5-4f3e-815a-0c45864ddd77 | thresholding DLC likelihoods
2026-07-24 15:53:39,251 | INFO | 02_preprocess_pupil | Session 67/721 | ZM_2240 | 193fe7a8-4eb5-4f3e-815a-0c45864ddd77 | estimating raw pupil diameter
2026-07-24 15:53:39,330 | INFO | 02_preprocess_pupil | Session 67/721 | ZM_2240 | 193fe7a8-4eb5-4f3e-815a-0c45864ddd77 | raw pupil diameter ready | samples=256895 | missing=3.1%
2026-07-24 15:53:39,330 | INFO | 02_preprocess_pupil | Session 67/721 | ZM_2240 | 193fe7a8-4eb5-4f3e-815a-0c45864ddd77 | smoothing pupil diameter
2026-07-24 15:54:07,106 | INFO | 02_preprocess_pupil | Session 67/721 | ZM_2240 | 193fe7a8-4eb5-4f3e-815a-0c45864ddd77 | smoothing complete | missing=0.0%
2026-07-24 15:54:07,106 | INFO | 02_preprocess_pupil | Session 67/721 | ZM_2240 | 193fe7a8-4eb5-4f3e-815a-0c45864ddd77 | masking blink and velocity artifacts
2026-07-24 15:54:07,126 | INFO | 02_preprocess_pupil | Session 67/721 | ZM_2240 | 193fe7a8-4eb5-4f3e-815a-0c45864ddd77 | trace cleaning complete | cleaned missing=2.3% | artifact fraction=2.3%
2026-07-24 15:54:07,126 | INFO | 02_preprocess_pupil | Session 67/721 | ZM_2240 | 193fe7a8-4eb5-4f3e-815a-0c45864ddd77 | writing trace cache 193fe7a8-4eb5-4f3e-815a-0c45864ddd77.npz
2026-07-24 15:54:07,323 | INFO | 02_preprocess_pupil | Session 67/721 | ZM_2240 | 193fe7a8-4eb5-4f3e-815a-0c45864ddd77 | trace cache written | size=4.9 MB
2026-07-24 15:54:07,325 | INFO | 02_preprocess_pupil | Session 67/721 | ZM_2240 | 193fe7a8-4eb5-4f3e-815a-0c45864ddd77 | extracting trial-level pupil features
2026-07-24 15:54:07,852 | INFO | 02_preprocess_pupil | Session 67/721 | ZM_2240 | 193fe7a8-4eb5-4f3e-815a-0c45864ddd77 | feature extraction complete | stimulus windows valid=90.0% | feedback windows valid=90.3%
2026-07-24 15:54:07,852 | INFO | 02_preprocess_pupil | Session 67/721 complete | status=success | source=one | usable=True | missing=2.3% | session time=30s | cumulative trials=45098/472728 | usable=55 | rejected=5 | failed=7 | elapsed=1m 59s | ETA=19m 21s
2026-07-24 15:54:07,853 | INFO | 02_preprocess_pupil | Session 68/721 | NR_0027 | 195443eb-08e9-4a18-a7e1-d105b2ce1429 | trials=1037 | expected source=ONE | starting
2026-07-24 15:54:07,854 | INFO | 02_preprocess_pupil | Session 68/721 | NR_0027 | 195443eb-08e9-4a18-a7e1-d105b2ce1429 | cache miss; fetching trace from ONE
2026-07-24 15:54:07,854 | INFO | 02_preprocess_pupil | Session 68/721 | NR_0027 | 195443eb-08e9-4a18-a7e1-d105b2ce1429 | listing camera datasets
2026-07-24 15:54:09,742 | INFO | 02_preprocess_pupil | Session 68/721 | NR_0027 | 195443eb-08e9-4a18-a7e1-d105b2ce1429 | camera dataset listing complete | matches=8
2026-07-24 15:54:09,742 | INFO | 02_preprocess_pupil | Session 68/721 | NR_0027 | 195443eb-08e9-4a18-a7e1-d105b2ce1429 | loading DLC dataset alf/_ibl_leftCamera.dlc.pqt
2026-07-24 15:54:09,966 | INFO | 02_preprocess_pupil | Session 68/721 | NR_0027 | 195443eb-08e9-4a18-a7e1-d105b2ce1429 | DLC loaded | rows=418315 | columns=33
2026-07-24 15:54:09,966 | INFO | 02_preprocess_pupil | Session 68/721 | NR_0027 | 195443eb-08e9-4a18-a7e1-d105b2ce1429 | loading timestamp dataset alf/_ibl_leftCamera.times.npy
2026-07-24 15:54:10,060 | INFO | 02_preprocess_pupil | Session 68/721 | NR_0027 | 195443eb-08e9-4a18-a7e1-d105b2ce1429 | timestamps loaded | samples=418315 | duration=1h 56m 07s
2026-07-24 15:54:10,060 | INFO | 02_preprocess_pupil | Session 68/721 | NR_0027 | 195443eb-08e9-4a18-a7e1-d105b2ce1429 | thresholding DLC likelihoods
2026-07-24 15:54:10,108 | INFO | 02_preprocess_pupil | Session 68/721 | NR_0027 | 195443eb-08e9-4a18-a7e1-d105b2ce1429 | estimating raw pupil diameter
2026-07-24 15:54:10,229 | INFO | 02_preprocess_pupil | Session 68/721 | NR_0027 | 195443eb-08e9-4a18-a7e1-d105b2ce1429 | raw pupil diameter ready | samples=418315 | missing=1.9%
2026-07-24 15:54:10,229 | INFO | 02_preprocess_pupil | Session 68/721 | NR_0027 | 195443eb-08e9-4a18-a7e1-d105b2ce1429 | smoothing pupil diameter
2026-07-24 15:54:56,101 | INFO | 02_preprocess_pupil | Session 68/721 | NR_0027 | 195443eb-08e9-4a18-a7e1-d105b2ce1429 | smoothing complete | missing=0.3%
2026-07-24 15:54:56,102 | INFO | 02_preprocess_pupil | Session 68/721 | NR_0027 | 195443eb-08e9-4a18-a7e1-d105b2ce1429 | masking blink and velocity artifacts
2026-07-24 15:54:56,135 | INFO | 02_preprocess_pupil | Session 68/721 | NR_0027 | 195443eb-08e9-4a18-a7e1-d105b2ce1429 | trace cleaning complete | cleaned missing=5.4% | artifact fraction=5.4%
2026-07-24 15:54:56,135 | INFO | 02_preprocess_pupil | Session 68/721 | NR_0027 | 195443eb-08e9-4a18-a7e1-d105b2ce1429 | writing trace cache 195443eb-08e9-4a18-a7e1-d105b2ce1429.npz
2026-07-24 15:54:56,470 | INFO | 02_preprocess_pupil | Session 68/721 | NR_0027 | 195443eb-08e9-4a18-a7e1-d105b2ce1429 | trace cache written | size=8.0 MB
2026-07-24 15:54:56,472 | INFO | 02_preprocess_pupil | Session 68/721 | NR_0027 | 195443eb-08e9-4a18-a7e1-d105b2ce1429 | extracting trial-level pupil features
2026-07-24 15:54:57,855 | INFO | 02_preprocess_pupil | Session 68/721 | NR_0027 | 195443eb-08e9-4a18-a7e1-d105b2ce1429 | feature extraction complete | stimulus windows valid=84.2% | feedback windows valid=89.3%
2026-07-24 15:54:57,855 | INFO | 02_preprocess_pupil | Session 68/721 complete | status=success | source=one | usable=True | missing=5.4% | session time=50s | cumulative trials=46135/472728 | usable=56 | rejected=5 | failed=7 | elapsed=2m 49s | ETA=27m 03s
2026-07-24 15:54:57,856 | INFO | 02_preprocess_pupil | Session 69/721 | KS091 | 196a2adf-ff83-49b2-823a-33f990049c2e | trials=600 | expected source=ONE | starting
2026-07-24 15:54:57,856 | INFO | 02_preprocess_pupil | Session 69/721 | KS091 | 196a2adf-ff83-49b2-823a-33f990049c2e | cache miss; fetching trace from ONE
2026-07-24 15:54:57,856 | INFO | 02_preprocess_pupil | Session 69/721 | KS091 | 196a2adf-ff83-49b2-823a-33f990049c2e | listing camera datasets
2026-07-24 15:55:00,036 | INFO | 02_preprocess_pupil | Session 69/721 | KS091 | 196a2adf-ff83-49b2-823a-33f990049c2e | camera dataset listing complete | matches=7
2026-07-24 15:55:00,036 | INFO | 02_preprocess_pupil | Session 69/721 | KS091 | 196a2adf-ff83-49b2-823a-33f990049c2e | loading DLC dataset alf/_ibl_leftCamera.dlc.pqt
2026-07-24 15:55:00,217 | INFO | 02_preprocess_pupil | Session 69/721 | KS091 | 196a2adf-ff83-49b2-823a-33f990049c2e | DLC loaded | rows=236057 | columns=33
2026-07-24 15:55:00,218 | INFO | 02_preprocess_pupil | Session 69/721 | KS091 | 196a2adf-ff83-49b2-823a-33f990049c2e | loading timestamp dataset alf/#2023-04-20#/_ibl_leftCamera.times.npy
2026-07-24 15:55:00,320 | INFO | 02_preprocess_pupil | Session 69/721 | KS091 | 196a2adf-ff83-49b2-823a-33f990049c2e | timestamps loaded | samples=236057 | duration=1h 05m 30s
2026-07-24 15:55:00,321 | INFO | 02_preprocess_pupil | Session 69/721 | KS091 | 196a2adf-ff83-49b2-823a-33f990049c2e | thresholding DLC likelihoods
2026-07-24 15:55:00,348 | INFO | 02_preprocess_pupil | Session 69/721 | KS091 | 196a2adf-ff83-49b2-823a-33f990049c2e | estimating raw pupil diameter
2026-07-24 15:55:00,423 | INFO | 02_preprocess_pupil | Session 69/721 | KS091 | 196a2adf-ff83-49b2-823a-33f990049c2e | raw pupil diameter ready | samples=236057 | missing=4.3%
2026-07-24 15:55:00,424 | INFO | 02_preprocess_pupil | Session 69/721 | KS091 | 196a2adf-ff83-49b2-823a-33f990049c2e | smoothing pupil diameter
2026-07-24 15:55:25,683 | INFO | 02_preprocess_pupil | Session 69/721 | KS091 | 196a2adf-ff83-49b2-823a-33f990049c2e | smoothing complete | missing=0.0%
2026-07-24 15:55:25,683 | INFO | 02_preprocess_pupil | Session 69/721 | KS091 | 196a2adf-ff83-49b2-823a-33f990049c2e | masking blink and velocity artifacts
2026-07-24 15:55:25,703 | INFO | 02_preprocess_pupil | Session 69/721 | KS091 | 196a2adf-ff83-49b2-823a-33f990049c2e | trace cleaning complete | cleaned missing=4.5% | artifact fraction=4.5%
2026-07-24 15:55:25,703 | INFO | 02_preprocess_pupil | Session 69/721 | KS091 | 196a2adf-ff83-49b2-823a-33f990049c2e | writing trace cache 196a2adf-ff83-49b2-823a-33f990049c2e.npz
2026-07-24 15:55:25,885 | INFO | 02_preprocess_pupil | Session 69/721 | KS091 | 196a2adf-ff83-49b2-823a-33f990049c2e | trace cache written | size=4.5 MB
2026-07-24 15:55:25,886 | INFO | 02_preprocess_pupil | Session 69/721 | KS091 | 196a2adf-ff83-49b2-823a-33f990049c2e | extracting trial-level pupil features
2026-07-24 15:55:26,331 | INFO | 02_preprocess_pupil | Session 69/721 | KS091 | 196a2adf-ff83-49b2-823a-33f990049c2e | feature extraction complete | stimulus windows valid=93.2% | feedback windows valid=95.2%
2026-07-24 15:55:26,332 | INFO | 02_preprocess_pupil | Session 69/721 complete | status=success | source=one | usable=True | missing=4.5% | session time=28s | cumulative trials=46735/472728 | usable=57 | rejected=5 | failed=7 | elapsed=3m 17s | ETA=31m 06s
2026-07-24 15:55:26,333 | INFO | 02_preprocess_pupil | Session 70/721 | UCLA034 | 19b44992-d527-4a12-8bda-aa11379cb08c | trials=436 | expected source=ONE | starting
2026-07-24 15:55:26,334 | INFO | 02_preprocess_pupil | Session 70/721 | UCLA034 | 19b44992-d527-4a12-8bda-aa11379cb08c | cache miss; fetching trace from ONE
2026-07-24 15:55:26,334 | INFO | 02_preprocess_pupil | Session 70/721 | UCLA034 | 19b44992-d527-4a12-8bda-aa11379cb08c | listing camera datasets
2026-07-24 15:55:28,560 | INFO | 02_preprocess_pupil | Session 70/721 | UCLA034 | 19b44992-d527-4a12-8bda-aa11379cb08c | camera dataset listing complete | matches=8
2026-07-24 15:55:28,560 | INFO | 02_preprocess_pupil | Session 70/721 | UCLA034 | 19b44992-d527-4a12-8bda-aa11379cb08c | loading DLC dataset alf/_ibl_leftCamera.dlc.pqt
2026-07-24 15:55:28,783 | INFO | 02_preprocess_pupil | Session 70/721 | UCLA034 | 19b44992-d527-4a12-8bda-aa11379cb08c | DLC loaded | rows=372534 | columns=33
2026-07-24 15:55:28,783 | INFO | 02_preprocess_pupil | Session 70/721 | UCLA034 | 19b44992-d527-4a12-8bda-aa11379cb08c | loading timestamp dataset alf/#2023-04-20#/_ibl_leftCamera.times.npy
2026-07-24 15:55:28,884 | INFO | 02_preprocess_pupil | Session 70/721 | UCLA034 | 19b44992-d527-4a12-8bda-aa11379cb08c | timestamps loaded | samples=372534 | duration=1h 41m 54s
2026-07-24 15:55:28,884 | INFO | 02_preprocess_pupil | Session 70/721 | UCLA034 | 19b44992-d527-4a12-8bda-aa11379cb08c | thresholding DLC likelihoods
2026-07-24 15:55:28,928 | INFO | 02_preprocess_pupil | Session 70/721 | UCLA034 | 19b44992-d527-4a12-8bda-aa11379cb08c | estimating raw pupil diameter
2026-07-24 15:55:29,137 | INFO | 02_preprocess_pupil | Session 70/721 | UCLA034 | 19b44992-d527-4a12-8bda-aa11379cb08c | raw pupil diameter ready | samples=372534 | missing=38.3%
2026-07-24 15:55:29,137 | INFO | 02_preprocess_pupil | Session 70/721 | UCLA034 | 19b44992-d527-4a12-8bda-aa11379cb08c | smoothing pupil diameter
2026-07-24 15:55:54,941 | INFO | 02_preprocess_pupil | Session 70/721 | UCLA034 | 19b44992-d527-4a12-8bda-aa11379cb08c | smoothing complete | missing=0.0%
2026-07-24 15:55:54,941 | INFO | 02_preprocess_pupil | Session 70/721 | UCLA034 | 19b44992-d527-4a12-8bda-aa11379cb08c | masking blink and velocity artifacts
2026-07-24 15:55:54,970 | INFO | 02_preprocess_pupil | Session 70/721 | UCLA034 | 19b44992-d527-4a12-8bda-aa11379cb08c | trace cleaning complete | cleaned missing=17.7% | artifact fraction=17.7%
2026-07-24 15:55:54,970 | INFO | 02_preprocess_pupil | Session 70/721 | UCLA034 | 19b44992-d527-4a12-8bda-aa11379cb08c | writing trace cache 19b44992-d527-4a12-8bda-aa11379cb08c.npz
2026-07-24 15:55:55,224 | INFO | 02_preprocess_pupil | Session 70/721 | UCLA034 | 19b44992-d527-4a12-8bda-aa11379cb08c | trace cache written | size=5.8 MB
2026-07-24 15:55:55,226 | INFO | 02_preprocess_pupil | Session 70/721 | UCLA034 | 19b44992-d527-4a12-8bda-aa11379cb08c | extracting trial-level pupil features
2026-07-24 15:55:55,706 | INFO | 02_preprocess_pupil | Session 70/721 | UCLA034 | 19b44992-d527-4a12-8bda-aa11379cb08c | feature extraction complete | stimulus windows valid=28.2% | feedback windows valid=19.5%
2026-07-24 15:55:55,707 | INFO | 02_preprocess_pupil | Session 70/721 complete | status=success | source=one | usable=True | missing=17.7% | session time=29s | cumulative trials=47171/472728 | usable=58 | rejected=5 | failed=7 | elapsed=3m 47s | ETA=35m 10s
2026-07-24 15:55:55,707 | INFO | 02_preprocess_pupil | Session 71/721 | ZFM-01935 | 1a507308-c63a-4e02-8f32-3239a07dc578 | trials=743 | expected source=ONE | starting
2026-07-24 15:55:55,708 | INFO | 02_preprocess_pupil | Session 71/721 | ZFM-01935 | 1a507308-c63a-4e02-8f32-3239a07dc578 | cache miss; fetching trace from ONE
2026-07-24 15:55:55,708 | INFO | 02_preprocess_pupil | Session 71/721 | ZFM-01935 | 1a507308-c63a-4e02-8f32-3239a07dc578 | listing camera datasets
2026-07-24 15:55:58,010 | INFO | 02_preprocess_pupil | Session 71/721 | ZFM-01935 | 1a507308-c63a-4e02-8f32-3239a07dc578 | camera dataset listing complete | matches=9
2026-07-24 15:55:58,010 | INFO | 02_preprocess_pupil | Session 71/721 | ZFM-01935 | 1a507308-c63a-4e02-8f32-3239a07dc578 | loading DLC dataset alf/_ibl_leftCamera.dlc.pqt
2026-07-24 15:55:58,219 | INFO | 02_preprocess_pupil | Session 71/721 | ZFM-01935 | 1a507308-c63a-4e02-8f32-3239a07dc578 | DLC loaded | rows=319395 | columns=33
2026-07-24 15:55:58,219 | INFO | 02_preprocess_pupil | Session 71/721 | ZFM-01935 | 1a507308-c63a-4e02-8f32-3239a07dc578 | loading timestamp dataset alf/_ibl_leftCamera.times.npy
2026-07-24 15:55:58,321 | INFO | 02_preprocess_pupil | Session 71/721 | ZFM-01935 | 1a507308-c63a-4e02-8f32-3239a07dc578 | timestamps loaded | samples=319395 | duration=1h 28m 35s
2026-07-24 15:55:58,321 | INFO | 02_preprocess_pupil | Session 71/721 | ZFM-01935 | 1a507308-c63a-4e02-8f32-3239a07dc578 | thresholding DLC likelihoods
2026-07-24 15:55:58,357 | INFO | 02_preprocess_pupil | Session 71/721 | ZFM-01935 | 1a507308-c63a-4e02-8f32-3239a07dc578 | estimating raw pupil diameter
2026-07-24 15:55:58,510 | INFO | 02_preprocess_pupil | Session 71/721 | ZFM-01935 | 1a507308-c63a-4e02-8f32-3239a07dc578 | raw pupil diameter ready | samples=319395 | missing=24.7%
2026-07-24 15:55:58,510 | INFO | 02_preprocess_pupil | Session 71/721 | ZFM-01935 | 1a507308-c63a-4e02-8f32-3239a07dc578 | smoothing pupil diameter
2026-07-24 15:56:25,472 | INFO | 02_preprocess_pupil | Session 71/721 | ZFM-01935 | 1a507308-c63a-4e02-8f32-3239a07dc578 | smoothing complete | missing=5.3%
2026-07-24 15:56:25,472 | INFO | 02_preprocess_pupil | Session 71/721 | ZFM-01935 | 1a507308-c63a-4e02-8f32-3239a07dc578 | masking blink and velocity artifacts
2026-07-24 15:56:25,498 | INFO | 02_preprocess_pupil | Session 71/721 | ZFM-01935 | 1a507308-c63a-4e02-8f32-3239a07dc578 | trace cleaning complete | cleaned missing=11.8% | artifact fraction=11.8%
2026-07-24 15:56:25,499 | INFO | 02_preprocess_pupil | Session 71/721 | ZFM-01935 | 1a507308-c63a-4e02-8f32-3239a07dc578 | writing trace cache 1a507308-c63a-4e02-8f32-3239a07dc578.npz
2026-07-24 15:56:25,715 | INFO | 02_preprocess_pupil | Session 71/721 | ZFM-01935 | 1a507308-c63a-4e02-8f32-3239a07dc578 | trace cache written | size=5.5 MB
2026-07-24 15:56:25,717 | INFO | 02_preprocess_pupil | Session 71/721 | ZFM-01935 | 1a507308-c63a-4e02-8f32-3239a07dc578 | extracting trial-level pupil features
2026-07-24 15:56:26,428 | INFO | 02_preprocess_pupil | Session 71/721 | ZFM-01935 | 1a507308-c63a-4e02-8f32-3239a07dc578 | feature extraction complete | stimulus windows valid=78.1% | feedback windows valid=70.3%
2026-07-24 15:56:26,429 | INFO | 02_preprocess_pupil | Session 71/721 complete | status=success | source=one | usable=True | missing=11.8% | session time=31s | cumulative trials=47914/472728 | usable=59 | rejected=5 | failed=7 | elapsed=4m 18s | ETA=39m 18s
2026-07-24 15:56:26,429 | INFO | 02_preprocess_pupil | Session 72/721 | PL017 | 1b61b7f2-a599-4e40-abd6-3e758d2c9e25 | trials=875 | expected source=ONE | starting
2026-07-24 15:56:26,430 | INFO | 02_preprocess_pupil | Session 72/721 | PL017 | 1b61b7f2-a599-4e40-abd6-3e758d2c9e25 | cache miss; fetching trace from ONE
2026-07-24 15:56:26,430 | INFO | 02_preprocess_pupil | Session 72/721 | PL017 | 1b61b7f2-a599-4e40-abd6-3e758d2c9e25 | listing camera datasets
2026-07-24 15:56:28,091 | INFO | 02_preprocess_pupil | Session 72/721 | PL017 | 1b61b7f2-a599-4e40-abd6-3e758d2c9e25 | camera dataset listing complete | matches=8
2026-07-24 15:56:28,091 | INFO | 02_preprocess_pupil | Session 72/721 | PL017 | 1b61b7f2-a599-4e40-abd6-3e758d2c9e25 | loading DLC dataset alf/_ibl_leftCamera.dlc.pqt
2026-07-24 15:56:28,290 | INFO | 02_preprocess_pupil | Session 72/721 | PL017 | 1b61b7f2-a599-4e40-abd6-3e758d2c9e25 | DLC loaded | rows=294097 | columns=33
2026-07-24 15:56:28,291 | INFO | 02_preprocess_pupil | Session 72/721 | PL017 | 1b61b7f2-a599-4e40-abd6-3e758d2c9e25 | loading timestamp dataset alf/_ibl_leftCamera.times.npy
2026-07-24 15:56:28,382 | INFO | 02_preprocess_pupil | Session 72/721 | PL017 | 1b61b7f2-a599-4e40-abd6-3e758d2c9e25 | timestamps loaded | samples=294097 | duration=1h 21m 36s
2026-07-24 15:56:28,382 | INFO | 02_preprocess_pupil | Session 72/721 | PL017 | 1b61b7f2-a599-4e40-abd6-3e758d2c9e25 | thresholding DLC likelihoods
2026-07-24 15:56:28,410 | INFO | 02_preprocess_pupil | Session 72/721 | PL017 | 1b61b7f2-a599-4e40-abd6-3e758d2c9e25 | estimating raw pupil diameter
2026-07-24 15:56:28,503 | INFO | 02_preprocess_pupil | Session 72/721 | PL017 | 1b61b7f2-a599-4e40-abd6-3e758d2c9e25 | raw pupil diameter ready | samples=294097 | missing=2.9%
2026-07-24 15:56:28,503 | INFO | 02_preprocess_pupil | Session 72/721 | PL017 | 1b61b7f2-a599-4e40-abd6-3e758d2c9e25 | smoothing pupil diameter
2026-07-24 15:57:00,029 | INFO | 02_preprocess_pupil | Session 72/721 | PL017 | 1b61b7f2-a599-4e40-abd6-3e758d2c9e25 | smoothing complete | missing=0.0%
2026-07-24 15:57:00,029 | INFO | 02_preprocess_pupil | Session 72/721 | PL017 | 1b61b7f2-a599-4e40-abd6-3e758d2c9e25 | masking blink and velocity artifacts
2026-07-24 15:57:00,051 | INFO | 02_preprocess_pupil | Session 72/721 | PL017 | 1b61b7f2-a599-4e40-abd6-3e758d2c9e25 | trace cleaning complete | cleaned missing=5.3% | artifact fraction=5.3%
2026-07-24 15:57:00,052 | INFO | 02_preprocess_pupil | Session 72/721 | PL017 | 1b61b7f2-a599-4e40-abd6-3e758d2c9e25 | writing trace cache 1b61b7f2-a599-4e40-abd6-3e758d2c9e25.npz
2026-07-24 15:57:00,282 | INFO | 02_preprocess_pupil | Session 72/721 | PL017 | 1b61b7f2-a599-4e40-abd6-3e758d2c9e25 | trace cache written | size=5.6 MB
2026-07-24 15:57:00,284 | INFO | 02_preprocess_pupil | Session 72/721 | PL017 | 1b61b7f2-a599-4e40-abd6-3e758d2c9e25 | extracting trial-level pupil features
2026-07-24 15:57:01,063 | INFO | 02_preprocess_pupil | Session 72/721 | PL017 | 1b61b7f2-a599-4e40-abd6-3e758d2c9e25 | feature extraction complete | stimulus windows valid=76.6% | feedback windows valid=88.7%
2026-07-24 15:57:01,064 | INFO | 02_preprocess_pupil | Session 72/721 complete | status=success | source=one | usable=True | missing=5.3% | session time=35s | cumulative trials=48789/472728 | usable=60 | rejected=5 | failed=7 | elapsed=4m 52s | ETA=43m 54s
2026-07-24 15:57:01,064 | INFO | 02_preprocess_pupil | Session 73/721 | KS096 | 1b9e349e-93f2-41cc-a4b5-b212d7ddc8df | trials=1140 | expected source=ONE | starting
2026-07-24 15:57:01,065 | INFO | 02_preprocess_pupil | Session 73/721 | KS096 | 1b9e349e-93f2-41cc-a4b5-b212d7ddc8df | cache miss; fetching trace from ONE
2026-07-24 15:57:01,065 | INFO | 02_preprocess_pupil | Session 73/721 | KS096 | 1b9e349e-93f2-41cc-a4b5-b212d7ddc8df | listing camera datasets
2026-07-24 15:57:04,397 | INFO | 02_preprocess_pupil | Session 73/721 | KS096 | 1b9e349e-93f2-41cc-a4b5-b212d7ddc8df | camera dataset listing complete | matches=8
2026-07-24 15:57:04,398 | INFO | 02_preprocess_pupil | Session 73/721 | KS096 | 1b9e349e-93f2-41cc-a4b5-b212d7ddc8df | loading DLC dataset alf/_ibl_leftCamera.dlc.pqt
2026-07-24 15:57:14,200 | INFO | 02_preprocess_pupil | Session 73/721 | KS096 | 1b9e349e-93f2-41cc-a4b5-b212d7ddc8df | DLC loaded | rows=392078 | columns=33
2026-07-24 15:57:14,200 | INFO | 02_preprocess_pupil | Session 73/721 | KS096 | 1b9e349e-93f2-41cc-a4b5-b212d7ddc8df | loading timestamp dataset alf/_ibl_leftCamera.times.npy
2026-07-24 15:57:15,775 | INFO | 02_preprocess_pupil | Session 73/721 | KS096 | 1b9e349e-93f2-41cc-a4b5-b212d7ddc8df | timestamps loaded | samples=392078 | duration=1h 48m 47s
2026-07-24 15:57:15,775 | INFO | 02_preprocess_pupil | Session 73/721 | KS096 | 1b9e349e-93f2-41cc-a4b5-b212d7ddc8df | thresholding DLC likelihoods
2026-07-24 15:57:15,813 | INFO | 02_preprocess_pupil | Session 73/721 | KS096 | 1b9e349e-93f2-41cc-a4b5-b212d7ddc8df | estimating raw pupil diameter
2026-07-24 15:57:15,952 | INFO | 02_preprocess_pupil | Session 73/721 | KS096 | 1b9e349e-93f2-41cc-a4b5-b212d7ddc8df | raw pupil diameter ready | samples=392078 | missing=9.8%
2026-07-24 15:57:15,952 | INFO | 02_preprocess_pupil | Session 73/721 | KS096 | 1b9e349e-93f2-41cc-a4b5-b212d7ddc8df | smoothing pupil diameter
2026-07-24 15:57:55,234 | INFO | 02_preprocess_pupil | Session 73/721 | KS096 | 1b9e349e-93f2-41cc-a4b5-b212d7ddc8df | smoothing complete | missing=1.9%
2026-07-24 15:57:55,235 | INFO | 02_preprocess_pupil | Session 73/721 | KS096 | 1b9e349e-93f2-41cc-a4b5-b212d7ddc8df | masking blink and velocity artifacts
2026-07-24 15:57:55,265 | INFO | 02_preprocess_pupil | Session 73/721 | KS096 | 1b9e349e-93f2-41cc-a4b5-b212d7ddc8df | trace cleaning complete | cleaned missing=7.3% | artifact fraction=7.3%
2026-07-24 15:57:55,266 | INFO | 02_preprocess_pupil | Session 73/721 | KS096 | 1b9e349e-93f2-41cc-a4b5-b212d7ddc8df | writing trace cache 1b9e349e-93f2-41cc-a4b5-b212d7ddc8df.npz
2026-07-24 15:57:55,550 | INFO | 02_preprocess_pupil | Session 73/721 | KS096 | 1b9e349e-93f2-41cc-a4b5-b212d7ddc8df | trace cache written | size=7.2 MB
2026-07-24 15:57:55,553 | INFO | 02_preprocess_pupil | Session 73/721 | KS096 | 1b9e349e-93f2-41cc-a4b5-b212d7ddc8df | extracting trial-level pupil features
2026-07-24 15:57:56,935 | INFO | 02_preprocess_pupil | Session 73/721 | KS096 | 1b9e349e-93f2-41cc-a4b5-b212d7ddc8df | feature extraction complete | stimulus windows valid=84.0% | feedback windows valid=84.6%
2026-07-24 15:57:56,935 | INFO | 02_preprocess_pupil | Session 73/721 complete | status=success | source=one | usable=True | missing=7.3% | session time=56s | cumulative trials=49929/472728 | usable=61 | rejected=5 | failed=7 | elapsed=5m 48s | ETA=51m 30s
2026-07-24 15:57:56,936 | INFO | 02_preprocess_pupil | Session 74/721 | ZFM-02181 | 1bcae406-0251-425a-8cc6-cabd18001439 | trials=346 | expected source=ONE | starting
2026-07-24 15:57:56,937 | INFO | 02_preprocess_pupil | Session 74/721 | ZFM-02181 | 1bcae406-0251-425a-8cc6-cabd18001439 | cache miss; fetching trace from ONE
2026-07-24 15:57:56,937 | INFO | 02_preprocess_pupil | Session 74/721 | ZFM-02181 | 1bcae406-0251-425a-8cc6-cabd18001439 | listing camera datasets
2026-07-24 15:57:57,536 | INFO | 02_preprocess_pupil | Session 74/721 | ZFM-02181 | 1bcae406-0251-425a-8cc6-cabd18001439 | camera dataset listing complete | matches=4
2026-07-24 15:57:57,537 | INFO | 02_preprocess_pupil | Session 74/721 | ZFM-02181 | 1bcae406-0251-425a-8cc6-cabd18001439 | loading DLC dataset alf/_ibl_leftCamera.dlc.pqt
2026-07-24 15:58:01,617 | INFO | 02_preprocess_pupil | Session 74/721 | ZFM-02181 | 1bcae406-0251-425a-8cc6-cabd18001439 | DLC loaded | rows=168674 | columns=33
2026-07-24 15:58:01,617 | INFO | 02_preprocess_pupil | Session 74/721 | ZFM-02181 | 1bcae406-0251-425a-8cc6-cabd18001439 | loading timestamp dataset alf/_ibl_leftCamera.times.npy
2026-07-24 15:58:03,036 | INFO | 02_preprocess_pupil | Session 74/721 | ZFM-02181 | 1bcae406-0251-425a-8cc6-cabd18001439 | timestamps loaded | samples=168674 | duration=46m 47s
2026-07-24 15:58:03,037 | INFO | 02_preprocess_pupil | Session 74/721 | ZFM-02181 | 1bcae406-0251-425a-8cc6-cabd18001439 | thresholding DLC likelihoods
2026-07-24 15:58:03,061 | INFO | 02_preprocess_pupil | Session 74/721 | ZFM-02181 | 1bcae406-0251-425a-8cc6-cabd18001439 | estimating raw pupil diameter
2026-07-24 15:58:03,133 | INFO | 02_preprocess_pupil | Session 74/721 | ZFM-02181 | 1bcae406-0251-425a-8cc6-cabd18001439 | raw pupil diameter ready | samples=168674 | missing=15.5%
2026-07-24 15:58:03,134 | INFO | 02_preprocess_pupil | Session 74/721 | ZFM-02181 | 1bcae406-0251-425a-8cc6-cabd18001439 | smoothing pupil diameter
2026-07-24 15:58:19,164 | INFO | 02_preprocess_pupil | Session 74/721 | ZFM-02181 | 1bcae406-0251-425a-8cc6-cabd18001439 | smoothing complete | missing=0.0%
2026-07-24 15:58:19,164 | INFO | 02_preprocess_pupil | Session 74/721 | ZFM-02181 | 1bcae406-0251-425a-8cc6-cabd18001439 | masking blink and velocity artifacts
2026-07-24 15:58:19,178 | INFO | 02_preprocess_pupil | Session 74/721 | ZFM-02181 | 1bcae406-0251-425a-8cc6-cabd18001439 | trace cleaning complete | cleaned missing=8.1% | artifact fraction=8.1%
2026-07-24 15:58:19,178 | INFO | 02_preprocess_pupil | Session 74/721 | ZFM-02181 | 1bcae406-0251-425a-8cc6-cabd18001439 | writing trace cache 1bcae406-0251-425a-8cc6-cabd18001439.npz
2026-07-24 15:58:19,288 | INFO | 02_preprocess_pupil | Session 74/721 | ZFM-02181 | 1bcae406-0251-425a-8cc6-cabd18001439 | trace cache written | size=2.8 MB
2026-07-24 15:58:19,289 | INFO | 02_preprocess_pupil | Session 74/721 | ZFM-02181 | 1bcae406-0251-425a-8cc6-cabd18001439 | extracting trial-level pupil features
2026-07-24 15:58:19,484 | INFO | 02_preprocess_pupil | Session 74/721 | ZFM-02181 | 1bcae406-0251-425a-8cc6-cabd18001439 | feature extraction complete | stimulus windows valid=69.1% | feedback windows valid=61.3%
2026-07-24 15:58:19,485 | INFO | 02_preprocess_pupil | Session 74/721 complete | status=success | source=one | usable=True | missing=8.1% | session time=23s | cumulative trials=50275/472728 | usable=62 | rejected=5 | failed=7 | elapsed=6m 11s | ETA=54m 00s
2026-07-24 15:58:19,486 | INFO | 02_preprocess_pupil | Session 75/721 | NR_0021 | 1ca83b26-30fc-4350-a616-c38b7d00d240 | trials=586 | expected source=ONE | starting
2026-07-24 15:58:19,486 | INFO | 02_preprocess_pupil | Session 75/721 | NR_0021 | 1ca83b26-30fc-4350-a616-c38b7d00d240 | cache miss; fetching trace from ONE
2026-07-24 15:58:19,487 | INFO | 02_preprocess_pupil | Session 75/721 | NR_0021 | 1ca83b26-30fc-4350-a616-c38b7d00d240 | listing camera datasets
2026-07-24 15:58:22,160 | INFO | 02_preprocess_pupil | Session 75/721 | NR_0021 | 1ca83b26-30fc-4350-a616-c38b7d00d240 | camera dataset listing complete | matches=8
2026-07-24 15:58:22,160 | INFO | 02_preprocess_pupil | Session 75/721 | NR_0021 | 1ca83b26-30fc-4350-a616-c38b7d00d240 | loading DLC dataset alf/_ibl_leftCamera.dlc.pqt
2026-07-24 15:58:22,374 | INFO | 02_preprocess_pupil | Session 75/721 | NR_0021 | 1ca83b26-30fc-4350-a616-c38b7d00d240 | DLC loaded | rows=279647 | columns=33
2026-07-24 15:58:22,374 | INFO | 02_preprocess_pupil | Session 75/721 | NR_0021 | 1ca83b26-30fc-4350-a616-c38b7d00d240 | loading timestamp dataset alf/_ibl_leftCamera.times.npy
2026-07-24 15:58:22,491 | INFO | 02_preprocess_pupil | Session 75/721 | NR_0021 | 1ca83b26-30fc-4350-a616-c38b7d00d240 | timestamps loaded | samples=279647 | duration=1h 17m 37s
2026-07-24 15:58:22,491 | INFO | 02_preprocess_pupil | Session 75/721 | NR_0021 | 1ca83b26-30fc-4350-a616-c38b7d00d240 | thresholding DLC likelihoods
2026-07-24 15:58:22,533 | INFO | 02_preprocess_pupil | Session 75/721 | NR_0021 | 1ca83b26-30fc-4350-a616-c38b7d00d240 | estimating raw pupil diameter
2026-07-24 15:58:22,625 | INFO | 02_preprocess_pupil | Session 75/721 | NR_0021 | 1ca83b26-30fc-4350-a616-c38b7d00d240 | raw pupil diameter ready | samples=279647 | missing=6.0%
2026-07-24 15:58:22,626 | INFO | 02_preprocess_pupil | Session 75/721 | NR_0021 | 1ca83b26-30fc-4350-a616-c38b7d00d240 | smoothing pupil diameter
2026-07-24 15:58:51,934 | INFO | 02_preprocess_pupil | Session 75/721 | NR_0021 | 1ca83b26-30fc-4350-a616-c38b7d00d240 | smoothing complete | missing=0.3%
2026-07-24 15:58:51,934 | INFO | 02_preprocess_pupil | Session 75/721 | NR_0021 | 1ca83b26-30fc-4350-a616-c38b7d00d240 | masking blink and velocity artifacts
2026-07-24 15:58:51,957 | INFO | 02_preprocess_pupil | Session 75/721 | NR_0021 | 1ca83b26-30fc-4350-a616-c38b7d00d240 | trace cleaning complete | cleaned missing=9.8% | artifact fraction=9.8%
2026-07-24 15:58:51,957 | INFO | 02_preprocess_pupil | Session 75/721 | NR_0021 | 1ca83b26-30fc-4350-a616-c38b7d00d240 | writing trace cache 1ca83b26-30fc-4350-a616-c38b7d00d240.npz
2026-07-24 15:58:52,172 | INFO | 02_preprocess_pupil | Session 75/721 | NR_0021 | 1ca83b26-30fc-4350-a616-c38b7d00d240 | trace cache written | size=5.2 MB
2026-07-24 15:58:52,173 | INFO | 02_preprocess_pupil | Session 75/721 | NR_0021 | 1ca83b26-30fc-4350-a616-c38b7d00d240 | extracting trial-level pupil features
2026-07-24 15:58:52,679 | INFO | 02_preprocess_pupil | Session 75/721 | NR_0021 | 1ca83b26-30fc-4350-a616-c38b7d00d240 | feature extraction complete | stimulus windows valid=81.4% | feedback windows valid=79.2%
2026-07-24 15:58:52,679 | INFO | 02_preprocess_pupil | Session 75/721 complete | status=success | source=one | usable=True | missing=9.8% | session time=33s | cumulative trials=50861/472728 | usable=63 | rejected=5 | failed=7 | elapsed=6m 44s | ETA=57m 58s
2026-07-24 15:58:52,680 | INFO | 02_preprocess_pupil | Session 76/721 | ZFM-04080 | 1d3b694b-f781-40b3-aacc-09729648fdfc | trials=611 | expected source=ONE | starting
2026-07-24 15:58:52,681 | INFO | 02_preprocess_pupil | Session 76/721 | ZFM-04080 | 1d3b694b-f781-40b3-aacc-09729648fdfc | cache miss; fetching trace from ONE
2026-07-24 15:58:52,681 | INFO | 02_preprocess_pupil | Session 76/721 | ZFM-04080 | 1d3b694b-f781-40b3-aacc-09729648fdfc | listing camera datasets
2026-07-24 15:58:53,229 | INFO | 02_preprocess_pupil | Session 76/721 | ZFM-04080 | 1d3b694b-f781-40b3-aacc-09729648fdfc | camera dataset listing complete | matches=5
2026-07-24 15:58:53,229 | INFO | 02_preprocess_pupil | Session 76/721 | ZFM-04080 | 1d3b694b-f781-40b3-aacc-09729648fdfc | loading DLC dataset alf/_ibl_leftCamera.dlc.pqt
2026-07-24 15:58:58,507 | INFO | 02_preprocess_pupil | Session 76/721 | ZFM-04080 | 1d3b694b-f781-40b3-aacc-09729648fdfc | DLC loaded | rows=209102 | columns=33
2026-07-24 15:58:58,507 | INFO | 02_preprocess_pupil | Session 76/721 | ZFM-04080 | 1d3b694b-f781-40b3-aacc-09729648fdfc | loading timestamp dataset alf/_ibl_leftCamera.times.npy
2026-07-24 15:58:59,794 | INFO | 02_preprocess_pupil | Session 76/721 | ZFM-04080 | 1d3b694b-f781-40b3-aacc-09729648fdfc | timestamps loaded | samples=209102 | duration=58m 00s
2026-07-24 15:58:59,794 | INFO | 02_preprocess_pupil | Session 76/721 | ZFM-04080 | 1d3b694b-f781-40b3-aacc-09729648fdfc | thresholding DLC likelihoods
2026-07-24 15:58:59,824 | INFO | 02_preprocess_pupil | Session 76/721 | ZFM-04080 | 1d3b694b-f781-40b3-aacc-09729648fdfc | estimating raw pupil diameter
2026-07-24 15:58:59,974 | INFO | 02_preprocess_pupil | Session 76/721 | ZFM-04080 | 1d3b694b-f781-40b3-aacc-09729648fdfc | raw pupil diameter ready | samples=209102 | missing=53.3%
2026-07-24 15:58:59,975 | INFO | 02_preprocess_pupil | Session 76/721 | ZFM-04080 | 1d3b694b-f781-40b3-aacc-09729648fdfc | smoothing pupil diameter
2026-07-24 15:59:10,864 | INFO | 02_preprocess_pupil | Session 76/721 | ZFM-04080 | 1d3b694b-f781-40b3-aacc-09729648fdfc | smoothing complete | missing=0.0%
2026-07-24 15:59:10,864 | INFO | 02_preprocess_pupil | Session 76/721 | ZFM-04080 | 1d3b694b-f781-40b3-aacc-09729648fdfc | masking blink and velocity artifacts
2026-07-24 15:59:10,881 | INFO | 02_preprocess_pupil | Session 76/721 | ZFM-04080 | 1d3b694b-f781-40b3-aacc-09729648fdfc | trace cleaning complete | cleaned missing=12.1% | artifact fraction=12.1%
2026-07-24 15:59:10,881 | INFO | 02_preprocess_pupil | Session 76/721 | ZFM-04080 | 1d3b694b-f781-40b3-aacc-09729648fdfc | writing trace cache 1d3b694b-f781-40b3-aacc-09729648fdfc.npz
2026-07-24 15:59:10,999 | INFO | 02_preprocess_pupil | Session 76/721 | ZFM-04080 | 1d3b694b-f781-40b3-aacc-09729648fdfc | trace cache written | size=2.9 MB
2026-07-24 15:59:11,000 | INFO | 02_preprocess_pupil | Session 76/721 | ZFM-04080 | 1d3b694b-f781-40b3-aacc-09729648fdfc | extracting trial-level pupil features
2026-07-24 15:59:11,407 | INFO | 02_preprocess_pupil | Session 76/721 | ZFM-04080 | 1d3b694b-f781-40b3-aacc-09729648fdfc | feature extraction complete | stimulus windows valid=47.8% | feedback windows valid=53.5%
2026-07-24 15:59:11,407 | INFO | 02_preprocess_pupil | Session 76/721 complete | status=success | source=one | usable=True | missing=12.1% | session time=19s | cumulative trials=51472/472728 | usable=64 | rejected=5 | failed=7 | elapsed=7m 03s | ETA=59m 46s
2026-07-24 15:59:11,408 | INFO | 02_preprocess_pupil | Session 77/721 | PL015 | 1d4a7bd6-296a-48b9-b20e-bd0ac80750a5 | trials=417 | expected source=ONE | starting
2026-07-24 15:59:11,408 | INFO | 02_preprocess_pupil | Session 77/721 | PL015 | 1d4a7bd6-296a-48b9-b20e-bd0ac80750a5 | cache miss; fetching trace from ONE
2026-07-24 15:59:11,409 | INFO | 02_preprocess_pupil | Session 77/721 | PL015 | 1d4a7bd6-296a-48b9-b20e-bd0ac80750a5 | listing camera datasets
2026-07-24 15:59:13,365 | INFO | 02_preprocess_pupil | Session 77/721 | PL015 | 1d4a7bd6-296a-48b9-b20e-bd0ac80750a5 | camera dataset listing complete | matches=8
2026-07-24 15:59:13,365 | INFO | 02_preprocess_pupil | Session 77/721 | PL015 | 1d4a7bd6-296a-48b9-b20e-bd0ac80750a5 | loading DLC dataset alf/_ibl_leftCamera.dlc.pqt
2026-07-24 15:59:13,555 | INFO | 02_preprocess_pupil | Session 77/721 | PL015 | 1d4a7bd6-296a-48b9-b20e-bd0ac80750a5 | DLC loaded | rows=242446 | columns=33
2026-07-24 15:59:13,556 | INFO | 02_preprocess_pupil | Session 77/721 | PL015 | 1d4a7bd6-296a-48b9-b20e-bd0ac80750a5 | loading timestamp dataset alf/_ibl_leftCamera.times.npy
2026-07-24 15:59:13,657 | INFO | 02_preprocess_pupil | Session 77/721 | PL015 | 1d4a7bd6-296a-48b9-b20e-bd0ac80750a5 | timestamps loaded | samples=242446 | duration=1h 07m 18s
2026-07-24 15:59:13,658 | INFO | 02_preprocess_pupil | Session 77/721 | PL015 | 1d4a7bd6-296a-48b9-b20e-bd0ac80750a5 | thresholding DLC likelihoods
2026-07-24 15:59:13,689 | INFO | 02_preprocess_pupil | Session 77/721 | PL015 | 1d4a7bd6-296a-48b9-b20e-bd0ac80750a5 | estimating raw pupil diameter
2026-07-24 15:59:13,835 | INFO | 02_preprocess_pupil | Session 77/721 | PL015 | 1d4a7bd6-296a-48b9-b20e-bd0ac80750a5 | raw pupil diameter ready | samples=242446 | missing=42.0%
2026-07-24 15:59:13,835 | INFO | 02_preprocess_pupil | Session 77/721 | PL015 | 1d4a7bd6-296a-48b9-b20e-bd0ac80750a5 | smoothing pupil diameter
2026-07-24 15:59:29,470 | INFO | 02_preprocess_pupil | Session 77/721 | PL015 | 1d4a7bd6-296a-48b9-b20e-bd0ac80750a5 | smoothing complete | missing=0.0%
2026-07-24 15:59:29,470 | INFO | 02_preprocess_pupil | Session 77/721 | PL015 | 1d4a7bd6-296a-48b9-b20e-bd0ac80750a5 | masking blink and velocity artifacts
2026-07-24 15:59:29,490 | INFO | 02_preprocess_pupil | Session 77/721 | PL015 | 1d4a7bd6-296a-48b9-b20e-bd0ac80750a5 | trace cleaning complete | cleaned missing=12.8% | artifact fraction=12.8%
2026-07-24 15:59:29,490 | INFO | 02_preprocess_pupil | Session 77/721 | PL015 | 1d4a7bd6-296a-48b9-b20e-bd0ac80750a5 | writing trace cache 1d4a7bd6-296a-48b9-b20e-bd0ac80750a5.npz
2026-07-24 15:59:29,642 | INFO | 02_preprocess_pupil | Session 77/721 | PL015 | 1d4a7bd6-296a-48b9-b20e-bd0ac80750a5 | trace cache written | size=3.9 MB
2026-07-24 15:59:29,644 | INFO | 02_preprocess_pupil | Session 77/721 | PL015 | 1d4a7bd6-296a-48b9-b20e-bd0ac80750a5 | extracting trial-level pupil features
2026-07-24 15:59:29,951 | INFO | 02_preprocess_pupil | Session 77/721 | PL015 | 1d4a7bd6-296a-48b9-b20e-bd0ac80750a5 | feature extraction complete | stimulus windows valid=57.1% | feedback windows valid=61.2%
2026-07-24 15:59:29,952 | INFO | 02_preprocess_pupil | Session 77/721 complete | status=success | source=one | usable=True | missing=12.8% | session time=19s | cumulative trials=51889/472728 | usable=65 | rejected=5 | failed=7 | elapsed=7m 21s | ETA=1h 01m 29s
2026-07-24 15:59:29,952 | INFO | 02_preprocess_pupil | Session 78/721 | PL050 | 1dbba733-24a4-4400-9436-53f1bd8428e8 | trials=620 | expected source=ONE | starting
2026-07-24 15:59:29,953 | INFO | 02_preprocess_pupil | Session 78/721 | PL050 | 1dbba733-24a4-4400-9436-53f1bd8428e8 | cache miss; fetching trace from ONE
2026-07-24 15:59:29,953 | INFO | 02_preprocess_pupil | Session 78/721 | PL050 | 1dbba733-24a4-4400-9436-53f1bd8428e8 | listing camera datasets
2026-07-24 15:59:32,313 | INFO | 02_preprocess_pupil | Session 78/721 | PL050 | 1dbba733-24a4-4400-9436-53f1bd8428e8 | camera dataset listing complete | matches=8
2026-07-24 15:59:32,313 | INFO | 02_preprocess_pupil | Session 78/721 | PL050 | 1dbba733-24a4-4400-9436-53f1bd8428e8 | loading DLC dataset alf/_ibl_leftCamera.dlc.pqt
2026-07-24 15:59:32,508 | INFO | 02_preprocess_pupil | Session 78/721 | PL050 | 1dbba733-24a4-4400-9436-53f1bd8428e8 | DLC loaded | rows=237312 | columns=33
2026-07-24 15:59:32,508 | INFO | 02_preprocess_pupil | Session 78/721 | PL050 | 1dbba733-24a4-4400-9436-53f1bd8428e8 | loading timestamp dataset alf/_ibl_leftCamera.times.npy
2026-07-24 15:59:32,609 | INFO | 02_preprocess_pupil | Session 78/721 | PL050 | 1dbba733-24a4-4400-9436-53f1bd8428e8 | timestamps loaded | samples=237312 | duration=1h 05m 52s
2026-07-24 15:59:32,609 | INFO | 02_preprocess_pupil | Session 78/721 | PL050 | 1dbba733-24a4-4400-9436-53f1bd8428e8 | thresholding DLC likelihoods
2026-07-24 15:59:32,637 | INFO | 02_preprocess_pupil | Session 78/721 | PL050 | 1dbba733-24a4-4400-9436-53f1bd8428e8 | estimating raw pupil diameter
2026-07-24 15:59:32,738 | INFO | 02_preprocess_pupil | Session 78/721 | PL050 | 1dbba733-24a4-4400-9436-53f1bd8428e8 | raw pupil diameter ready | samples=237312 | missing=19.0%
2026-07-24 15:59:32,738 | INFO | 02_preprocess_pupil | Session 78/721 | PL050 | 1dbba733-24a4-4400-9436-53f1bd8428e8 | smoothing pupil diameter
2026-07-24 15:59:54,218 | INFO | 02_preprocess_pupil | Session 78/721 | PL050 | 1dbba733-24a4-4400-9436-53f1bd8428e8 | smoothing complete | missing=0.0%
2026-07-24 15:59:54,218 | INFO | 02_preprocess_pupil | Session 78/721 | PL050 | 1dbba733-24a4-4400-9436-53f1bd8428e8 | masking blink and velocity artifacts
2026-07-24 15:59:54,238 | INFO | 02_preprocess_pupil | Session 78/721 | PL050 | 1dbba733-24a4-4400-9436-53f1bd8428e8 | trace cleaning complete | cleaned missing=5.7% | artifact fraction=5.7%
2026-07-24 15:59:54,238 | INFO | 02_preprocess_pupil | Session 78/721 | PL050 | 1dbba733-24a4-4400-9436-53f1bd8428e8 | writing trace cache 1dbba733-24a4-4400-9436-53f1bd8428e8.npz
2026-07-24 15:59:54,399 | INFO | 02_preprocess_pupil | Session 78/721 | PL050 | 1dbba733-24a4-4400-9436-53f1bd8428e8 | trace cache written | size=4.3 MB
2026-07-24 15:59:54,401 | INFO | 02_preprocess_pupil | Session 78/721 | PL050 | 1dbba733-24a4-4400-9436-53f1bd8428e8 | extracting trial-level pupil features
2026-07-24 15:59:54,875 | INFO | 02_preprocess_pupil | Session 78/721 | PL050 | 1dbba733-24a4-4400-9436-53f1bd8428e8 | feature extraction complete | stimulus windows valid=86.6% | feedback windows valid=89.2%
2026-07-24 15:59:54,876 | INFO | 02_preprocess_pupil | Session 78/721 complete | status=success | source=one | usable=True | missing=5.7% | session time=25s | cumulative trials=52509/472728 | usable=66 | rejected=5 | failed=7 | elapsed=7m 46s | ETA=1h 04m 02s
2026-07-24 15:59:54,876 | INFO | 02_preprocess_pupil | Session 79/721 | SWC_038 | 1e45d992-c356-40e1-9be1-a506d944896f | trials=623 | expected source=ONE | starting
2026-07-24 15:59:54,877 | INFO | 02_preprocess_pupil | Session 79/721 | SWC_038 | 1e45d992-c356-40e1-9be1-a506d944896f | cache miss; fetching trace from ONE
2026-07-24 15:59:54,877 | INFO | 02_preprocess_pupil | Session 79/721 | SWC_038 | 1e45d992-c356-40e1-9be1-a506d944896f | listing camera datasets
2026-07-24 15:59:57,382 | INFO | 02_preprocess_pupil | Session 79/721 | SWC_038 | 1e45d992-c356-40e1-9be1-a506d944896f | camera dataset listing complete | matches=8
2026-07-24 15:59:57,382 | INFO | 02_preprocess_pupil | Session 79/721 | SWC_038 | 1e45d992-c356-40e1-9be1-a506d944896f | loading DLC dataset alf/_ibl_leftCamera.dlc.pqt
2026-07-24 15:59:57,593 | INFO | 02_preprocess_pupil | Session 79/721 | SWC_038 | 1e45d992-c356-40e1-9be1-a506d944896f | DLC loaded | rows=367337 | columns=33
2026-07-24 15:59:57,594 | INFO | 02_preprocess_pupil | Session 79/721 | SWC_038 | 1e45d992-c356-40e1-9be1-a506d944896f | loading timestamp dataset alf/#2023-04-20#/_ibl_leftCamera.times.npy
2026-07-24 15:59:57,716 | INFO | 02_preprocess_pupil | Session 79/721 | SWC_038 | 1e45d992-c356-40e1-9be1-a506d944896f | timestamps loaded | samples=367337 | duration=1h 44m 09s
2026-07-24 15:59:57,716 | INFO | 02_preprocess_pupil | Session 79/721 | SWC_038 | 1e45d992-c356-40e1-9be1-a506d944896f | thresholding DLC likelihoods
2026-07-24 15:59:57,751 | INFO | 02_preprocess_pupil | Session 79/721 | SWC_038 | 1e45d992-c356-40e1-9be1-a506d944896f | estimating raw pupil diameter
2026-07-24 15:59:57,879 | INFO | 02_preprocess_pupil | Session 79/721 | SWC_038 | 1e45d992-c356-40e1-9be1-a506d944896f | raw pupil diameter ready | samples=367337 | missing=5.9%
2026-07-24 15:59:57,880 | INFO | 02_preprocess_pupil | Session 79/721 | SWC_038 | 1e45d992-c356-40e1-9be1-a506d944896f | smoothing pupil diameter
2026-07-24 16:00:36,557 | INFO | 02_preprocess_pupil | Session 79/721 | SWC_038 | 1e45d992-c356-40e1-9be1-a506d944896f | smoothing complete | missing=0.3%
2026-07-24 16:00:36,558 | INFO | 02_preprocess_pupil | Session 79/721 | SWC_038 | 1e45d992-c356-40e1-9be1-a506d944896f | masking blink and velocity artifacts
2026-07-24 16:00:36,585 | INFO | 02_preprocess_pupil | Session 79/721 | SWC_038 | 1e45d992-c356-40e1-9be1-a506d944896f | trace cleaning complete | cleaned missing=7.1% | artifact fraction=7.1%
2026-07-24 16:00:36,585 | INFO | 02_preprocess_pupil | Session 79/721 | SWC_038 | 1e45d992-c356-40e1-9be1-a506d944896f | writing trace cache 1e45d992-c356-40e1-9be1-a506d944896f.npz
2026-07-24 16:00:36,860 | INFO | 02_preprocess_pupil | Session 79/721 | SWC_038 | 1e45d992-c356-40e1-9be1-a506d944896f | trace cache written | size=6.9 MB
2026-07-24 16:00:36,862 | INFO | 02_preprocess_pupil | Session 79/721 | SWC_038 | 1e45d992-c356-40e1-9be1-a506d944896f | extracting trial-level pupil features
2026-07-24 16:00:37,547 | INFO | 02_preprocess_pupil | Session 79/721 | SWC_038 | 1e45d992-c356-40e1-9be1-a506d944896f | feature extraction complete | stimulus windows valid=76.1% | feedback windows valid=80.7%
2026-07-24 16:00:37,548 | INFO | 02_preprocess_pupil | Session 79/721 complete | status=success | source=one | usable=True | missing=7.1% | session time=43s | cumulative trials=53132/472728 | usable=67 | rejected=5 | failed=7 | elapsed=8m 29s | ETA=1h 08m 54s
2026-07-24 16:00:37,549 | INFO | 02_preprocess_pupil | Session 80/721 | SH020 | 1e7b54c2-c86a-4839-ad5d-d041adb551e5 | trials=633 | expected source=ONE | starting
2026-07-24 16:00:37,549 | INFO | 02_preprocess_pupil | Session 80/721 | SH020 | 1e7b54c2-c86a-4839-ad5d-d041adb551e5 | cache miss; fetching trace from ONE
2026-07-24 16:00:37,549 | INFO | 02_preprocess_pupil | Session 80/721 | SH020 | 1e7b54c2-c86a-4839-ad5d-d041adb551e5 | listing camera datasets
2026-07-24 16:00:39,046 | INFO | 02_preprocess_pupil | Session 80/721 | SH020 | 1e7b54c2-c86a-4839-ad5d-d041adb551e5 | camera dataset listing complete | matches=4
2026-07-24 16:00:39,047 | INFO | 02_preprocess_pupil | Session 80/721 | SH020 | 1e7b54c2-c86a-4839-ad5d-d041adb551e5 | loading DLC dataset alf/_ibl_leftCamera.dlc.pqt
2026-07-24 16:00:39,278 | INFO | 02_preprocess_pupil | Session 80/721 | SH020 | 1e7b54c2-c86a-4839-ad5d-d041adb551e5 | DLC loaded | rows=336473 | columns=33
2026-07-24 16:00:39,279 | INFO | 02_preprocess_pupil | Session 80/721 | SH020 | 1e7b54c2-c86a-4839-ad5d-d041adb551e5 | loading timestamp dataset alf/_ibl_leftCamera.times.npy
2026-07-24 16:00:39,376 | INFO | 02_preprocess_pupil | Session 80/721 | SH020 | 1e7b54c2-c86a-4839-ad5d-d041adb551e5 | timestamps loaded | samples=336473 | duration=1h 33m 24s
2026-07-24 16:00:39,376 | INFO | 02_preprocess_pupil | Session 80/721 | SH020 | 1e7b54c2-c86a-4839-ad5d-d041adb551e5 | thresholding DLC likelihoods
2026-07-24 16:00:39,411 | INFO | 02_preprocess_pupil | Session 80/721 | SH020 | 1e7b54c2-c86a-4839-ad5d-d041adb551e5 | estimating raw pupil diameter
2026-07-24 16:00:39,535 | INFO | 02_preprocess_pupil | Session 80/721 | SH020 | 1e7b54c2-c86a-4839-ad5d-d041adb551e5 | raw pupil diameter ready | samples=336473 | missing=11.4%
2026-07-24 16:00:39,535 | INFO | 02_preprocess_pupil | Session 80/721 | SH020 | 1e7b54c2-c86a-4839-ad5d-d041adb551e5 | smoothing pupil diameter
2026-07-24 16:01:12,934 | INFO | 02_preprocess_pupil | Session 80/721 | SH020 | 1e7b54c2-c86a-4839-ad5d-d041adb551e5 | smoothing complete | missing=0.0%
2026-07-24 16:01:12,935 | INFO | 02_preprocess_pupil | Session 80/721 | SH020 | 1e7b54c2-c86a-4839-ad5d-d041adb551e5 | masking blink and velocity artifacts
2026-07-24 16:01:12,963 | INFO | 02_preprocess_pupil | Session 80/721 | SH020 | 1e7b54c2-c86a-4839-ad5d-d041adb551e5 | trace cleaning complete | cleaned missing=8.9% | artifact fraction=8.9%
2026-07-24 16:01:12,963 | INFO | 02_preprocess_pupil | Session 80/721 | SH020 | 1e7b54c2-c86a-4839-ad5d-d041adb551e5 | writing trace cache 1e7b54c2-c86a-4839-ad5d-d041adb551e5.npz
2026-07-24 16:01:13,206 | INFO | 02_preprocess_pupil | Session 80/721 | SH020 | 1e7b54c2-c86a-4839-ad5d-d041adb551e5 | trace cache written | size=6.2 MB
2026-07-24 16:01:13,208 | INFO | 02_preprocess_pupil | Session 80/721 | SH020 | 1e7b54c2-c86a-4839-ad5d-d041adb551e5 | extracting trial-level pupil features
2026-07-24 16:01:13,848 | INFO | 02_preprocess_pupil | Session 80/721 | SH020 | 1e7b54c2-c86a-4839-ad5d-d041adb551e5 | feature extraction complete | stimulus windows valid=74.1% | feedback windows valid=68.9%
2026-07-24 16:01:13,849 | INFO | 02_preprocess_pupil | Session 80/721 complete | status=success | source=one | usable=True | missing=8.9% | session time=36s | cumulative trials=53765/472728 | usable=68 | rejected=5 | failed=7 | elapsed=9m 05s | ETA=1h 12m 47s
2026-07-24 16:01:13,850 | INFO | 02_preprocess_pupil | Session 81/721 | ZFM-04811 | 1e988a23-539e-4cfc-8d92-9756f3b2f360 | trials=629 | expected source=ONE | starting
2026-07-24 16:01:13,850 | INFO | 02_preprocess_pupil | Session 81/721 | ZFM-04811 | 1e988a23-539e-4cfc-8d92-9756f3b2f360 | cache miss; fetching trace from ONE
2026-07-24 16:01:13,850 | INFO | 02_preprocess_pupil | Session 81/721 | ZFM-04811 | 1e988a23-539e-4cfc-8d92-9756f3b2f360 | listing camera datasets
2026-07-24 16:01:14,409 | INFO | 02_preprocess_pupil | Session 81/721 | ZFM-04811 | 1e988a23-539e-4cfc-8d92-9756f3b2f360 | camera dataset listing complete | matches=5
2026-07-24 16:01:14,410 | INFO | 02_preprocess_pupil | Session 81/721 | ZFM-04811 | 1e988a23-539e-4cfc-8d92-9756f3b2f360 | loading DLC dataset alf/_ibl_leftCamera.dlc.pqt
2026-07-24 16:01:19,670 | INFO | 02_preprocess_pupil | Session 81/721 | ZFM-04811 | 1e988a23-539e-4cfc-8d92-9756f3b2f360 | DLC loaded | rows=189889 | columns=33
2026-07-24 16:01:19,670 | INFO | 02_preprocess_pupil | Session 81/721 | ZFM-04811 | 1e988a23-539e-4cfc-8d92-9756f3b2f360 | loading timestamp dataset alf/_ibl_leftCamera.times.npy
2026-07-24 16:01:21,073 | INFO | 02_preprocess_pupil | Session 81/721 | ZFM-04811 | 1e988a23-539e-4cfc-8d92-9756f3b2f360 | timestamps loaded | samples=189889 | duration=52m 40s
2026-07-24 16:01:21,073 | INFO | 02_preprocess_pupil | Session 81/721 | ZFM-04811 | 1e988a23-539e-4cfc-8d92-9756f3b2f360 | thresholding DLC likelihoods
2026-07-24 16:01:21,102 | INFO | 02_preprocess_pupil | Session 81/721 | ZFM-04811 | 1e988a23-539e-4cfc-8d92-9756f3b2f360 | estimating raw pupil diameter
2026-07-24 16:01:21,258 | INFO | 02_preprocess_pupil | Session 81/721 | ZFM-04811 | 1e988a23-539e-4cfc-8d92-9756f3b2f360 | raw pupil diameter ready | samples=189889 | missing=70.9%
2026-07-24 16:01:21,258 | INFO | 02_preprocess_pupil | Session 81/721 | ZFM-04811 | 1e988a23-539e-4cfc-8d92-9756f3b2f360 | smoothing pupil diameter
2026-07-24 16:01:27,385 | INFO | 02_preprocess_pupil | Session 81/721 | ZFM-04811 | 1e988a23-539e-4cfc-8d92-9756f3b2f360 | smoothing complete | missing=35.1%
2026-07-24 16:01:27,385 | INFO | 02_preprocess_pupil | Session 81/721 | ZFM-04811 | 1e988a23-539e-4cfc-8d92-9756f3b2f360 | masking blink and velocity artifacts
2026-07-24 16:01:27,397 | INFO | 02_preprocess_pupil | Session 81/721 | ZFM-04811 | 1e988a23-539e-4cfc-8d92-9756f3b2f360 | trace cleaning complete | cleaned missing=55.8% | artifact fraction=55.8%
2026-07-24 16:01:27,397 | INFO | 02_preprocess_pupil | Session 81/721 | ZFM-04811 | 1e988a23-539e-4cfc-8d92-9756f3b2f360 | writing trace cache 1e988a23-539e-4cfc-8d92-9756f3b2f360.npz
2026-07-24 16:01:27,482 | INFO | 02_preprocess_pupil | Session 81/721 | ZFM-04811 | 1e988a23-539e-4cfc-8d92-9756f3b2f360 | trace cache written | size=1.9 MB
2026-07-24 16:01:27,486 | INFO | 02_preprocess_pupil | Session 81/721 | ZFM-04811 | 1e988a23-539e-4cfc-8d92-9756f3b2f360 | trace rejected by cleaned-missingness QC | threshold=30.0%
2026-07-24 16:01:27,486 | INFO | 02_preprocess_pupil | Session 81/721 complete | status=rejected_missingness | source=one | usable=False | missing=55.8% | session time=14s | cumulative trials=54394/472728 | usable=68 | rejected=6 | failed=7 | elapsed=9m 19s | ETA=1h 13m 34s
2026-07-24 16:01:27,487 | INFO | 02_preprocess_pupil | Session 82/721 | CSH_ZAD_022 | 1eac875c-feaa-4a30-b148-059b954b11d8 | trials=1253 | expected source=ONE | starting
2026-07-24 16:01:27,488 | INFO | 02_preprocess_pupil | Session 82/721 | CSH_ZAD_022 | 1eac875c-feaa-4a30-b148-059b954b11d8 | cache miss; fetching trace from ONE
2026-07-24 16:01:27,488 | INFO | 02_preprocess_pupil | Session 82/721 | CSH_ZAD_022 | 1eac875c-feaa-4a30-b148-059b954b11d8 | listing camera datasets
2026-07-24 16:01:28,960 | INFO | 02_preprocess_pupil | Session 82/721 | CSH_ZAD_022 | 1eac875c-feaa-4a30-b148-059b954b11d8 | camera dataset listing complete | matches=7
2026-07-24 16:01:28,961 | INFO | 02_preprocess_pupil | Session 82/721 | CSH_ZAD_022 | 1eac875c-feaa-4a30-b148-059b954b11d8 | loading DLC dataset alf/_ibl_leftCamera.dlc.pqt
2026-07-24 16:01:37,219 | INFO | 02_preprocess_pupil | Session 82/721 | CSH_ZAD_022 | 1eac875c-feaa-4a30-b148-059b954b11d8 | DLC loaded | rows=412358 | columns=33
2026-07-24 16:01:37,219 | INFO | 02_preprocess_pupil | Session 82/721 | CSH_ZAD_022 | 1eac875c-feaa-4a30-b148-059b954b11d8 | loading timestamp dataset alf/#2023-04-20#/_ibl_leftCamera.times.npy
2026-07-24 16:01:38,683 | INFO | 02_preprocess_pupil | Session 82/721 | CSH_ZAD_022 | 1eac875c-feaa-4a30-b148-059b954b11d8 | timestamps loaded | samples=412358 | duration=1h 53m 58s
2026-07-24 16:01:38,683 | INFO | 02_preprocess_pupil | Session 82/721 | CSH_ZAD_022 | 1eac875c-feaa-4a30-b148-059b954b11d8 | thresholding DLC likelihoods
2026-07-24 16:01:38,738 | INFO | 02_preprocess_pupil | Session 82/721 | CSH_ZAD_022 | 1eac875c-feaa-4a30-b148-059b954b11d8 | estimating raw pupil diameter
2026-07-24 16:01:39,130 | INFO | 02_preprocess_pupil | Session 82/721 | CSH_ZAD_022 | 1eac875c-feaa-4a30-b148-059b954b11d8 | raw pupil diameter ready | samples=412358 | missing=90.7%
2026-07-24 16:01:39,130 | INFO | 02_preprocess_pupil | Session 82/721 | CSH_ZAD_022 | 1eac875c-feaa-4a30-b148-059b954b11d8 | smoothing pupil diameter
2026-07-24 16:01:39,130 | WARNING | 02_preprocess_pupil | Session 82/721 failed | subject=CSH_ZAD_022 | eid=1eac875c-feaa-4a30-b148-059b954b11d8 | session elapsed=12s | error=ValueError: Raw pupil diameter for left is too often NaN, cannot smooth.
2026-07-24 16:01:39,133 | INFO | 02_preprocess_pupil | Session 82/721 complete | status=failed | source=none | usable=False | missing=n/a | session time=12s | cumulative trials=55647/472728 | usable=68 | rejected=6 | failed=8 | elapsed=9m 30s | ETA=1h 14m 04s
2026-07-24 16:01:39,134 | INFO | 02_preprocess_pupil | Session 83/721 | CSH_ZAD_029 | 1ec23a70-b94b-4e9c-a0df-8c2151da3761 | trials=1194 | expected source=ONE | starting
2026-07-24 16:01:39,134 | INFO | 02_preprocess_pupil | Session 83/721 | CSH_ZAD_029 | 1ec23a70-b94b-4e9c-a0df-8c2151da3761 | cache miss; fetching trace from ONE
2026-07-24 16:01:39,134 | INFO | 02_preprocess_pupil | Session 83/721 | CSH_ZAD_029 | 1ec23a70-b94b-4e9c-a0df-8c2151da3761 | listing camera datasets
2026-07-24 16:01:41,302 | INFO | 02_preprocess_pupil | Session 83/721 | CSH_ZAD_029 | 1ec23a70-b94b-4e9c-a0df-8c2151da3761 | camera dataset listing complete | matches=8
2026-07-24 16:01:41,302 | INFO | 02_preprocess_pupil | Session 83/721 | CSH_ZAD_029 | 1ec23a70-b94b-4e9c-a0df-8c2151da3761 | loading DLC dataset alf/_ibl_leftCamera.dlc.pqt
2026-07-24 16:01:48,257 | INFO | 02_preprocess_pupil | Session 83/721 | CSH_ZAD_029 | 1ec23a70-b94b-4e9c-a0df-8c2151da3761 | DLC loaded | rows=387273 | columns=33
2026-07-24 16:01:48,258 | INFO | 02_preprocess_pupil | Session 83/721 | CSH_ZAD_029 | 1ec23a70-b94b-4e9c-a0df-8c2151da3761 | loading timestamp dataset alf/#2023-02-22#/_ibl_leftCamera.times.npy
2026-07-24 16:01:49,770 | INFO | 02_preprocess_pupil | Session 83/721 | CSH_ZAD_029 | 1ec23a70-b94b-4e9c-a0df-8c2151da3761 | timestamps loaded | samples=387273 | duration=1h 47m 27s
2026-07-24 16:01:49,770 | INFO | 02_preprocess_pupil | Session 83/721 | CSH_ZAD_029 | 1ec23a70-b94b-4e9c-a0df-8c2151da3761 | thresholding DLC likelihoods
2026-07-24 16:01:49,838 | INFO | 02_preprocess_pupil | Session 83/721 | CSH_ZAD_029 | 1ec23a70-b94b-4e9c-a0df-8c2151da3761 | estimating raw pupil diameter
2026-07-24 16:01:50,233 | INFO | 02_preprocess_pupil | Session 83/721 | CSH_ZAD_029 | 1ec23a70-b94b-4e9c-a0df-8c2151da3761 | raw pupil diameter ready | samples=387273 | missing=100.0%
2026-07-24 16:01:50,233 | INFO | 02_preprocess_pupil | Session 83/721 | CSH_ZAD_029 | 1ec23a70-b94b-4e9c-a0df-8c2151da3761 | smoothing pupil diameter
2026-07-24 16:01:50,234 | WARNING | 02_preprocess_pupil | Session 83/721 failed | subject=CSH_ZAD_029 | eid=1ec23a70-b94b-4e9c-a0df-8c2151da3761 | session elapsed=11s | error=ValueError: Raw pupil diameter for left is too often NaN, cannot smooth.
2026-07-24 16:01:50,238 | INFO | 02_preprocess_pupil | Session 83/721 complete | status=failed | source=none | usable=False | missing=n/a | session time=11s | cumulative trials=56841/472728 | usable=68 | rejected=6 | failed=9 | elapsed=9m 41s | ETA=1h 14m 29s
2026-07-24 16:01:50,238 | INFO | 02_preprocess_pupil | Session 84/721 | CSK-im-002 | 1efa20cb-e3e9-4a28-b4f0-779e14a67d47 | trials=915 | expected source=ONE | starting
2026-07-24 16:01:50,239 | INFO | 02_preprocess_pupil | Session 84/721 | CSK-im-002 | 1efa20cb-e3e9-4a28-b4f0-779e14a67d47 | cache miss; fetching trace from ONE
2026-07-24 16:01:50,239 | INFO | 02_preprocess_pupil | Session 84/721 | CSK-im-002 | 1efa20cb-e3e9-4a28-b4f0-779e14a67d47 | listing camera datasets
2026-07-24 16:01:51,006 | INFO | 02_preprocess_pupil | Session 84/721 | CSK-im-002 | 1efa20cb-e3e9-4a28-b4f0-779e14a67d47 | camera dataset listing complete | matches=5
2026-07-24 16:01:51,006 | INFO | 02_preprocess_pupil | Session 84/721 | CSK-im-002 | 1efa20cb-e3e9-4a28-b4f0-779e14a67d47 | loading DLC dataset alf/_ibl_leftCamera.dlc.pqt
2026-07-24 16:01:51,213 | INFO | 02_preprocess_pupil | Session 84/721 | CSK-im-002 | 1efa20cb-e3e9-4a28-b4f0-779e14a67d47 | DLC loaded | rows=269241 | columns=33
2026-07-24 16:01:51,214 | INFO | 02_preprocess_pupil | Session 84/721 | CSK-im-002 | 1efa20cb-e3e9-4a28-b4f0-779e14a67d47 | loading timestamp dataset alf/_ibl_leftCamera.times.npy
2026-07-24 16:01:51,310 | INFO | 02_preprocess_pupil | Session 84/721 | CSK-im-002 | 1efa20cb-e3e9-4a28-b4f0-779e14a67d47 | timestamps loaded | samples=269241 | duration=1h 14m 42s
2026-07-24 16:01:51,310 | INFO | 02_preprocess_pupil | Session 84/721 | CSK-im-002 | 1efa20cb-e3e9-4a28-b4f0-779e14a67d47 | thresholding DLC likelihoods
2026-07-24 16:01:51,345 | INFO | 02_preprocess_pupil | Session 84/721 | CSK-im-002 | 1efa20cb-e3e9-4a28-b4f0-779e14a67d47 | estimating raw pupil diameter
2026-07-24 16:01:51,527 | INFO | 02_preprocess_pupil | Session 84/721 | CSK-im-002 | 1efa20cb-e3e9-4a28-b4f0-779e14a67d47 | raw pupil diameter ready | samples=269241 | missing=50.8%
2026-07-24 16:01:51,527 | INFO | 02_preprocess_pupil | Session 84/721 | CSK-im-002 | 1efa20cb-e3e9-4a28-b4f0-779e14a67d47 | smoothing pupil diameter
2026-07-24 16:02:06,274 | INFO | 02_preprocess_pupil | Session 84/721 | CSK-im-002 | 1efa20cb-e3e9-4a28-b4f0-779e14a67d47 | smoothing complete | missing=0.0%
2026-07-24 16:02:06,274 | INFO | 02_preprocess_pupil | Session 84/721 | CSK-im-002 | 1efa20cb-e3e9-4a28-b4f0-779e14a67d47 | masking blink and velocity artifacts
2026-07-24 16:02:06,295 | INFO | 02_preprocess_pupil | Session 84/721 | CSK-im-002 | 1efa20cb-e3e9-4a28-b4f0-779e14a67d47 | trace cleaning complete | cleaned missing=17.5% | artifact fraction=17.5%
2026-07-24 16:02:06,296 | INFO | 02_preprocess_pupil | Session 84/721 | CSK-im-002 | 1efa20cb-e3e9-4a28-b4f0-779e14a67d47 | writing trace cache 1efa20cb-e3e9-4a28-b4f0-779e14a67d47.npz
2026-07-24 16:02:06,457 | INFO | 02_preprocess_pupil | Session 84/721 | CSK-im-002 | 1efa20cb-e3e9-4a28-b4f0-779e14a67d47 | trace cache written | size=4.1 MB
2026-07-24 16:02:06,458 | INFO | 02_preprocess_pupil | Session 84/721 | CSK-im-002 | 1efa20cb-e3e9-4a28-b4f0-779e14a67d47 | extracting trial-level pupil features
2026-07-24 16:02:07,187 | INFO | 02_preprocess_pupil | Session 84/721 | CSK-im-002 | 1efa20cb-e3e9-4a28-b4f0-779e14a67d47 | feature extraction complete | stimulus windows valid=56.3% | feedback windows valid=52.9%
2026-07-24 16:02:07,188 | INFO | 02_preprocess_pupil | Session 84/721 complete | status=success | source=one | usable=True | missing=17.5% | session time=17s | cumulative trials=57756/472728 | usable=69 | rejected=6 | failed=9 | elapsed=9m 58s | ETA=1h 15m 37s
2026-07-24 16:02:07,188 | INFO | 02_preprocess_pupil | Session 85/721 | CSK-im-009 | 1fcf8413-d681-495d-8660-e73f600bab29 | trials=866 | expected source=ONE | starting
2026-07-24 16:02:07,189 | INFO | 02_preprocess_pupil | Session 85/721 | CSK-im-009 | 1fcf8413-d681-495d-8660-e73f600bab29 | cache miss; fetching trace from ONE
2026-07-24 16:02:07,189 | INFO | 02_preprocess_pupil | Session 85/721 | CSK-im-009 | 1fcf8413-d681-495d-8660-e73f600bab29 | listing camera datasets
2026-07-24 16:02:07,977 | INFO | 02_preprocess_pupil | Session 85/721 | CSK-im-009 | 1fcf8413-d681-495d-8660-e73f600bab29 | camera dataset listing complete | matches=4
2026-07-24 16:02:07,977 | INFO | 02_preprocess_pupil | Session 85/721 | CSK-im-009 | 1fcf8413-d681-495d-8660-e73f600bab29 | loading DLC dataset alf/_ibl_leftCamera.dlc.pqt
2026-07-24 16:02:14,717 | INFO | 02_preprocess_pupil | Session 85/721 | CSK-im-009 | 1fcf8413-d681-495d-8660-e73f600bab29 | DLC loaded | rows=296878 | columns=33
2026-07-24 16:02:14,718 | INFO | 02_preprocess_pupil | Session 85/721 | CSK-im-009 | 1fcf8413-d681-495d-8660-e73f600bab29 | loading timestamp dataset alf/_ibl_leftCamera.times.npy
2026-07-24 16:02:16,168 | INFO | 02_preprocess_pupil | Session 85/721 | CSK-im-009 | 1fcf8413-d681-495d-8660-e73f600bab29 | timestamps loaded | samples=296878 | duration=1h 22m 22s
2026-07-24 16:02:16,169 | INFO | 02_preprocess_pupil | Session 85/721 | CSK-im-009 | 1fcf8413-d681-495d-8660-e73f600bab29 | thresholding DLC likelihoods
2026-07-24 16:02:16,212 | INFO | 02_preprocess_pupil | Session 85/721 | CSK-im-009 | 1fcf8413-d681-495d-8660-e73f600bab29 | estimating raw pupil diameter
2026-07-24 16:02:16,496 | INFO | 02_preprocess_pupil | Session 85/721 | CSK-im-009 | 1fcf8413-d681-495d-8660-e73f600bab29 | raw pupil diameter ready | samples=296878 | missing=90.8%
2026-07-24 16:02:16,497 | INFO | 02_preprocess_pupil | Session 85/721 | CSK-im-009 | 1fcf8413-d681-495d-8660-e73f600bab29 | smoothing pupil diameter
2026-07-24 16:02:16,497 | WARNING | 02_preprocess_pupil | Session 85/721 failed | subject=CSK-im-009 | eid=1fcf8413-d681-495d-8660-e73f600bab29 | session elapsed=9s | error=ValueError: Raw pupil diameter for left is too often NaN, cannot smooth.
2026-07-24 16:02:16,500 | INFO | 02_preprocess_pupil | Session 85/721 complete | status=failed | source=none | usable=False | missing=n/a | session time=9s | cumulative trials=58622/472728 | usable=69 | rejected=6 | failed=10 | elapsed=10m 08s | ETA=1h 15m 46s
2026-07-24 16:02:16,500 | INFO | 02_preprocess_pupil | Session 86/721 | PL030 | 2038e95d-64d4-4ecb-83d0-1308d3c598f8 | trials=535 | expected source=ONE | starting
2026-07-24 16:02:16,501 | INFO | 02_preprocess_pupil | Session 86/721 | PL030 | 2038e95d-64d4-4ecb-83d0-1308d3c598f8 | cache miss; fetching trace from ONE
2026-07-24 16:02:16,501 | INFO | 02_preprocess_pupil | Session 86/721 | PL030 | 2038e95d-64d4-4ecb-83d0-1308d3c598f8 | listing camera datasets
2026-07-24 16:02:18,099 | INFO | 02_preprocess_pupil | Session 86/721 | PL030 | 2038e95d-64d4-4ecb-83d0-1308d3c598f8 | camera dataset listing complete | matches=8
2026-07-24 16:02:18,099 | INFO | 02_preprocess_pupil | Session 86/721 | PL030 | 2038e95d-64d4-4ecb-83d0-1308d3c598f8 | loading DLC dataset alf/_ibl_leftCamera.dlc.pqt
2026-07-24 16:02:18,301 | INFO | 02_preprocess_pupil | Session 86/721 | PL030 | 2038e95d-64d4-4ecb-83d0-1308d3c598f8 | DLC loaded | rows=251613 | columns=33
2026-07-24 16:02:18,302 | INFO | 02_preprocess_pupil | Session 86/721 | PL030 | 2038e95d-64d4-4ecb-83d0-1308d3c598f8 | loading timestamp dataset alf/_ibl_leftCamera.times.npy
2026-07-24 16:02:18,405 | INFO | 02_preprocess_pupil | Session 86/721 | PL030 | 2038e95d-64d4-4ecb-83d0-1308d3c598f8 | timestamps loaded | samples=251613 | duration=1h 09m 50s
2026-07-24 16:02:18,406 | INFO | 02_preprocess_pupil | Session 86/721 | PL030 | 2038e95d-64d4-4ecb-83d0-1308d3c598f8 | thresholding DLC likelihoods
2026-07-24 16:02:18,442 | INFO | 02_preprocess_pupil | Session 86/721 | PL030 | 2038e95d-64d4-4ecb-83d0-1308d3c598f8 | estimating raw pupil diameter
2026-07-24 16:02:18,563 | INFO | 02_preprocess_pupil | Session 86/721 | PL030 | 2038e95d-64d4-4ecb-83d0-1308d3c598f8 | raw pupil diameter ready | samples=251613 | missing=26.0%
2026-07-24 16:02:18,563 | INFO | 02_preprocess_pupil | Session 86/721 | PL030 | 2038e95d-64d4-4ecb-83d0-1308d3c598f8 | smoothing pupil diameter
2026-07-24 16:02:39,232 | INFO | 02_preprocess_pupil | Session 86/721 | PL030 | 2038e95d-64d4-4ecb-83d0-1308d3c598f8 | smoothing complete | missing=0.0%
2026-07-24 16:02:39,233 | INFO | 02_preprocess_pupil | Session 86/721 | PL030 | 2038e95d-64d4-4ecb-83d0-1308d3c598f8 | masking blink and velocity artifacts
2026-07-24 16:02:39,253 | INFO | 02_preprocess_pupil | Session 86/721 | PL030 | 2038e95d-64d4-4ecb-83d0-1308d3c598f8 | trace cleaning complete | cleaned missing=7.5% | artifact fraction=7.5%
2026-07-24 16:02:39,254 | INFO | 02_preprocess_pupil | Session 86/721 | PL030 | 2038e95d-64d4-4ecb-83d0-1308d3c598f8 | writing trace cache 2038e95d-64d4-4ecb-83d0-1308d3c598f8.npz
2026-07-24 16:02:39,423 | INFO | 02_preprocess_pupil | Session 86/721 | PL030 | 2038e95d-64d4-4ecb-83d0-1308d3c598f8 | trace cache written | size=4.4 MB
2026-07-24 16:02:39,424 | INFO | 02_preprocess_pupil | Session 86/721 | PL030 | 2038e95d-64d4-4ecb-83d0-1308d3c598f8 | extracting trial-level pupil features
2026-07-24 16:02:39,849 | INFO | 02_preprocess_pupil | Session 86/721 | PL030 | 2038e95d-64d4-4ecb-83d0-1308d3c598f8 | feature extraction complete | stimulus windows valid=70.7% | feedback windows valid=63.9%
2026-07-24 16:02:39,849 | INFO | 02_preprocess_pupil | Session 86/721 complete | status=success | source=one | usable=True | missing=7.5% | session time=23s | cumulative trials=59157/472728 | usable=70 | rejected=6 | failed=10 | elapsed=10m 31s | ETA=1h 17m 39s
2026-07-24 16:02:39,850 | INFO | 02_preprocess_pupil | Session 87/721 | CSH_ZAD_025 | 20c112a1-8a42-44e0-a4cd-e5b932f7bda9 | trials=636 | expected source=ONE | starting
2026-07-24 16:02:39,851 | INFO | 02_preprocess_pupil | Session 87/721 | CSH_ZAD_025 | 20c112a1-8a42-44e0-a4cd-e5b932f7bda9 | cache miss; fetching trace from ONE
2026-07-24 16:02:39,851 | INFO | 02_preprocess_pupil | Session 87/721 | CSH_ZAD_025 | 20c112a1-8a42-44e0-a4cd-e5b932f7bda9 | listing camera datasets
2026-07-24 16:02:42,038 | INFO | 02_preprocess_pupil | Session 87/721 | CSH_ZAD_025 | 20c112a1-8a42-44e0-a4cd-e5b932f7bda9 | camera dataset listing complete | matches=8
2026-07-24 16:02:42,038 | INFO | 02_preprocess_pupil | Session 87/721 | CSH_ZAD_025 | 20c112a1-8a42-44e0-a4cd-e5b932f7bda9 | loading DLC dataset alf/_ibl_leftCamera.dlc.pqt
2026-07-24 16:02:49,506 | INFO | 02_preprocess_pupil | Session 87/721 | CSH_ZAD_025 | 20c112a1-8a42-44e0-a4cd-e5b932f7bda9 | DLC loaded | rows=278412 | columns=33
2026-07-24 16:02:49,507 | INFO | 02_preprocess_pupil | Session 87/721 | CSH_ZAD_025 | 20c112a1-8a42-44e0-a4cd-e5b932f7bda9 | loading timestamp dataset alf/#2023-04-20#/_ibl_leftCamera.times.npy
2026-07-24 16:02:50,905 | INFO | 02_preprocess_pupil | Session 87/721 | CSH_ZAD_025 | 20c112a1-8a42-44e0-a4cd-e5b932f7bda9 | timestamps loaded | samples=278412 | duration=1h 17m 16s
2026-07-24 16:02:50,905 | INFO | 02_preprocess_pupil | Session 87/721 | CSH_ZAD_025 | 20c112a1-8a42-44e0-a4cd-e5b932f7bda9 | thresholding DLC likelihoods
2026-07-24 16:02:50,947 | INFO | 02_preprocess_pupil | Session 87/721 | CSH_ZAD_025 | 20c112a1-8a42-44e0-a4cd-e5b932f7bda9 | estimating raw pupil diameter
2026-07-24 16:02:51,225 | INFO | 02_preprocess_pupil | Session 87/721 | CSH_ZAD_025 | 20c112a1-8a42-44e0-a4cd-e5b932f7bda9 | raw pupil diameter ready | samples=278412 | missing=97.5%
2026-07-24 16:02:51,225 | INFO | 02_preprocess_pupil | Session 87/721 | CSH_ZAD_025 | 20c112a1-8a42-44e0-a4cd-e5b932f7bda9 | smoothing pupil diameter
2026-07-24 16:02:51,225 | WARNING | 02_preprocess_pupil | Session 87/721 failed | subject=CSH_ZAD_025 | eid=20c112a1-8a42-44e0-a4cd-e5b932f7bda9 | session elapsed=11s | error=ValueError: Raw pupil diameter for left is too often NaN, cannot smooth.
2026-07-24 16:02:51,228 | INFO | 02_preprocess_pupil | Session 87/721 complete | status=failed | source=none | usable=False | missing=n/a | session time=11s | cumulative trials=59793/472728 | usable=70 | rejected=6 | failed=11 | elapsed=10m 42s | ETA=1h 18m 01s
2026-07-24 16:02:51,228 | INFO | 02_preprocess_pupil | Session 88/721 | CSK-im-009 | 210876d7-5465-4326-91e8-55d355ca8550 | trials=891 | expected source=ONE | starting
2026-07-24 16:02:51,229 | INFO | 02_preprocess_pupil | Session 88/721 | CSK-im-009 | 210876d7-5465-4326-91e8-55d355ca8550 | cache miss; fetching trace from ONE
2026-07-24 16:02:51,229 | INFO | 02_preprocess_pupil | Session 88/721 | CSK-im-009 | 210876d7-5465-4326-91e8-55d355ca8550 | listing camera datasets
2026-07-24 16:02:51,995 | INFO | 02_preprocess_pupil | Session 88/721 | CSK-im-009 | 210876d7-5465-4326-91e8-55d355ca8550 | camera dataset listing complete | matches=5
2026-07-24 16:02:51,995 | INFO | 02_preprocess_pupil | Session 88/721 | CSK-im-009 | 210876d7-5465-4326-91e8-55d355ca8550 | loading DLC dataset alf/_ibl_leftCamera.dlc.pqt
2026-07-24 16:03:00,403 | INFO | 02_preprocess_pupil | Session 88/721 | CSK-im-009 | 210876d7-5465-4326-91e8-55d355ca8550 | DLC loaded | rows=302184 | columns=33
2026-07-24 16:03:00,404 | INFO | 02_preprocess_pupil | Session 88/721 | CSK-im-009 | 210876d7-5465-4326-91e8-55d355ca8550 | loading timestamp dataset alf/_ibl_leftCamera.times.npy
2026-07-24 16:03:02,179 | INFO | 02_preprocess_pupil | Session 88/721 | CSK-im-009 | 210876d7-5465-4326-91e8-55d355ca8550 | timestamps loaded | samples=302184 | duration=1h 23m 51s
2026-07-24 16:03:02,179 | INFO | 02_preprocess_pupil | Session 88/721 | CSK-im-009 | 210876d7-5465-4326-91e8-55d355ca8550 | thresholding DLC likelihoods
2026-07-24 16:03:02,225 | INFO | 02_preprocess_pupil | Session 88/721 | CSK-im-009 | 210876d7-5465-4326-91e8-55d355ca8550 | estimating raw pupil diameter
2026-07-24 16:03:02,530 | INFO | 02_preprocess_pupil | Session 88/721 | CSK-im-009 | 210876d7-5465-4326-91e8-55d355ca8550 | raw pupil diameter ready | samples=302184 | missing=99.4%
2026-07-24 16:03:02,530 | INFO | 02_preprocess_pupil | Session 88/721 | CSK-im-009 | 210876d7-5465-4326-91e8-55d355ca8550 | smoothing pupil diameter
2026-07-24 16:03:02,531 | WARNING | 02_preprocess_pupil | Session 88/721 failed | subject=CSK-im-009 | eid=210876d7-5465-4326-91e8-55d355ca8550 | session elapsed=11s | error=ValueError: Raw pupil diameter for left is too often NaN, cannot smooth.
2026-07-24 16:03:02,534 | INFO | 02_preprocess_pupil | Session 88/721 complete | status=failed | source=none | usable=False | missing=n/a | session time=11s | cumulative trials=60684/472728 | usable=70 | rejected=6 | failed=12 | elapsed=10m 54s | ETA=1h 18m 22s
2026-07-24 16:03:02,535 | INFO | 02_preprocess_pupil | Session 89/721 | ZFM-04080 | 21363f28-9683-451f-8f80-3f9aee005a6c | trials=669 | expected source=ONE | starting
2026-07-24 16:03:02,535 | INFO | 02_preprocess_pupil | Session 89/721 | ZFM-04080 | 21363f28-9683-451f-8f80-3f9aee005a6c | cache miss; fetching trace from ONE
2026-07-24 16:03:02,536 | INFO | 02_preprocess_pupil | Session 89/721 | ZFM-04080 | 21363f28-9683-451f-8f80-3f9aee005a6c | listing camera datasets
2026-07-24 16:03:03,152 | INFO | 02_preprocess_pupil | Session 89/721 | ZFM-04080 | 21363f28-9683-451f-8f80-3f9aee005a6c | camera dataset listing complete | matches=5
2026-07-24 16:03:03,153 | INFO | 02_preprocess_pupil | Session 89/721 | ZFM-04080 | 21363f28-9683-451f-8f80-3f9aee005a6c | loading DLC dataset alf/_ibl_leftCamera.dlc.pqt
2026-07-24 16:03:09,097 | INFO | 02_preprocess_pupil | Session 89/721 | ZFM-04080 | 21363f28-9683-451f-8f80-3f9aee005a6c | DLC loaded | rows=209370 | columns=33
2026-07-24 16:03:09,097 | INFO | 02_preprocess_pupil | Session 89/721 | ZFM-04080 | 21363f28-9683-451f-8f80-3f9aee005a6c | loading timestamp dataset alf/_ibl_leftCamera.times.npy
2026-07-24 16:03:10,667 | INFO | 02_preprocess_pupil | Session 89/721 | ZFM-04080 | 21363f28-9683-451f-8f80-3f9aee005a6c | timestamps loaded | samples=209370 | duration=58m 04s
2026-07-24 16:03:10,668 | INFO | 02_preprocess_pupil | Session 89/721 | ZFM-04080 | 21363f28-9683-451f-8f80-3f9aee005a6c | thresholding DLC likelihoods
2026-07-24 16:03:10,695 | INFO | 02_preprocess_pupil | Session 89/721 | ZFM-04080 | 21363f28-9683-451f-8f80-3f9aee005a6c | estimating raw pupil diameter
2026-07-24 16:03:10,762 | INFO | 02_preprocess_pupil | Session 89/721 | ZFM-04080 | 21363f28-9683-451f-8f80-3f9aee005a6c | raw pupil diameter ready | samples=209370 | missing=5.7%
2026-07-24 16:03:10,763 | INFO | 02_preprocess_pupil | Session 89/721 | ZFM-04080 | 21363f28-9683-451f-8f80-3f9aee005a6c | smoothing pupil diameter
2026-07-24 16:03:32,463 | INFO | 02_preprocess_pupil | Session 89/721 | ZFM-04080 | 21363f28-9683-451f-8f80-3f9aee005a6c | smoothing complete | missing=0.8%
2026-07-24 16:03:32,464 | INFO | 02_preprocess_pupil | Session 89/721 | ZFM-04080 | 21363f28-9683-451f-8f80-3f9aee005a6c | masking blink and velocity artifacts
2026-07-24 16:03:32,480 | INFO | 02_preprocess_pupil | Session 89/721 | ZFM-04080 | 21363f28-9683-451f-8f80-3f9aee005a6c | trace cleaning complete | cleaned missing=7.8% | artifact fraction=7.8%
2026-07-24 16:03:32,481 | INFO | 02_preprocess_pupil | Session 89/721 | ZFM-04080 | 21363f28-9683-451f-8f80-3f9aee005a6c | writing trace cache 21363f28-9683-451f-8f80-3f9aee005a6c.npz
2026-07-24 16:03:32,630 | INFO | 02_preprocess_pupil | Session 89/721 | ZFM-04080 | 21363f28-9683-451f-8f80-3f9aee005a6c | trace cache written | size=3.6 MB
2026-07-24 16:03:32,631 | INFO | 02_preprocess_pupil | Session 89/721 | ZFM-04080 | 21363f28-9683-451f-8f80-3f9aee005a6c | extracting trial-level pupil features
2026-07-24 16:03:33,080 | INFO | 02_preprocess_pupil | Session 89/721 | ZFM-04080 | 21363f28-9683-451f-8f80-3f9aee005a6c | feature extraction complete | stimulus windows valid=76.5% | feedback windows valid=76.5%
2026-07-24 16:03:33,081 | INFO | 02_preprocess_pupil | Session 89/721 complete | status=success | source=one | usable=True | missing=7.8% | session time=31s | cumulative trials=61353/472728 | usable=71 | rejected=6 | failed=12 | elapsed=11m 24s | ETA=1h 20m 59s
2026-07-24 16:03:33,082 | INFO | 02_preprocess_pupil | Session 90/721 | NYU-37 | 21d21fc3-4201-4edc-802a-c67b61952548 | trials=548 | expected source=ONE | starting
2026-07-24 16:03:33,082 | INFO | 02_preprocess_pupil | Session 90/721 | NYU-37 | 21d21fc3-4201-4edc-802a-c67b61952548 | cache miss; fetching trace from ONE
2026-07-24 16:03:33,082 | INFO | 02_preprocess_pupil | Session 90/721 | NYU-37 | 21d21fc3-4201-4edc-802a-c67b61952548 | listing camera datasets
2026-07-24 16:03:34,634 | INFO | 02_preprocess_pupil | Session 90/721 | NYU-37 | 21d21fc3-4201-4edc-802a-c67b61952548 | camera dataset listing complete | matches=8
2026-07-24 16:03:34,634 | INFO | 02_preprocess_pupil | Session 90/721 | NYU-37 | 21d21fc3-4201-4edc-802a-c67b61952548 | loading DLC dataset alf/_ibl_leftCamera.dlc.pqt
2026-07-24 16:03:34,940 | INFO | 02_preprocess_pupil | Session 90/721 | NYU-37 | 21d21fc3-4201-4edc-802a-c67b61952548 | DLC loaded | rows=646748 | columns=33
2026-07-24 16:03:34,940 | INFO | 02_preprocess_pupil | Session 90/721 | NYU-37 | 21d21fc3-4201-4edc-802a-c67b61952548 | loading timestamp dataset alf/_ibl_leftCamera.times.npy
2026-07-24 16:03:35,069 | INFO | 02_preprocess_pupil | Session 90/721 | NYU-37 | 21d21fc3-4201-4edc-802a-c67b61952548 | timestamps loaded | samples=646748 | duration=1h 12m 12s
2026-07-24 16:03:35,069 | INFO | 02_preprocess_pupil | Session 90/721 | NYU-37 | 21d21fc3-4201-4edc-802a-c67b61952548 | thresholding DLC likelihoods
2026-07-24 16:03:35,167 | INFO | 02_preprocess_pupil | Session 90/721 | NYU-37 | 21d21fc3-4201-4edc-802a-c67b61952548 | estimating raw pupil diameter
2026-07-24 16:03:35,822 | INFO | 02_preprocess_pupil | Session 90/721 | NYU-37 | 21d21fc3-4201-4edc-802a-c67b61952548 | raw pupil diameter ready | samples=646748 | missing=98.7%
2026-07-24 16:03:35,822 | INFO | 02_preprocess_pupil | Session 90/721 | NYU-37 | 21d21fc3-4201-4edc-802a-c67b61952548 | smoothing pupil diameter
2026-07-24 16:03:35,823 | WARNING | 02_preprocess_pupil | Session 90/721 failed | subject=NYU-37 | eid=21d21fc3-4201-4edc-802a-c67b61952548 | session elapsed=3s | error=ValueError: Raw pupil diameter for left is too often NaN, cannot smooth.
2026-07-24 16:03:35,826 | INFO | 02_preprocess_pupil | Session 90/721 complete | status=failed | source=none | usable=False | missing=n/a | session time=3s | cumulative trials=61901/472728 | usable=71 | rejected=6 | failed=13 | elapsed=11m 27s | ETA=1h 20m 16s
2026-07-24 16:03:35,827 | INFO | 02_preprocess_pupil | Session 91/721 | ZM_1898 | 21e16736-fd59-44c7-b938-9b1333d25da8 | trials=802 | expected source=ONE | starting
2026-07-24 16:03:35,827 | INFO | 02_preprocess_pupil | Session 91/721 | ZM_1898 | 21e16736-fd59-44c7-b938-9b1333d25da8 | cache miss; fetching trace from ONE
2026-07-24 16:03:35,827 | INFO | 02_preprocess_pupil | Session 91/721 | ZM_1898 | 21e16736-fd59-44c7-b938-9b1333d25da8 | listing camera datasets
2026-07-24 16:03:37,371 | INFO | 02_preprocess_pupil | Session 91/721 | ZM_1898 | 21e16736-fd59-44c7-b938-9b1333d25da8 | camera dataset listing complete | matches=8
2026-07-24 16:03:37,371 | INFO | 02_preprocess_pupil | Session 91/721 | ZM_1898 | 21e16736-fd59-44c7-b938-9b1333d25da8 | loading DLC dataset alf/_ibl_leftCamera.dlc.pqt
2026-07-24 16:03:37,566 | INFO | 02_preprocess_pupil | Session 91/721 | ZM_1898 | 21e16736-fd59-44c7-b938-9b1333d25da8 | DLC loaded | rows=237917 | columns=33
2026-07-24 16:03:37,566 | INFO | 02_preprocess_pupil | Session 91/721 | ZM_1898 | 21e16736-fd59-44c7-b938-9b1333d25da8 | loading timestamp dataset alf/#2023-04-20#/_ibl_leftCamera.times.npy
2026-07-24 16:03:37,660 | INFO | 02_preprocess_pupil | Session 91/721 | ZM_1898 | 21e16736-fd59-44c7-b938-9b1333d25da8 | timestamps loaded | samples=237917 | duration=1h 05m 58s
2026-07-24 16:03:37,660 | INFO | 02_preprocess_pupil | Session 91/721 | ZM_1898 | 21e16736-fd59-44c7-b938-9b1333d25da8 | thresholding DLC likelihoods
2026-07-24 16:03:37,689 | INFO | 02_preprocess_pupil | Session 91/721 | ZM_1898 | 21e16736-fd59-44c7-b938-9b1333d25da8 | estimating raw pupil diameter
2026-07-24 16:03:37,764 | INFO | 02_preprocess_pupil | Session 91/721 | ZM_1898 | 21e16736-fd59-44c7-b938-9b1333d25da8 | raw pupil diameter ready | samples=237917 | missing=5.5%
2026-07-24 16:03:37,764 | INFO | 02_preprocess_pupil | Session 91/721 | ZM_1898 | 21e16736-fd59-44c7-b938-9b1333d25da8 | smoothing pupil diameter
2026-07-24 16:04:02,454 | INFO | 02_preprocess_pupil | Session 91/721 | ZM_1898 | 21e16736-fd59-44c7-b938-9b1333d25da8 | smoothing complete | missing=0.4%
2026-07-24 16:04:02,455 | INFO | 02_preprocess_pupil | Session 91/721 | ZM_1898 | 21e16736-fd59-44c7-b938-9b1333d25da8 | masking blink and velocity artifacts
2026-07-24 16:04:02,474 | INFO | 02_preprocess_pupil | Session 91/721 | ZM_1898 | 21e16736-fd59-44c7-b938-9b1333d25da8 | trace cleaning complete | cleaned missing=2.7% | artifact fraction=2.7%
2026-07-24 16:04:02,475 | INFO | 02_preprocess_pupil | Session 91/721 | ZM_1898 | 21e16736-fd59-44c7-b938-9b1333d25da8 | writing trace cache 21e16736-fd59-44c7-b938-9b1333d25da8.npz
2026-07-24 16:04:02,639 | INFO | 02_preprocess_pupil | Session 91/721 | ZM_1898 | 21e16736-fd59-44c7-b938-9b1333d25da8 | trace cache written | size=4.2 MB
2026-07-24 16:04:02,640 | INFO | 02_preprocess_pupil | Session 91/721 | ZM_1898 | 21e16736-fd59-44c7-b938-9b1333d25da8 | extracting trial-level pupil features
2026-07-24 16:04:03,272 | INFO | 02_preprocess_pupil | Session 91/721 | ZM_1898 | 21e16736-fd59-44c7-b938-9b1333d25da8 | feature extraction complete | stimulus windows valid=93.6% | feedback windows valid=91.1%
2026-07-24 16:04:03,272 | INFO | 02_preprocess_pupil | Session 91/721 complete | status=success | source=one | usable=True | missing=2.7% | session time=27s | cumulative trials=62703/472728 | usable=72 | rejected=6 | failed=13 | elapsed=11m 54s | ETA=1h 22m 26s
2026-07-24 16:04:03,273 | INFO | 02_preprocess_pupil | Session 92/721 | NYU-52 | 22bb2f57-c4d6-4867-9248-15857e14e453 | trials=541 | expected source=ONE | starting
2026-07-24 16:04:03,273 | INFO | 02_preprocess_pupil | Session 92/721 | NYU-52 | 22bb2f57-c4d6-4867-9248-15857e14e453 | cache miss; fetching trace from ONE
2026-07-24 16:04:03,273 | INFO | 02_preprocess_pupil | Session 92/721 | NYU-52 | 22bb2f57-c4d6-4867-9248-15857e14e453 | listing camera datasets
2026-07-24 16:04:04,730 | INFO | 02_preprocess_pupil | Session 92/721 | NYU-52 | 22bb2f57-c4d6-4867-9248-15857e14e453 | camera dataset listing complete | matches=4
2026-07-24 16:04:04,730 | INFO | 02_preprocess_pupil | Session 92/721 | NYU-52 | 22bb2f57-c4d6-4867-9248-15857e14e453 | loading DLC dataset alf/_ibl_leftCamera.dlc.pqt
2026-07-24 16:04:04,916 | INFO | 02_preprocess_pupil | Session 92/721 | NYU-52 | 22bb2f57-c4d6-4867-9248-15857e14e453 | DLC loaded | rows=318861 | columns=33
2026-07-24 16:04:04,916 | INFO | 02_preprocess_pupil | Session 92/721 | NYU-52 | 22bb2f57-c4d6-4867-9248-15857e14e453 | loading timestamp dataset alf/_ibl_leftCamera.times.npy
2026-07-24 16:04:05,011 | INFO | 02_preprocess_pupil | Session 92/721 | NYU-52 | 22bb2f57-c4d6-4867-9248-15857e14e453 | timestamps loaded | samples=318861 | duration=1h 28m 30s
2026-07-24 16:04:05,011 | INFO | 02_preprocess_pupil | Session 92/721 | NYU-52 | 22bb2f57-c4d6-4867-9248-15857e14e453 | thresholding DLC likelihoods
2026-07-24 16:04:05,047 | INFO | 02_preprocess_pupil | Session 92/721 | NYU-52 | 22bb2f57-c4d6-4867-9248-15857e14e453 | estimating raw pupil diameter
2026-07-24 16:04:05,140 | INFO | 02_preprocess_pupil | Session 92/721 | NYU-52 | 22bb2f57-c4d6-4867-9248-15857e14e453 | raw pupil diameter ready | samples=318861 | missing=1.7%
2026-07-24 16:04:05,140 | INFO | 02_preprocess_pupil | Session 92/721 | NYU-52 | 22bb2f57-c4d6-4867-9248-15857e14e453 | smoothing pupil diameter
2026-07-24 16:04:40,051 | INFO | 02_preprocess_pupil | Session 92/721 | NYU-52 | 22bb2f57-c4d6-4867-9248-15857e14e453 | smoothing complete | missing=0.0%
2026-07-24 16:04:40,052 | INFO | 02_preprocess_pupil | Session 92/721 | NYU-52 | 22bb2f57-c4d6-4867-9248-15857e14e453 | masking blink and velocity artifacts
2026-07-24 16:04:40,076 | INFO | 02_preprocess_pupil | Session 92/721 | NYU-52 | 22bb2f57-c4d6-4867-9248-15857e14e453 | trace cleaning complete | cleaned missing=6.2% | artifact fraction=6.2%
2026-07-24 16:04:40,077 | INFO | 02_preprocess_pupil | Session 92/721 | NYU-52 | 22bb2f57-c4d6-4867-9248-15857e14e453 | writing trace cache 22bb2f57-c4d6-4867-9248-15857e14e453.npz
2026-07-24 16:04:40,322 | INFO | 02_preprocess_pupil | Session 92/721 | NYU-52 | 22bb2f57-c4d6-4867-9248-15857e14e453 | trace cache written | size=6.0 MB
2026-07-24 16:04:40,323 | INFO | 02_preprocess_pupil | Session 92/721 | NYU-52 | 22bb2f57-c4d6-4867-9248-15857e14e453 | extracting trial-level pupil features
2026-07-24 16:04:40,857 | INFO | 02_preprocess_pupil | Session 92/721 | NYU-52 | 22bb2f57-c4d6-4867-9248-15857e14e453 | feature extraction complete | stimulus windows valid=77.3% | feedback windows valid=76.9%
2026-07-24 16:04:40,858 | INFO | 02_preprocess_pupil | Session 92/721 complete | status=success | source=one | usable=True | missing=6.2% | session time=38s | cumulative trials=63244/472728 | usable=73 | rejected=6 | failed=13 | elapsed=12m 32s | ETA=1h 25m 41s
2026-07-24 16:04:40,859 | INFO | 02_preprocess_pupil | Session 93/721 | SWC_052 | 22e04698-b974-4805-b241-3b547dbf37bf | trials=518 | expected source=ONE | starting
2026-07-24 16:04:40,859 | INFO | 02_preprocess_pupil | Session 93/721 | SWC_052 | 22e04698-b974-4805-b241-3b547dbf37bf | cache miss; fetching trace from ONE
2026-07-24 16:04:40,859 | INFO | 02_preprocess_pupil | Session 93/721 | SWC_052 | 22e04698-b974-4805-b241-3b547dbf37bf | listing camera datasets
2026-07-24 16:04:43,317 | INFO | 02_preprocess_pupil | Session 93/721 | SWC_052 | 22e04698-b974-4805-b241-3b547dbf37bf | camera dataset listing complete | matches=8
2026-07-24 16:04:43,317 | INFO | 02_preprocess_pupil | Session 93/721 | SWC_052 | 22e04698-b974-4805-b241-3b547dbf37bf | loading DLC dataset alf/_ibl_leftCamera.dlc.pqt
2026-07-24 16:04:43,499 | INFO | 02_preprocess_pupil | Session 93/721 | SWC_052 | 22e04698-b974-4805-b241-3b547dbf37bf | DLC loaded | rows=230965 | columns=33
2026-07-24 16:04:43,500 | INFO | 02_preprocess_pupil | Session 93/721 | SWC_052 | 22e04698-b974-4805-b241-3b547dbf37bf | loading timestamp dataset alf/_ibl_leftCamera.times.npy
2026-07-24 16:04:43,606 | INFO | 02_preprocess_pupil | Session 93/721 | SWC_052 | 22e04698-b974-4805-b241-3b547dbf37bf | timestamps loaded | samples=230965 | duration=1h 04m 24s
2026-07-24 16:04:43,606 | INFO | 02_preprocess_pupil | Session 93/721 | SWC_052 | 22e04698-b974-4805-b241-3b547dbf37bf | thresholding DLC likelihoods
2026-07-24 16:04:43,631 | INFO | 02_preprocess_pupil | Session 93/721 | SWC_052 | 22e04698-b974-4805-b241-3b547dbf37bf | estimating raw pupil diameter
2026-07-24 16:04:43,713 | INFO | 02_preprocess_pupil | Session 93/721 | SWC_052 | 22e04698-b974-4805-b241-3b547dbf37bf | raw pupil diameter ready | samples=230965 | missing=8.5%
2026-07-24 16:04:43,713 | INFO | 02_preprocess_pupil | Session 93/721 | SWC_052 | 22e04698-b974-4805-b241-3b547dbf37bf | smoothing pupil diameter
2026-07-24 16:05:07,098 | INFO | 02_preprocess_pupil | Session 93/721 | SWC_052 | 22e04698-b974-4805-b241-3b547dbf37bf | smoothing complete | missing=0.4%
2026-07-24 16:05:07,098 | INFO | 02_preprocess_pupil | Session 93/721 | SWC_052 | 22e04698-b974-4805-b241-3b547dbf37bf | masking blink and velocity artifacts
2026-07-24 16:05:07,116 | INFO | 02_preprocess_pupil | Session 93/721 | SWC_052 | 22e04698-b974-4805-b241-3b547dbf37bf | trace cleaning complete | cleaned missing=3.7% | artifact fraction=3.7%
2026-07-24 16:05:07,116 | INFO | 02_preprocess_pupil | Session 93/721 | SWC_052 | 22e04698-b974-4805-b241-3b547dbf37bf | writing trace cache 22e04698-b974-4805-b241-3b547dbf37bf.npz
2026-07-24 16:05:07,279 | INFO | 02_preprocess_pupil | Session 93/721 | SWC_052 | 22e04698-b974-4805-b241-3b547dbf37bf | trace cache written | size=4.4 MB
2026-07-24 16:05:07,281 | INFO | 02_preprocess_pupil | Session 93/721 | SWC_052 | 22e04698-b974-4805-b241-3b547dbf37bf | extracting trial-level pupil features
2026-07-24 16:05:07,676 | INFO | 02_preprocess_pupil | Session 93/721 | SWC_052 | 22e04698-b974-4805-b241-3b547dbf37bf | feature extraction complete | stimulus windows valid=86.5% | feedback windows valid=87.6%
2026-07-24 16:05:07,677 | INFO | 02_preprocess_pupil | Session 93/721 complete | status=success | source=one | usable=True | missing=3.7% | session time=27s | cumulative trials=63762/472728 | usable=74 | rejected=6 | failed=13 | elapsed=12m 59s | ETA=1h 27m 39s
2026-07-24 16:05:07,677 | INFO | 02_preprocess_pupil | Session 94/721 | PL030 | 233617ec-c5cf-4eda-afc8-3b1d94f36d73 | trials=444 | expected source=ONE | starting
2026-07-24 16:05:07,678 | INFO | 02_preprocess_pupil | Session 94/721 | PL030 | 233617ec-c5cf-4eda-afc8-3b1d94f36d73 | cache miss; fetching trace from ONE
2026-07-24 16:05:07,678 | INFO | 02_preprocess_pupil | Session 94/721 | PL030 | 233617ec-c5cf-4eda-afc8-3b1d94f36d73 | listing camera datasets
2026-07-24 16:05:09,515 | INFO | 02_preprocess_pupil | Session 94/721 | PL030 | 233617ec-c5cf-4eda-afc8-3b1d94f36d73 | camera dataset listing complete | matches=8
2026-07-24 16:05:09,515 | INFO | 02_preprocess_pupil | Session 94/721 | PL030 | 233617ec-c5cf-4eda-afc8-3b1d94f36d73 | loading DLC dataset alf/_ibl_leftCamera.dlc.pqt
2026-07-24 16:05:09,690 | INFO | 02_preprocess_pupil | Session 94/721 | PL030 | 233617ec-c5cf-4eda-afc8-3b1d94f36d73 | DLC loaded | rows=243023 | columns=33
2026-07-24 16:05:09,690 | INFO | 02_preprocess_pupil | Session 94/721 | PL030 | 233617ec-c5cf-4eda-afc8-3b1d94f36d73 | loading timestamp dataset alf/_ibl_leftCamera.times.npy
2026-07-24 16:05:09,783 | INFO | 02_preprocess_pupil | Session 94/721 | PL030 | 233617ec-c5cf-4eda-afc8-3b1d94f36d73 | timestamps loaded | samples=243023 | duration=1h 07m 27s
2026-07-24 16:05:09,783 | INFO | 02_preprocess_pupil | Session 94/721 | PL030 | 233617ec-c5cf-4eda-afc8-3b1d94f36d73 | thresholding DLC likelihoods
2026-07-24 16:05:09,809 | INFO | 02_preprocess_pupil | Session 94/721 | PL030 | 233617ec-c5cf-4eda-afc8-3b1d94f36d73 | estimating raw pupil diameter
2026-07-24 16:05:09,879 | INFO | 02_preprocess_pupil | Session 94/721 | PL030 | 233617ec-c5cf-4eda-afc8-3b1d94f36d73 | raw pupil diameter ready | samples=243023 | missing=0.2%
2026-07-24 16:05:09,879 | INFO | 02_preprocess_pupil | Session 94/721 | PL030 | 233617ec-c5cf-4eda-afc8-3b1d94f36d73 | smoothing pupil diameter
2026-07-24 16:05:36,647 | INFO | 02_preprocess_pupil | Session 94/721 | PL030 | 233617ec-c5cf-4eda-afc8-3b1d94f36d73 | smoothing complete | missing=0.0%
2026-07-24 16:05:36,647 | INFO | 02_preprocess_pupil | Session 94/721 | PL030 | 233617ec-c5cf-4eda-afc8-3b1d94f36d73 | masking blink and velocity artifacts
2026-07-24 16:05:36,667 | INFO | 02_preprocess_pupil | Session 94/721 | PL030 | 233617ec-c5cf-4eda-afc8-3b1d94f36d73 | trace cleaning complete | cleaned missing=4.6% | artifact fraction=4.6%
2026-07-24 16:05:36,668 | INFO | 02_preprocess_pupil | Session 94/721 | PL030 | 233617ec-c5cf-4eda-afc8-3b1d94f36d73 | writing trace cache 233617ec-c5cf-4eda-afc8-3b1d94f36d73.npz
2026-07-24 16:05:36,857 | INFO | 02_preprocess_pupil | Session 94/721 | PL030 | 233617ec-c5cf-4eda-afc8-3b1d94f36d73 | trace cache written | size=4.7 MB
2026-07-24 16:05:36,859 | INFO | 02_preprocess_pupil | Session 94/721 | PL030 | 233617ec-c5cf-4eda-afc8-3b1d94f36d73 | extracting trial-level pupil features
2026-07-24 16:05:37,211 | INFO | 02_preprocess_pupil | Session 94/721 | PL030 | 233617ec-c5cf-4eda-afc8-3b1d94f36d73 | feature extraction complete | stimulus windows valid=78.6% | feedback windows valid=80.6%
2026-07-24 16:05:37,212 | INFO | 02_preprocess_pupil | Session 94/721 complete | status=success | source=one | usable=True | missing=4.6% | session time=30s | cumulative trials=64206/472728 | usable=75 | rejected=6 | failed=13 | elapsed=13m 28s | ETA=1h 29m 52s
2026-07-24 16:05:37,212 | INFO | 02_preprocess_pupil | Session 95/721 | SWC_053 | 239cdbb1-68e2-4eb0-91d8-ae5ae4001c7a | trials=636 | expected source=ONE | starting
2026-07-24 16:05:37,213 | INFO | 02_preprocess_pupil | Session 95/721 | SWC_053 | 239cdbb1-68e2-4eb0-91d8-ae5ae4001c7a | cache miss; fetching trace from ONE
2026-07-24 16:05:37,213 | INFO | 02_preprocess_pupil | Session 95/721 | SWC_053 | 239cdbb1-68e2-4eb0-91d8-ae5ae4001c7a | listing camera datasets
2026-07-24 16:05:39,900 | INFO | 02_preprocess_pupil | Session 95/721 | SWC_053 | 239cdbb1-68e2-4eb0-91d8-ae5ae4001c7a | camera dataset listing complete | matches=8
2026-07-24 16:05:39,901 | INFO | 02_preprocess_pupil | Session 95/721 | SWC_053 | 239cdbb1-68e2-4eb0-91d8-ae5ae4001c7a | loading DLC dataset alf/_ibl_leftCamera.dlc.pqt
2026-07-24 16:05:40,087 | INFO | 02_preprocess_pupil | Session 95/721 | SWC_053 | 239cdbb1-68e2-4eb0-91d8-ae5ae4001c7a | DLC loaded | rows=268369 | columns=33
2026-07-24 16:05:40,088 | INFO | 02_preprocess_pupil | Session 95/721 | SWC_053 | 239cdbb1-68e2-4eb0-91d8-ae5ae4001c7a | loading timestamp dataset alf/_ibl_leftCamera.times.npy
2026-07-24 16:05:40,191 | INFO | 02_preprocess_pupil | Session 95/721 | SWC_053 | 239cdbb1-68e2-4eb0-91d8-ae5ae4001c7a | timestamps loaded | samples=268369 | duration=1h 14m 50s
2026-07-24 16:05:40,191 | INFO | 02_preprocess_pupil | Session 95/721 | SWC_053 | 239cdbb1-68e2-4eb0-91d8-ae5ae4001c7a | thresholding DLC likelihoods
2026-07-24 16:05:40,225 | INFO | 02_preprocess_pupil | Session 95/721 | SWC_053 | 239cdbb1-68e2-4eb0-91d8-ae5ae4001c7a | estimating raw pupil diameter
2026-07-24 16:05:40,365 | INFO | 02_preprocess_pupil | Session 95/721 | SWC_053 | 239cdbb1-68e2-4eb0-91d8-ae5ae4001c7a | raw pupil diameter ready | samples=268369 | missing=30.9%
2026-07-24 16:05:40,365 | INFO | 02_preprocess_pupil | Session 95/721 | SWC_053 | 239cdbb1-68e2-4eb0-91d8-ae5ae4001c7a | smoothing pupil diameter
2026-07-24 16:06:00,901 | INFO | 02_preprocess_pupil | Session 95/721 | SWC_053 | 239cdbb1-68e2-4eb0-91d8-ae5ae4001c7a | smoothing complete | missing=6.0%
2026-07-24 16:06:00,901 | INFO | 02_preprocess_pupil | Session 95/721 | SWC_053 | 239cdbb1-68e2-4eb0-91d8-ae5ae4001c7a | masking blink and velocity artifacts
2026-07-24 16:06:00,921 | INFO | 02_preprocess_pupil | Session 95/721 | SWC_053 | 239cdbb1-68e2-4eb0-91d8-ae5ae4001c7a | trace cleaning complete | cleaned missing=13.8% | artifact fraction=13.8%
2026-07-24 16:06:00,921 | INFO | 02_preprocess_pupil | Session 95/721 | SWC_053 | 239cdbb1-68e2-4eb0-91d8-ae5ae4001c7a | writing trace cache 239cdbb1-68e2-4eb0-91d8-ae5ae4001c7a.npz
2026-07-24 16:06:01,094 | INFO | 02_preprocess_pupil | Session 95/721 | SWC_053 | 239cdbb1-68e2-4eb0-91d8-ae5ae4001c7a | trace cache written | size=4.5 MB
2026-07-24 16:06:01,096 | INFO | 02_preprocess_pupil | Session 95/721 | SWC_053 | 239cdbb1-68e2-4eb0-91d8-ae5ae4001c7a | extracting trial-level pupil features
2026-07-24 16:06:01,621 | INFO | 02_preprocess_pupil | Session 95/721 | SWC_053 | 239cdbb1-68e2-4eb0-91d8-ae5ae4001c7a | feature extraction complete | stimulus windows valid=62.3% | feedback windows valid=64.5%
2026-07-24 16:06:01,622 | INFO | 02_preprocess_pupil | Session 95/721 complete | status=success | source=one | usable=True | missing=13.8% | session time=24s | cumulative trials=64842/472728 | usable=76 | rejected=6 | failed=13 | elapsed=13m 53s | ETA=1h 31m 27s
2026-07-24 16:06:01,622 | INFO | 02_preprocess_pupil | Session 96/721 | ZFM-04300 | 2457a923-5efb-42ba-80c2-a83a5b659e28 | trials=562 | expected source=ONE | starting
2026-07-24 16:06:01,623 | INFO | 02_preprocess_pupil | Session 96/721 | ZFM-04300 | 2457a923-5efb-42ba-80c2-a83a5b659e28 | cache miss; fetching trace from ONE
2026-07-24 16:06:01,623 | INFO | 02_preprocess_pupil | Session 96/721 | ZFM-04300 | 2457a923-5efb-42ba-80c2-a83a5b659e28 | listing camera datasets
2026-07-24 16:06:03,589 | INFO | 02_preprocess_pupil | Session 96/721 | ZFM-04300 | 2457a923-5efb-42ba-80c2-a83a5b659e28 | camera dataset listing complete | matches=4
2026-07-24 16:06:03,589 | INFO | 02_preprocess_pupil | Session 96/721 | ZFM-04300 | 2457a923-5efb-42ba-80c2-a83a5b659e28 | loading DLC dataset alf/_ibl_leftCamera.dlc.pqt
2026-07-24 16:06:03,768 | INFO | 02_preprocess_pupil | Session 96/721 | ZFM-04300 | 2457a923-5efb-42ba-80c2-a83a5b659e28 | DLC loaded | rows=244011 | columns=33
2026-07-24 16:06:03,768 | INFO | 02_preprocess_pupil | Session 96/721 | ZFM-04300 | 2457a923-5efb-42ba-80c2-a83a5b659e28 | loading timestamp dataset alf/_ibl_leftCamera.times.npy
2026-07-24 16:06:03,857 | INFO | 02_preprocess_pupil | Session 96/721 | ZFM-04300 | 2457a923-5efb-42ba-80c2-a83a5b659e28 | timestamps loaded | samples=244011 | duration=1h 07m 41s
2026-07-24 16:06:03,857 | INFO | 02_preprocess_pupil | Session 96/721 | ZFM-04300 | 2457a923-5efb-42ba-80c2-a83a5b659e28 | thresholding DLC likelihoods
2026-07-24 16:06:03,882 | INFO | 02_preprocess_pupil | Session 96/721 | ZFM-04300 | 2457a923-5efb-42ba-80c2-a83a5b659e28 | estimating raw pupil diameter
2026-07-24 16:06:03,953 | INFO | 02_preprocess_pupil | Session 96/721 | ZFM-04300 | 2457a923-5efb-42ba-80c2-a83a5b659e28 | raw pupil diameter ready | samples=244011 | missing=1.4%
2026-07-24 16:06:03,953 | INFO | 02_preprocess_pupil | Session 96/721 | ZFM-04300 | 2457a923-5efb-42ba-80c2-a83a5b659e28 | smoothing pupil diameter
2026-07-24 16:06:30,563 | INFO | 02_preprocess_pupil | Session 96/721 | ZFM-04300 | 2457a923-5efb-42ba-80c2-a83a5b659e28 | smoothing complete | missing=0.4%
2026-07-24 16:06:30,563 | INFO | 02_preprocess_pupil | Session 96/721 | ZFM-04300 | 2457a923-5efb-42ba-80c2-a83a5b659e28 | masking blink and velocity artifacts
2026-07-24 16:06:30,584 | INFO | 02_preprocess_pupil | Session 96/721 | ZFM-04300 | 2457a923-5efb-42ba-80c2-a83a5b659e28 | trace cleaning complete | cleaned missing=3.0% | artifact fraction=3.0%
2026-07-24 16:06:30,584 | INFO | 02_preprocess_pupil | Session 96/721 | ZFM-04300 | 2457a923-5efb-42ba-80c2-a83a5b659e28 | writing trace cache 2457a923-5efb-42ba-80c2-a83a5b659e28.npz
2026-07-24 16:06:30,774 | INFO | 02_preprocess_pupil | Session 96/721 | ZFM-04300 | 2457a923-5efb-42ba-80c2-a83a5b659e28 | trace cache written | size=4.7 MB
2026-07-24 16:06:30,775 | INFO | 02_preprocess_pupil | Session 96/721 | ZFM-04300 | 2457a923-5efb-42ba-80c2-a83a5b659e28 | extracting trial-level pupil features
2026-07-24 16:06:31,227 | INFO | 02_preprocess_pupil | Session 96/721 | ZFM-04300 | 2457a923-5efb-42ba-80c2-a83a5b659e28 | feature extraction complete | stimulus windows valid=89.1% | feedback windows valid=91.3%
2026-07-24 16:06:31,228 | INFO | 02_preprocess_pupil | Session 96/721 complete | status=success | source=one | usable=True | missing=3.0% | session time=30s | cumulative trials=65404/472728 | usable=77 | rejected=6 | failed=13 | elapsed=14m 22s | ETA=1h 33m 34s
2026-07-24 16:06:31,229 | INFO | 02_preprocess_pupil | Session 97/721 | FMR024 | 247954c5-ded8-4356-ba96-c808f6faa21c | trials=748 | expected source=ONE | starting
2026-07-24 16:06:31,229 | INFO | 02_preprocess_pupil | Session 97/721 | FMR024 | 247954c5-ded8-4356-ba96-c808f6faa21c | cache miss; fetching trace from ONE
2026-07-24 16:06:31,229 | INFO | 02_preprocess_pupil | Session 97/721 | FMR024 | 247954c5-ded8-4356-ba96-c808f6faa21c | listing camera datasets
2026-07-24 16:06:33,158 | INFO | 02_preprocess_pupil | Session 97/721 | FMR024 | 247954c5-ded8-4356-ba96-c808f6faa21c | camera dataset listing complete | matches=5
2026-07-24 16:06:33,159 | INFO | 02_preprocess_pupil | Session 97/721 | FMR024 | 247954c5-ded8-4356-ba96-c808f6faa21c | loading DLC dataset alf/_ibl_leftCamera.dlc.pqt
2026-07-24 16:06:33,349 | INFO | 02_preprocess_pupil | Session 97/721 | FMR024 | 247954c5-ded8-4356-ba96-c808f6faa21c | DLC loaded | rows=324198 | columns=33
2026-07-24 16:06:33,349 | INFO | 02_preprocess_pupil | Session 97/721 | FMR024 | 247954c5-ded8-4356-ba96-c808f6faa21c | loading timestamp dataset alf/_ibl_leftCamera.times.npy
2026-07-24 16:06:33,451 | INFO | 02_preprocess_pupil | Session 97/721 | FMR024 | 247954c5-ded8-4356-ba96-c808f6faa21c | timestamps loaded | samples=324198 | duration=1h 29m 59s
2026-07-24 16:06:33,452 | INFO | 02_preprocess_pupil | Session 97/721 | FMR024 | 247954c5-ded8-4356-ba96-c808f6faa21c | thresholding DLC likelihoods
2026-07-24 16:06:33,498 | INFO | 02_preprocess_pupil | Session 97/721 | FMR024 | 247954c5-ded8-4356-ba96-c808f6faa21c | estimating raw pupil diameter
2026-07-24 16:06:33,650 | INFO | 02_preprocess_pupil | Session 97/721 | FMR024 | 247954c5-ded8-4356-ba96-c808f6faa21c | raw pupil diameter ready | samples=324198 | missing=24.4%
2026-07-24 16:06:33,650 | INFO | 02_preprocess_pupil | Session 97/721 | FMR024 | 247954c5-ded8-4356-ba96-c808f6faa21c | smoothing pupil diameter
2026-07-24 16:07:00,828 | INFO | 02_preprocess_pupil | Session 97/721 | FMR024 | 247954c5-ded8-4356-ba96-c808f6faa21c | smoothing complete | missing=0.0%
2026-07-24 16:07:00,828 | INFO | 02_preprocess_pupil | Session 97/721 | FMR024 | 247954c5-ded8-4356-ba96-c808f6faa21c | masking blink and velocity artifacts
2026-07-24 16:07:00,855 | INFO | 02_preprocess_pupil | Session 97/721 | FMR024 | 247954c5-ded8-4356-ba96-c808f6faa21c | trace cleaning complete | cleaned missing=5.2% | artifact fraction=5.2%
2026-07-24 16:07:00,855 | INFO | 02_preprocess_pupil | Session 97/721 | FMR024 | 247954c5-ded8-4356-ba96-c808f6faa21c | writing trace cache 247954c5-ded8-4356-ba96-c808f6faa21c.npz
2026-07-24 16:07:01,079 | INFO | 02_preprocess_pupil | Session 97/721 | FMR024 | 247954c5-ded8-4356-ba96-c808f6faa21c | trace cache written | size=5.8 MB
2026-07-24 16:07:01,081 | INFO | 02_preprocess_pupil | Session 97/721 | FMR024 | 247954c5-ded8-4356-ba96-c808f6faa21c | extracting trial-level pupil features
2026-07-24 16:07:01,839 | INFO | 02_preprocess_pupil | Session 97/721 | FMR024 | 247954c5-ded8-4356-ba96-c808f6faa21c | feature extraction complete | stimulus windows valid=80.3% | feedback windows valid=79.1%
2026-07-24 16:07:01,840 | INFO | 02_preprocess_pupil | Session 97/721 complete | status=success | source=one | usable=True | missing=5.2% | session time=31s | cumulative trials=66152/472728 | usable=78 | rejected=6 | failed=13 | elapsed=14m 53s | ETA=1h 35m 44s
2026-07-24 16:07:01,841 | INFO | 02_preprocess_pupil | Session 98/721 | ZFM-04811 | 24f4d18e-67f8-47f6-a519-2fd99a0134cd | trials=644 | expected source=ONE | starting
2026-07-24 16:07:01,841 | INFO | 02_preprocess_pupil | Session 98/721 | ZFM-04811 | 24f4d18e-67f8-47f6-a519-2fd99a0134cd | cache miss; fetching trace from ONE
2026-07-24 16:07:01,842 | INFO | 02_preprocess_pupil | Session 98/721 | ZFM-04811 | 24f4d18e-67f8-47f6-a519-2fd99a0134cd | listing camera datasets
2026-07-24 16:07:02,522 | INFO | 02_preprocess_pupil | Session 98/721 | ZFM-04811 | 24f4d18e-67f8-47f6-a519-2fd99a0134cd | camera dataset listing complete | matches=5
2026-07-24 16:07:02,523 | INFO | 02_preprocess_pupil | Session 98/721 | ZFM-04811 | 24f4d18e-67f8-47f6-a519-2fd99a0134cd | loading DLC dataset alf/_ibl_leftCamera.dlc.pqt
2026-07-24 16:07:08,254 | INFO | 02_preprocess_pupil | Session 98/721 | ZFM-04811 | 24f4d18e-67f8-47f6-a519-2fd99a0134cd | DLC loaded | rows=195686 | columns=33
2026-07-24 16:07:08,254 | INFO | 02_preprocess_pupil | Session 98/721 | ZFM-04811 | 24f4d18e-67f8-47f6-a519-2fd99a0134cd | loading timestamp dataset alf/_ibl_leftCamera.times.npy
2026-07-24 16:07:09,540 | INFO | 02_preprocess_pupil | Session 98/721 | ZFM-04811 | 24f4d18e-67f8-47f6-a519-2fd99a0134cd | timestamps loaded | samples=195686 | duration=54m 17s
2026-07-24 16:07:09,541 | INFO | 02_preprocess_pupil | Session 98/721 | ZFM-04811 | 24f4d18e-67f8-47f6-a519-2fd99a0134cd | thresholding DLC likelihoods
2026-07-24 16:07:09,569 | INFO | 02_preprocess_pupil | Session 98/721 | ZFM-04811 | 24f4d18e-67f8-47f6-a519-2fd99a0134cd | estimating raw pupil diameter
2026-07-24 16:07:09,675 | INFO | 02_preprocess_pupil | Session 98/721 | ZFM-04811 | 24f4d18e-67f8-47f6-a519-2fd99a0134cd | raw pupil diameter ready | samples=195686 | missing=31.9%
2026-07-24 16:07:09,675 | INFO | 02_preprocess_pupil | Session 98/721 | ZFM-04811 | 24f4d18e-67f8-47f6-a519-2fd99a0134cd | smoothing pupil diameter
2026-07-24 16:07:25,274 | INFO | 02_preprocess_pupil | Session 98/721 | ZFM-04811 | 24f4d18e-67f8-47f6-a519-2fd99a0134cd | smoothing complete | missing=0.0%
2026-07-24 16:07:25,275 | INFO | 02_preprocess_pupil | Session 98/721 | ZFM-04811 | 24f4d18e-67f8-47f6-a519-2fd99a0134cd | masking blink and velocity artifacts
2026-07-24 16:07:25,291 | INFO | 02_preprocess_pupil | Session 98/721 | ZFM-04811 | 24f4d18e-67f8-47f6-a519-2fd99a0134cd | trace cleaning complete | cleaned missing=13.5% | artifact fraction=13.5%
2026-07-24 16:07:25,292 | INFO | 02_preprocess_pupil | Session 98/721 | ZFM-04811 | 24f4d18e-67f8-47f6-a519-2fd99a0134cd | writing trace cache 24f4d18e-67f8-47f6-a519-2fd99a0134cd.npz
2026-07-24 16:07:25,435 | INFO | 02_preprocess_pupil | Session 98/721 | ZFM-04811 | 24f4d18e-67f8-47f6-a519-2fd99a0134cd | trace cache written | size=3.1 MB
2026-07-24 16:07:25,437 | INFO | 02_preprocess_pupil | Session 98/721 | ZFM-04811 | 24f4d18e-67f8-47f6-a519-2fd99a0134cd | extracting trial-level pupil features
2026-07-24 16:07:25,850 | INFO | 02_preprocess_pupil | Session 98/721 | ZFM-04811 | 24f4d18e-67f8-47f6-a519-2fd99a0134cd | feature extraction complete | stimulus windows valid=45.0% | feedback windows valid=48.9%
2026-07-24 16:07:25,851 | INFO | 02_preprocess_pupil | Session 98/721 complete | status=success | source=one | usable=True | missing=13.5% | session time=24s | cumulative trials=66796/472728 | usable=79 | rejected=6 | failed=13 | elapsed=15m 17s | ETA=1h 37m 09s
2026-07-24 16:07:25,851 | INFO | 02_preprocess_pupil | Session 99/721 | DY_016 | 251ece37-7798-477c-8a06-2845d4aa270c | trials=507 | expected source=ONE | starting
2026-07-24 16:07:25,852 | INFO | 02_preprocess_pupil | Session 99/721 | DY_016 | 251ece37-7798-477c-8a06-2845d4aa270c | cache miss; fetching trace from ONE
2026-07-24 16:07:25,852 | INFO | 02_preprocess_pupil | Session 99/721 | DY_016 | 251ece37-7798-477c-8a06-2845d4aa270c | listing camera datasets
2026-07-24 16:07:28,768 | INFO | 02_preprocess_pupil | Session 99/721 | DY_016 | 251ece37-7798-477c-8a06-2845d4aa270c | camera dataset listing complete | matches=8
2026-07-24 16:07:28,769 | INFO | 02_preprocess_pupil | Session 99/721 | DY_016 | 251ece37-7798-477c-8a06-2845d4aa270c | loading DLC dataset alf/_ibl_leftCamera.dlc.pqt
2026-07-24 16:07:28,982 | INFO | 02_preprocess_pupil | Session 99/721 | DY_016 | 251ece37-7798-477c-8a06-2845d4aa270c | DLC loaded | rows=238919 | columns=33
2026-07-24 16:07:28,983 | INFO | 02_preprocess_pupil | Session 99/721 | DY_016 | 251ece37-7798-477c-8a06-2845d4aa270c | loading timestamp dataset alf/_ibl_leftCamera.times.npy
2026-07-24 16:07:29,112 | INFO | 02_preprocess_pupil | Session 99/721 | DY_016 | 251ece37-7798-477c-8a06-2845d4aa270c | timestamps loaded | samples=238919 | duration=1h 06m 18s
2026-07-24 16:07:29,112 | INFO | 02_preprocess_pupil | Session 99/721 | DY_016 | 251ece37-7798-477c-8a06-2845d4aa270c | thresholding DLC likelihoods
2026-07-24 16:07:29,144 | INFO | 02_preprocess_pupil | Session 99/721 | DY_016 | 251ece37-7798-477c-8a06-2845d4aa270c | estimating raw pupil diameter
2026-07-24 16:07:29,227 | INFO | 02_preprocess_pupil | Session 99/721 | DY_016 | 251ece37-7798-477c-8a06-2845d4aa270c | raw pupil diameter ready | samples=238919 | missing=0.0%
2026-07-24 16:07:29,227 | INFO | 02_preprocess_pupil | Session 99/721 | DY_016 | 251ece37-7798-477c-8a06-2845d4aa270c | smoothing pupil diameter
2026-07-24 16:07:56,075 | INFO | 02_preprocess_pupil | Session 99/721 | DY_016 | 251ece37-7798-477c-8a06-2845d4aa270c | smoothing complete | missing=0.0%
2026-07-24 16:07:56,075 | INFO | 02_preprocess_pupil | Session 99/721 | DY_016 | 251ece37-7798-477c-8a06-2845d4aa270c | masking blink and velocity artifacts
2026-07-24 16:07:56,094 | INFO | 02_preprocess_pupil | Session 99/721 | DY_016 | 251ece37-7798-477c-8a06-2845d4aa270c | trace cleaning complete | cleaned missing=4.9% | artifact fraction=4.9%
2026-07-24 16:07:56,095 | INFO | 02_preprocess_pupil | Session 99/721 | DY_016 | 251ece37-7798-477c-8a06-2845d4aa270c | writing trace cache 251ece37-7798-477c-8a06-2845d4aa270c.npz
2026-07-24 16:07:56,278 | INFO | 02_preprocess_pupil | Session 99/721 | DY_016 | 251ece37-7798-477c-8a06-2845d4aa270c | trace cache written | size=4.6 MB
2026-07-24 16:07:56,279 | INFO | 02_preprocess_pupil | Session 99/721 | DY_016 | 251ece37-7798-477c-8a06-2845d4aa270c | extracting trial-level pupil features
2026-07-24 16:07:56,667 | INFO | 02_preprocess_pupil | Session 99/721 | DY_016 | 251ece37-7798-477c-8a06-2845d4aa270c | feature extraction complete | stimulus windows valid=84.0% | feedback windows valid=76.7%
2026-07-24 16:07:56,668 | INFO | 02_preprocess_pupil | Session 99/721 complete | status=success | source=one | usable=True | missing=4.9% | session time=31s | cumulative trials=67303/472728 | usable=80 | rejected=6 | failed=13 | elapsed=15m 48s | ETA=1h 39m 15s
2026-07-24 16:07:56,668 | INFO | 02_preprocess_pupil | Session 100/721 | NYU-28 | 2573a6a3-deea-40e2-a2de-45d4c4ccb628 | trials=329 | expected source=ONE | starting
2026-07-24 16:07:56,669 | INFO | 02_preprocess_pupil | Session 100/721 | NYU-28 | 2573a6a3-deea-40e2-a2de-45d4c4ccb628 | cache miss; fetching trace from ONE
2026-07-24 16:07:56,669 | INFO | 02_preprocess_pupil | Session 100/721 | NYU-28 | 2573a6a3-deea-40e2-a2de-45d4c4ccb628 | listing camera datasets
2026-07-24 16:07:58,116 | INFO | 02_preprocess_pupil | Session 100/721 | NYU-28 | 2573a6a3-deea-40e2-a2de-45d4c4ccb628 | camera dataset listing complete | matches=3
2026-07-24 16:07:58,116 | INFO | 02_preprocess_pupil | Session 100/721 | NYU-28 | 2573a6a3-deea-40e2-a2de-45d4c4ccb628 | loading DLC dataset alf/_ibl_leftCamera.dlc.pqt
2026-07-24 16:07:58,321 | INFO | 02_preprocess_pupil | Session 100/721 | NYU-28 | 2573a6a3-deea-40e2-a2de-45d4c4ccb628 | DLC loaded | rows=312804 | columns=33
2026-07-24 16:07:58,321 | INFO | 02_preprocess_pupil | Session 100/721 | NYU-28 | 2573a6a3-deea-40e2-a2de-45d4c4ccb628 | loading timestamp dataset alf/_ibl_leftCamera.times.npy
2026-07-24 16:07:58,431 | INFO | 02_preprocess_pupil | Session 100/721 | NYU-28 | 2573a6a3-deea-40e2-a2de-45d4c4ccb628 | timestamps loaded | samples=312804 | duration=1h 26m 48s
2026-07-24 16:07:58,431 | INFO | 02_preprocess_pupil | Session 100/721 | NYU-28 | 2573a6a3-deea-40e2-a2de-45d4c4ccb628 | thresholding DLC likelihoods
2026-07-24 16:07:58,490 | INFO | 02_preprocess_pupil | Session 100/721 | NYU-28 | 2573a6a3-deea-40e2-a2de-45d4c4ccb628 | estimating raw pupil diameter
2026-07-24 16:07:58,845 | INFO | 02_preprocess_pupil | Session 100/721 | NYU-28 | 2573a6a3-deea-40e2-a2de-45d4c4ccb628 | raw pupil diameter ready | samples=312804 | missing=100.0%
2026-07-24 16:07:58,845 | INFO | 02_preprocess_pupil | Session 100/721 | NYU-28 | 2573a6a3-deea-40e2-a2de-45d4c4ccb628 | smoothing pupil diameter
2026-07-24 16:07:58,845 | WARNING | 02_preprocess_pupil | Session 100/721 failed | subject=NYU-28 | eid=2573a6a3-deea-40e2-a2de-45d4c4ccb628 | session elapsed=2s | error=ValueError: Raw pupil diameter for left is too often NaN, cannot smooth.
2026-07-24 16:07:58,848 | INFO | 02_preprocess_pupil | Session 100/721 complete | status=failed | source=none | usable=False | missing=n/a | session time=2s | cumulative trials=67632/472728 | usable=80 | rejected=6 | failed=14 | elapsed=15m 50s | ETA=1h 38m 19s
2026-07-24 16:07:58,848 | INFO | 02_preprocess_pupil | Session 101/721 | FD_36 | 257ec2b8-6e8d-4b98-99de-a232b58fde2c | trials=690 | expected source=ONE | starting
2026-07-24 16:07:58,849 | INFO | 02_preprocess_pupil | Session 101/721 | FD_36 | 257ec2b8-6e8d-4b98-99de-a232b58fde2c | cache miss; fetching trace from ONE
2026-07-24 16:07:58,849 | INFO | 02_preprocess_pupil | Session 101/721 | FD_36 | 257ec2b8-6e8d-4b98-99de-a232b58fde2c | listing camera datasets
2026-07-24 16:07:59,653 | INFO | 02_preprocess_pupil | Session 101/721 | FD_36 | 257ec2b8-6e8d-4b98-99de-a232b58fde2c | camera dataset listing complete | matches=5
2026-07-24 16:07:59,653 | INFO | 02_preprocess_pupil | Session 101/721 | FD_36 | 257ec2b8-6e8d-4b98-99de-a232b58fde2c | loading DLC dataset alf/_ibl_leftCamera.dlc.pqt
2026-07-24 16:07:59,820 | INFO | 02_preprocess_pupil | Session 101/721 | FD_36 | 257ec2b8-6e8d-4b98-99de-a232b58fde2c | DLC loaded | rows=190779 | columns=33
2026-07-24 16:07:59,820 | INFO | 02_preprocess_pupil | Session 101/721 | FD_36 | 257ec2b8-6e8d-4b98-99de-a232b58fde2c | loading timestamp dataset alf/_ibl_leftCamera.times.npy
2026-07-24 16:07:59,912 | INFO | 02_preprocess_pupil | Session 101/721 | FD_36 | 257ec2b8-6e8d-4b98-99de-a232b58fde2c | timestamps loaded | samples=190779 | duration=53m 09s
2026-07-24 16:07:59,912 | INFO | 02_preprocess_pupil | Session 101/721 | FD_36 | 257ec2b8-6e8d-4b98-99de-a232b58fde2c | thresholding DLC likelihoods
2026-07-24 16:07:59,939 | INFO | 02_preprocess_pupil | Session 101/721 | FD_36 | 257ec2b8-6e8d-4b98-99de-a232b58fde2c | estimating raw pupil diameter
2026-07-24 16:07:59,995 | INFO | 02_preprocess_pupil | Session 101/721 | FD_36 | 257ec2b8-6e8d-4b98-99de-a232b58fde2c | raw pupil diameter ready | samples=190779 | missing=0.2%
2026-07-24 16:07:59,995 | INFO | 02_preprocess_pupil | Session 101/721 | FD_36 | 257ec2b8-6e8d-4b98-99de-a232b58fde2c | smoothing pupil diameter
2026-07-24 16:08:21,555 | INFO | 02_preprocess_pupil | Session 101/721 | FD_36 | 257ec2b8-6e8d-4b98-99de-a232b58fde2c | smoothing complete | missing=0.0%
2026-07-24 16:08:21,556 | INFO | 02_preprocess_pupil | Session 101/721 | FD_36 | 257ec2b8-6e8d-4b98-99de-a232b58fde2c | masking blink and velocity artifacts
2026-07-24 16:08:21,571 | INFO | 02_preprocess_pupil | Session 101/721 | FD_36 | 257ec2b8-6e8d-4b98-99de-a232b58fde2c | trace cleaning complete | cleaned missing=2.7% | artifact fraction=2.7%
2026-07-24 16:08:21,572 | INFO | 02_preprocess_pupil | Session 101/721 | FD_36 | 257ec2b8-6e8d-4b98-99de-a232b58fde2c | writing trace cache 257ec2b8-6e8d-4b98-99de-a232b58fde2c.npz
2026-07-24 16:08:21,718 | INFO | 02_preprocess_pupil | Session 101/721 | FD_36 | 257ec2b8-6e8d-4b98-99de-a232b58fde2c | trace cache written | size=3.3 MB
2026-07-24 16:08:21,719 | INFO | 02_preprocess_pupil | Session 101/721 | FD_36 | 257ec2b8-6e8d-4b98-99de-a232b58fde2c | extracting trial-level pupil features
2026-07-24 16:08:22,170 | INFO | 02_preprocess_pupil | Session 101/721 | FD_36 | 257ec2b8-6e8d-4b98-99de-a232b58fde2c | feature extraction complete | stimulus windows valid=92.3% | feedback windows valid=91.0%
2026-07-24 16:08:22,170 | INFO | 02_preprocess_pupil | Session 101/721 complete | status=success | source=one | usable=True | missing=2.7% | session time=23s | cumulative trials=68322/472728 | usable=81 | rejected=6 | failed=14 | elapsed=16m 13s | ETA=1h 39m 35s
2026-07-24 16:08:22,171 | INFO | 02_preprocess_pupil | Session 102/721 | PL050 | 2584ce3c-db10-4076-89cb-5d313138dd38 | trials=712 | expected source=ONE | starting
2026-07-24 16:08:22,172 | INFO | 02_preprocess_pupil | Session 102/721 | PL050 | 2584ce3c-db10-4076-89cb-5d313138dd38 | cache miss; fetching trace from ONE
2026-07-24 16:08:22,172 | INFO | 02_preprocess_pupil | Session 102/721 | PL050 | 2584ce3c-db10-4076-89cb-5d313138dd38 | listing camera datasets
2026-07-24 16:08:23,772 | INFO | 02_preprocess_pupil | Session 102/721 | PL050 | 2584ce3c-db10-4076-89cb-5d313138dd38 | camera dataset listing complete | matches=8
2026-07-24 16:08:23,772 | INFO | 02_preprocess_pupil | Session 102/721 | PL050 | 2584ce3c-db10-4076-89cb-5d313138dd38 | loading DLC dataset alf/_ibl_leftCamera.dlc.pqt
2026-07-24 16:08:23,955 | INFO | 02_preprocess_pupil | Session 102/721 | PL050 | 2584ce3c-db10-4076-89cb-5d313138dd38 | DLC loaded | rows=284565 | columns=33
2026-07-24 16:08:23,956 | INFO | 02_preprocess_pupil | Session 102/721 | PL050 | 2584ce3c-db10-4076-89cb-5d313138dd38 | loading timestamp dataset alf/_ibl_leftCamera.times.npy
2026-07-24 16:08:24,054 | INFO | 02_preprocess_pupil | Session 102/721 | PL050 | 2584ce3c-db10-4076-89cb-5d313138dd38 | timestamps loaded | samples=284565 | duration=1h 19m 00s
2026-07-24 16:08:24,054 | INFO | 02_preprocess_pupil | Session 102/721 | PL050 | 2584ce3c-db10-4076-89cb-5d313138dd38 | thresholding DLC likelihoods
2026-07-24 16:08:24,085 | INFO | 02_preprocess_pupil | Session 102/721 | PL050 | 2584ce3c-db10-4076-89cb-5d313138dd38 | estimating raw pupil diameter
2026-07-24 16:08:24,207 | INFO | 02_preprocess_pupil | Session 102/721 | PL050 | 2584ce3c-db10-4076-89cb-5d313138dd38 | raw pupil diameter ready | samples=284565 | missing=16.5%
2026-07-24 16:08:24,208 | INFO | 02_preprocess_pupil | Session 102/721 | PL050 | 2584ce3c-db10-4076-89cb-5d313138dd38 | smoothing pupil diameter
2026-07-24 16:08:50,960 | INFO | 02_preprocess_pupil | Session 102/721 | PL050 | 2584ce3c-db10-4076-89cb-5d313138dd38 | smoothing complete | missing=0.0%
2026-07-24 16:08:50,961 | INFO | 02_preprocess_pupil | Session 102/721 | PL050 | 2584ce3c-db10-4076-89cb-5d313138dd38 | masking blink and velocity artifacts
2026-07-24 16:08:50,983 | INFO | 02_preprocess_pupil | Session 102/721 | PL050 | 2584ce3c-db10-4076-89cb-5d313138dd38 | trace cleaning complete | cleaned missing=7.0% | artifact fraction=7.0%
2026-07-24 16:08:50,984 | INFO | 02_preprocess_pupil | Session 102/721 | PL050 | 2584ce3c-db10-4076-89cb-5d313138dd38 | writing trace cache 2584ce3c-db10-4076-89cb-5d313138dd38.npz
2026-07-24 16:08:51,199 | INFO | 02_preprocess_pupil | Session 102/721 | PL050 | 2584ce3c-db10-4076-89cb-5d313138dd38 | trace cache written | size=5.0 MB
2026-07-24 16:08:51,201 | INFO | 02_preprocess_pupil | Session 102/721 | PL050 | 2584ce3c-db10-4076-89cb-5d313138dd38 | extracting trial-level pupil features
2026-07-24 16:08:51,869 | INFO | 02_preprocess_pupil | Session 102/721 | PL050 | 2584ce3c-db10-4076-89cb-5d313138dd38 | feature extraction complete | stimulus windows valid=91.0% | feedback windows valid=91.6%
2026-07-24 16:08:51,870 | INFO | 02_preprocess_pupil | Session 102/721 complete | status=success | source=one | usable=True | missing=7.0% | session time=30s | cumulative trials=69034/472728 | usable=82 | rejected=6 | failed=14 | elapsed=16m 43s | ETA=1h 41m 27s
2026-07-24 16:08:51,871 | INFO | 02_preprocess_pupil | Session 103/721 | ZM_2240 | 259927fd-7563-4b03-bc5d-17b4d0fa7a55 | trials=646 | expected source=ONE | starting
2026-07-24 16:08:51,871 | INFO | 02_preprocess_pupil | Session 103/721 | ZM_2240 | 259927fd-7563-4b03-bc5d-17b4d0fa7a55 | cache miss; fetching trace from ONE
2026-07-24 16:08:51,872 | INFO | 02_preprocess_pupil | Session 103/721 | ZM_2240 | 259927fd-7563-4b03-bc5d-17b4d0fa7a55 | listing camera datasets
2026-07-24 16:08:54,108 | INFO | 02_preprocess_pupil | Session 103/721 | ZM_2240 | 259927fd-7563-4b03-bc5d-17b4d0fa7a55 | camera dataset listing complete | matches=8
2026-07-24 16:08:54,108 | INFO | 02_preprocess_pupil | Session 103/721 | ZM_2240 | 259927fd-7563-4b03-bc5d-17b4d0fa7a55 | loading DLC dataset alf/_ibl_leftCamera.dlc.pqt
2026-07-24 16:08:54,275 | INFO | 02_preprocess_pupil | Session 103/721 | ZM_2240 | 259927fd-7563-4b03-bc5d-17b4d0fa7a55 | DLC loaded | rows=215182 | columns=33
2026-07-24 16:08:54,275 | INFO | 02_preprocess_pupil | Session 103/721 | ZM_2240 | 259927fd-7563-4b03-bc5d-17b4d0fa7a55 | loading timestamp dataset alf/#2023-04-20#/_ibl_leftCamera.times.npy
2026-07-24 16:08:54,379 | INFO | 02_preprocess_pupil | Session 103/721 | ZM_2240 | 259927fd-7563-4b03-bc5d-17b4d0fa7a55 | timestamps loaded | samples=215182 | duration=59m 44s
2026-07-24 16:08:54,380 | INFO | 02_preprocess_pupil | Session 103/721 | ZM_2240 | 259927fd-7563-4b03-bc5d-17b4d0fa7a55 | thresholding DLC likelihoods
2026-07-24 16:08:54,406 | INFO | 02_preprocess_pupil | Session 103/721 | ZM_2240 | 259927fd-7563-4b03-bc5d-17b4d0fa7a55 | estimating raw pupil diameter
2026-07-24 16:08:54,479 | INFO | 02_preprocess_pupil | Session 103/721 | ZM_2240 | 259927fd-7563-4b03-bc5d-17b4d0fa7a55 | raw pupil diameter ready | samples=215182 | missing=7.6%
2026-07-24 16:08:54,479 | INFO | 02_preprocess_pupil | Session 103/721 | ZM_2240 | 259927fd-7563-4b03-bc5d-17b4d0fa7a55 | smoothing pupil diameter
2026-07-24 16:09:17,482 | INFO | 02_preprocess_pupil | Session 103/721 | ZM_2240 | 259927fd-7563-4b03-bc5d-17b4d0fa7a55 | smoothing complete | missing=0.4%
2026-07-24 16:09:17,482 | INFO | 02_preprocess_pupil | Session 103/721 | ZM_2240 | 259927fd-7563-4b03-bc5d-17b4d0fa7a55 | masking blink and velocity artifacts
2026-07-24 16:09:17,500 | INFO | 02_preprocess_pupil | Session 103/721 | ZM_2240 | 259927fd-7563-4b03-bc5d-17b4d0fa7a55 | trace cleaning complete | cleaned missing=2.9% | artifact fraction=2.9%
2026-07-24 16:09:17,500 | INFO | 02_preprocess_pupil | Session 103/721 | ZM_2240 | 259927fd-7563-4b03-bc5d-17b4d0fa7a55 | writing trace cache 259927fd-7563-4b03-bc5d-17b4d0fa7a55.npz
2026-07-24 16:09:17,660 | INFO | 02_preprocess_pupil | Session 103/721 | ZM_2240 | 259927fd-7563-4b03-bc5d-17b4d0fa7a55 | trace cache written | size=4.1 MB
2026-07-24 16:09:17,662 | INFO | 02_preprocess_pupil | Session 103/721 | ZM_2240 | 259927fd-7563-4b03-bc5d-17b4d0fa7a55 | extracting trial-level pupil features
2026-07-24 16:09:18,115 | INFO | 02_preprocess_pupil | Session 103/721 | ZM_2240 | 259927fd-7563-4b03-bc5d-17b4d0fa7a55 | feature extraction complete | stimulus windows valid=90.7% | feedback windows valid=91.5%
2026-07-24 16:09:18,116 | INFO | 02_preprocess_pupil | Session 103/721 complete | status=success | source=one | usable=True | missing=2.9% | session time=26s | cumulative trials=69680/472728 | usable=83 | rejected=6 | failed=14 | elapsed=17m 09s | ETA=1h 42m 55s
2026-07-24 16:09:18,116 | INFO | 02_preprocess_pupil | Session 104/721 | ibl_witten_27 | 25d1920e-a2af-4b6c-9f2e-fc6c65576544 | trials=401 | expected source=ONE | starting
2026-07-24 16:09:18,117 | INFO | 02_preprocess_pupil | Session 104/721 | ibl_witten_27 | 25d1920e-a2af-4b6c-9f2e-fc6c65576544 | cache miss; fetching trace from ONE
2026-07-24 16:09:18,117 | INFO | 02_preprocess_pupil | Session 104/721 | ibl_witten_27 | 25d1920e-a2af-4b6c-9f2e-fc6c65576544 | listing camera datasets
2026-07-24 16:09:20,342 | INFO | 02_preprocess_pupil | Session 104/721 | ibl_witten_27 | 25d1920e-a2af-4b6c-9f2e-fc6c65576544 | camera dataset listing complete | matches=8
2026-07-24 16:09:20,342 | INFO | 02_preprocess_pupil | Session 104/721 | ibl_witten_27 | 25d1920e-a2af-4b6c-9f2e-fc6c65576544 | loading DLC dataset alf/_ibl_leftCamera.dlc.pqt
2026-07-24 16:09:30,079 | INFO | 02_preprocess_pupil | Session 104/721 | ibl_witten_27 | 25d1920e-a2af-4b6c-9f2e-fc6c65576544 | DLC loaded | rows=498188 | columns=33
2026-07-24 16:09:30,079 | INFO | 02_preprocess_pupil | Session 104/721 | ibl_witten_27 | 25d1920e-a2af-4b6c-9f2e-fc6c65576544 | loading timestamp dataset alf/_ibl_leftCamera.times.npy
2026-07-24 16:09:31,689 | INFO | 02_preprocess_pupil | Session 104/721 | ibl_witten_27 | 25d1920e-a2af-4b6c-9f2e-fc6c65576544 | timestamps loaded | samples=498188 | duration=59m 46s
2026-07-24 16:09:31,689 | INFO | 02_preprocess_pupil | Session 104/721 | ibl_witten_27 | 25d1920e-a2af-4b6c-9f2e-fc6c65576544 | thresholding DLC likelihoods
2026-07-24 16:09:31,751 | INFO | 02_preprocess_pupil | Session 104/721 | ibl_witten_27 | 25d1920e-a2af-4b6c-9f2e-fc6c65576544 | estimating raw pupil diameter
2026-07-24 16:09:32,192 | INFO | 02_preprocess_pupil | Session 104/721 | ibl_witten_27 | 25d1920e-a2af-4b6c-9f2e-fc6c65576544 | raw pupil diameter ready | samples=498188 | missing=74.8%
2026-07-24 16:09:32,192 | INFO | 02_preprocess_pupil | Session 104/721 | ibl_witten_27 | 25d1920e-a2af-4b6c-9f2e-fc6c65576544 | smoothing pupil diameter
2026-07-24 16:09:46,428 | INFO | 02_preprocess_pupil | Session 104/721 | ibl_witten_27 | 25d1920e-a2af-4b6c-9f2e-fc6c65576544 | smoothing complete | missing=0.0%
2026-07-24 16:09:46,428 | INFO | 02_preprocess_pupil | Session 104/721 | ibl_witten_27 | 25d1920e-a2af-4b6c-9f2e-fc6c65576544 | masking blink and velocity artifacts
2026-07-24 16:09:46,467 | INFO | 02_preprocess_pupil | Session 104/721 | ibl_witten_27 | 25d1920e-a2af-4b6c-9f2e-fc6c65576544 | trace cleaning complete | cleaned missing=40.8% | artifact fraction=40.8%
2026-07-24 16:09:46,467 | INFO | 02_preprocess_pupil | Session 104/721 | ibl_witten_27 | 25d1920e-a2af-4b6c-9f2e-fc6c65576544 | writing trace cache 25d1920e-a2af-4b6c-9f2e-fc6c65576544.npz
2026-07-24 16:09:46,700 | INFO | 02_preprocess_pupil | Session 104/721 | ibl_witten_27 | 25d1920e-a2af-4b6c-9f2e-fc6c65576544 | trace cache written | size=4.9 MB
2026-07-24 16:09:46,705 | INFO | 02_preprocess_pupil | Session 104/721 | ibl_witten_27 | 25d1920e-a2af-4b6c-9f2e-fc6c65576544 | trace rejected by cleaned-missingness QC | threshold=30.0%
2026-07-24 16:09:46,705 | INFO | 02_preprocess_pupil | Session 104/721 complete | status=rejected_missingness | source=one | usable=False | missing=40.8% | session time=29s | cumulative trials=70081/472728 | usable=83 | rejected=7 | failed=14 | elapsed=17m 38s | ETA=1h 44m 36s
2026-07-24 16:09:46,706 | INFO | 02_preprocess_pupil | Session 105/721 | ibl_witten_18 | 25f77e81-c1af-46ab-8686-73ac3d67c4a7 | trials=1014 | expected source=ONE | starting
2026-07-24 16:09:46,706 | INFO | 02_preprocess_pupil | Session 105/721 | ibl_witten_18 | 25f77e81-c1af-46ab-8686-73ac3d67c4a7 | cache miss; fetching trace from ONE
2026-07-24 16:09:46,707 | INFO | 02_preprocess_pupil | Session 105/721 | ibl_witten_18 | 25f77e81-c1af-46ab-8686-73ac3d67c4a7 | listing camera datasets
2026-07-24 16:09:48,255 | INFO | 02_preprocess_pupil | Session 105/721 | ibl_witten_18 | 25f77e81-c1af-46ab-8686-73ac3d67c4a7 | camera dataset listing complete | matches=8
2026-07-24 16:09:48,255 | INFO | 02_preprocess_pupil | Session 105/721 | ibl_witten_18 | 25f77e81-c1af-46ab-8686-73ac3d67c4a7 | loading DLC dataset alf/_ibl_leftCamera.dlc.pqt
2026-07-24 16:09:48,510 | INFO | 02_preprocess_pupil | Session 105/721 | ibl_witten_18 | 25f77e81-c1af-46ab-8686-73ac3d67c4a7 | DLC loaded | rows=421746 | columns=33
2026-07-24 16:09:48,510 | INFO | 02_preprocess_pupil | Session 105/721 | ibl_witten_18 | 25f77e81-c1af-46ab-8686-73ac3d67c4a7 | loading timestamp dataset alf/_ibl_leftCamera.times.npy
2026-07-24 16:09:48,611 | INFO | 02_preprocess_pupil | Session 105/721 | ibl_witten_18 | 25f77e81-c1af-46ab-8686-73ac3d67c4a7 | timestamps loaded | samples=421746 | duration=1h 57m 04s
2026-07-24 16:09:48,612 | INFO | 02_preprocess_pupil | Session 105/721 | ibl_witten_18 | 25f77e81-c1af-46ab-8686-73ac3d67c4a7 | thresholding DLC likelihoods
2026-07-24 16:09:48,672 | INFO | 02_preprocess_pupil | Session 105/721 | ibl_witten_18 | 25f77e81-c1af-46ab-8686-73ac3d67c4a7 | estimating raw pupil diameter
2026-07-24 16:09:49,101 | INFO | 02_preprocess_pupil | Session 105/721 | ibl_witten_18 | 25f77e81-c1af-46ab-8686-73ac3d67c4a7 | raw pupil diameter ready | samples=421746 | missing=99.7%
2026-07-24 16:09:49,102 | INFO | 02_preprocess_pupil | Session 105/721 | ibl_witten_18 | 25f77e81-c1af-46ab-8686-73ac3d67c4a7 | smoothing pupil diameter
2026-07-24 16:09:49,102 | WARNING | 02_preprocess_pupil | Session 105/721 failed | subject=ibl_witten_18 | eid=25f77e81-c1af-46ab-8686-73ac3d67c4a7 | session elapsed=2s | error=ValueError: Raw pupil diameter for left is too often NaN, cannot smooth.
2026-07-24 16:09:49,105 | INFO | 02_preprocess_pupil | Session 105/721 complete | status=failed | source=none | usable=False | missing=n/a | session time=2s | cumulative trials=71095/472728 | usable=83 | rejected=7 | failed=15 | elapsed=17m 40s | ETA=1h 43m 40s
2026-07-24 16:09:49,106 | INFO | 02_preprocess_pupil | Session 106/721 | ZFM-04083 | 26504a8e-ee06-435d-91c1-e1b541a2df5f | trials=699 | expected source=ONE | starting
2026-07-24 16:09:49,107 | INFO | 02_preprocess_pupil | Session 106/721 | ZFM-04083 | 26504a8e-ee06-435d-91c1-e1b541a2df5f | cache miss; fetching trace from ONE
2026-07-24 16:09:49,107 | INFO | 02_preprocess_pupil | Session 106/721 | ZFM-04083 | 26504a8e-ee06-435d-91c1-e1b541a2df5f | listing camera datasets
2026-07-24 16:09:49,643 | INFO | 02_preprocess_pupil | Session 106/721 | ZFM-04083 | 26504a8e-ee06-435d-91c1-e1b541a2df5f | camera dataset listing complete | matches=5
2026-07-24 16:09:49,644 | INFO | 02_preprocess_pupil | Session 106/721 | ZFM-04083 | 26504a8e-ee06-435d-91c1-e1b541a2df5f | loading DLC dataset alf/_ibl_leftCamera.dlc.pqt
2026-07-24 16:09:55,029 | INFO | 02_preprocess_pupil | Session 106/721 | ZFM-04083 | 26504a8e-ee06-435d-91c1-e1b541a2df5f | DLC loaded | rows=241652 | columns=33
2026-07-24 16:09:55,029 | INFO | 02_preprocess_pupil | Session 106/721 | ZFM-04083 | 26504a8e-ee06-435d-91c1-e1b541a2df5f | loading timestamp dataset alf/_ibl_leftCamera.times.npy
2026-07-24 16:09:56,295 | INFO | 02_preprocess_pupil | Session 106/721 | ZFM-04083 | 26504a8e-ee06-435d-91c1-e1b541a2df5f | timestamps loaded | samples=241652 | duration=1h 07m 01s
2026-07-24 16:09:56,295 | INFO | 02_preprocess_pupil | Session 106/721 | ZFM-04083 | 26504a8e-ee06-435d-91c1-e1b541a2df5f | thresholding DLC likelihoods
2026-07-24 16:09:56,323 | INFO | 02_preprocess_pupil | Session 106/721 | ZFM-04083 | 26504a8e-ee06-435d-91c1-e1b541a2df5f | estimating raw pupil diameter
2026-07-24 16:09:56,423 | INFO | 02_preprocess_pupil | Session 106/721 | ZFM-04083 | 26504a8e-ee06-435d-91c1-e1b541a2df5f | raw pupil diameter ready | samples=241652 | missing=17.4%
2026-07-24 16:09:56,424 | INFO | 02_preprocess_pupil | Session 106/721 | ZFM-04083 | 26504a8e-ee06-435d-91c1-e1b541a2df5f | smoothing pupil diameter
2026-07-24 16:10:18,587 | INFO | 02_preprocess_pupil | Session 106/721 | ZFM-04083 | 26504a8e-ee06-435d-91c1-e1b541a2df5f | smoothing complete | missing=1.4%
2026-07-24 16:10:18,588 | INFO | 02_preprocess_pupil | Session 106/721 | ZFM-04083 | 26504a8e-ee06-435d-91c1-e1b541a2df5f | masking blink and velocity artifacts
2026-07-24 16:10:18,607 | INFO | 02_preprocess_pupil | Session 106/721 | ZFM-04083 | 26504a8e-ee06-435d-91c1-e1b541a2df5f | trace cleaning complete | cleaned missing=5.9% | artifact fraction=5.9%
2026-07-24 16:10:18,608 | INFO | 02_preprocess_pupil | Session 106/721 | ZFM-04083 | 26504a8e-ee06-435d-91c1-e1b541a2df5f | writing trace cache 26504a8e-ee06-435d-91c1-e1b541a2df5f.npz
2026-07-24 16:10:18,772 | INFO | 02_preprocess_pupil | Session 106/721 | ZFM-04083 | 26504a8e-ee06-435d-91c1-e1b541a2df5f | trace cache written | size=4.1 MB
2026-07-24 16:10:18,774 | INFO | 02_preprocess_pupil | Session 106/721 | ZFM-04083 | 26504a8e-ee06-435d-91c1-e1b541a2df5f | extracting trial-level pupil features
2026-07-24 16:10:19,341 | INFO | 02_preprocess_pupil | Session 106/721 | ZFM-04083 | 26504a8e-ee06-435d-91c1-e1b541a2df5f | feature extraction complete | stimulus windows valid=81.0% | feedback windows valid=81.0%
2026-07-24 16:10:19,342 | INFO | 02_preprocess_pupil | Session 106/721 complete | status=success | source=one | usable=True | missing=5.9% | session time=30s | cumulative trials=71794/472728 | usable=84 | rejected=7 | failed=15 | elapsed=18m 10s | ETA=1h 45m 27s
2026-07-24 16:10:19,342 | INFO | 02_preprocess_pupil | Session 107/721 | DY_020 | 26aa51ff-968c-42e4-85c8-8ff47d19254d | trials=534 | expected source=ONE | starting
2026-07-24 16:10:19,343 | INFO | 02_preprocess_pupil | Session 107/721 | DY_020 | 26aa51ff-968c-42e4-85c8-8ff47d19254d | cache miss; fetching trace from ONE
2026-07-24 16:10:19,343 | INFO | 02_preprocess_pupil | Session 107/721 | DY_020 | 26aa51ff-968c-42e4-85c8-8ff47d19254d | listing camera datasets
2026-07-24 16:10:21,694 | INFO | 02_preprocess_pupil | Session 107/721 | DY_020 | 26aa51ff-968c-42e4-85c8-8ff47d19254d | camera dataset listing complete | matches=8
2026-07-24 16:10:21,695 | INFO | 02_preprocess_pupil | Session 107/721 | DY_020 | 26aa51ff-968c-42e4-85c8-8ff47d19254d | loading DLC dataset alf/_ibl_leftCamera.dlc.pqt
2026-07-24 16:10:21,885 | INFO | 02_preprocess_pupil | Session 107/721 | DY_020 | 26aa51ff-968c-42e4-85c8-8ff47d19254d | DLC loaded | rows=244224 | columns=33
2026-07-24 16:10:21,886 | INFO | 02_preprocess_pupil | Session 107/721 | DY_020 | 26aa51ff-968c-42e4-85c8-8ff47d19254d | loading timestamp dataset alf/_ibl_leftCamera.times.npy
2026-07-24 16:10:21,990 | INFO | 02_preprocess_pupil | Session 107/721 | DY_020 | 26aa51ff-968c-42e4-85c8-8ff47d19254d | timestamps loaded | samples=244224 | duration=1h 07m 46s
2026-07-24 16:10:21,990 | INFO | 02_preprocess_pupil | Session 107/721 | DY_020 | 26aa51ff-968c-42e4-85c8-8ff47d19254d | thresholding DLC likelihoods
2026-07-24 16:10:22,017 | INFO | 02_preprocess_pupil | Session 107/721 | DY_020 | 26aa51ff-968c-42e4-85c8-8ff47d19254d | estimating raw pupil diameter
2026-07-24 16:10:22,097 | INFO | 02_preprocess_pupil | Session 107/721 | DY_020 | 26aa51ff-968c-42e4-85c8-8ff47d19254d | raw pupil diameter ready | samples=244224 | missing=2.7%
2026-07-24 16:10:22,097 | INFO | 02_preprocess_pupil | Session 107/721 | DY_020 | 26aa51ff-968c-42e4-85c8-8ff47d19254d | smoothing pupil diameter
2026-07-24 16:10:48,820 | INFO | 02_preprocess_pupil | Session 107/721 | DY_020 | 26aa51ff-968c-42e4-85c8-8ff47d19254d | smoothing complete | missing=0.6%
2026-07-24 16:10:48,820 | INFO | 02_preprocess_pupil | Session 107/721 | DY_020 | 26aa51ff-968c-42e4-85c8-8ff47d19254d | masking blink and velocity artifacts
2026-07-24 16:10:48,841 | INFO | 02_preprocess_pupil | Session 107/721 | DY_020 | 26aa51ff-968c-42e4-85c8-8ff47d19254d | trace cleaning complete | cleaned missing=6.7% | artifact fraction=6.7%
2026-07-24 16:10:48,841 | INFO | 02_preprocess_pupil | Session 107/721 | DY_020 | 26aa51ff-968c-42e4-85c8-8ff47d19254d | writing trace cache 26aa51ff-968c-42e4-85c8-8ff47d19254d.npz
2026-07-24 16:10:49,026 | INFO | 02_preprocess_pupil | Session 107/721 | DY_020 | 26aa51ff-968c-42e4-85c8-8ff47d19254d | trace cache written | size=4.7 MB
2026-07-24 16:10:49,027 | INFO | 02_preprocess_pupil | Session 107/721 | DY_020 | 26aa51ff-968c-42e4-85c8-8ff47d19254d | extracting trial-level pupil features
2026-07-24 16:10:49,433 | INFO | 02_preprocess_pupil | Session 107/721 | DY_020 | 26aa51ff-968c-42e4-85c8-8ff47d19254d | feature extraction complete | stimulus windows valid=76.8% | feedback windows valid=73.2%
2026-07-24 16:10:49,433 | INFO | 02_preprocess_pupil | Session 107/721 complete | status=success | source=one | usable=True | missing=6.7% | session time=30s | cumulative trials=72328/472728 | usable=85 | rejected=7 | failed=15 | elapsed=18m 41s | ETA=1h 47m 10s
2026-07-24 16:10:49,434 | INFO | 02_preprocess_pupil | Session 108/721 | CSP031 | 26b65dd4-bbfa-4c82-814a-ad0177ebe504 | trials=567 | expected source=ONE | starting
2026-07-24 16:10:49,435 | INFO | 02_preprocess_pupil | Session 108/721 | CSP031 | 26b65dd4-bbfa-4c82-814a-ad0177ebe504 | cache miss; fetching trace from ONE
2026-07-24 16:10:49,435 | INFO | 02_preprocess_pupil | Session 108/721 | CSP031 | 26b65dd4-bbfa-4c82-814a-ad0177ebe504 | listing camera datasets
2026-07-24 16:10:51,033 | INFO | 02_preprocess_pupil | Session 108/721 | CSP031 | 26b65dd4-bbfa-4c82-814a-ad0177ebe504 | camera dataset listing complete | matches=5
2026-07-24 16:10:51,033 | INFO | 02_preprocess_pupil | Session 108/721 | CSP031 | 26b65dd4-bbfa-4c82-814a-ad0177ebe504 | loading DLC dataset alf/_ibl_leftCamera.dlc.pqt
2026-07-24 16:10:51,231 | INFO | 02_preprocess_pupil | Session 108/721 | CSP031 | 26b65dd4-bbfa-4c82-814a-ad0177ebe504 | DLC loaded | rows=312098 | columns=33
2026-07-24 16:10:51,231 | INFO | 02_preprocess_pupil | Session 108/721 | CSP031 | 26b65dd4-bbfa-4c82-814a-ad0177ebe504 | loading timestamp dataset alf/_ibl_leftCamera.times.npy
2026-07-24 16:10:51,330 | INFO | 02_preprocess_pupil | Session 108/721 | CSP031 | 26b65dd4-bbfa-4c82-814a-ad0177ebe504 | timestamps loaded | samples=312098 | duration=1h 26m 38s
2026-07-24 16:10:51,331 | INFO | 02_preprocess_pupil | Session 108/721 | CSP031 | 26b65dd4-bbfa-4c82-814a-ad0177ebe504 | thresholding DLC likelihoods
2026-07-24 16:10:51,362 | INFO | 02_preprocess_pupil | Session 108/721 | CSP031 | 26b65dd4-bbfa-4c82-814a-ad0177ebe504 | estimating raw pupil diameter
2026-07-24 16:10:51,459 | INFO | 02_preprocess_pupil | Session 108/721 | CSP031 | 26b65dd4-bbfa-4c82-814a-ad0177ebe504 | raw pupil diameter ready | samples=312098 | missing=3.9%
2026-07-24 16:10:51,459 | INFO | 02_preprocess_pupil | Session 108/721 | CSP031 | 26b65dd4-bbfa-4c82-814a-ad0177ebe504 | smoothing pupil diameter
2026-07-24 16:11:25,458 | INFO | 02_preprocess_pupil | Session 108/721 | CSP031 | 26b65dd4-bbfa-4c82-814a-ad0177ebe504 | smoothing complete | missing=0.7%
2026-07-24 16:11:25,458 | INFO | 02_preprocess_pupil | Session 108/721 | CSP031 | 26b65dd4-bbfa-4c82-814a-ad0177ebe504 | masking blink and velocity artifacts
2026-07-24 16:11:25,484 | INFO | 02_preprocess_pupil | Session 108/721 | CSP031 | 26b65dd4-bbfa-4c82-814a-ad0177ebe504 | trace cleaning complete | cleaned missing=4.4% | artifact fraction=4.4%
2026-07-24 16:11:25,485 | INFO | 02_preprocess_pupil | Session 108/721 | CSP031 | 26b65dd4-bbfa-4c82-814a-ad0177ebe504 | writing trace cache 26b65dd4-bbfa-4c82-814a-ad0177ebe504.npz
2026-07-24 16:11:25,720 | INFO | 02_preprocess_pupil | Session 108/721 | CSP031 | 26b65dd4-bbfa-4c82-814a-ad0177ebe504 | trace cache written | size=5.9 MB
2026-07-24 16:11:25,721 | INFO | 02_preprocess_pupil | Session 108/721 | CSP031 | 26b65dd4-bbfa-4c82-814a-ad0177ebe504 | extracting trial-level pupil features
2026-07-24 16:11:26,268 | INFO | 02_preprocess_pupil | Session 108/721 | CSP031 | 26b65dd4-bbfa-4c82-814a-ad0177ebe504 | feature extraction complete | stimulus windows valid=87.1% | feedback windows valid=90.5%
2026-07-24 16:11:26,268 | INFO | 02_preprocess_pupil | Session 108/721 complete | status=success | source=one | usable=True | missing=4.4% | session time=37s | cumulative trials=72895/472728 | usable=86 | rejected=7 | failed=15 | elapsed=19m 17s | ETA=1h 49m 29s
2026-07-24 16:11:26,269 | INFO | 02_preprocess_pupil | Session 109/721 | SH023 | 274dacc9-05b2-4154-b4f7-8f6dd46efcc8 | trials=571 | expected source=ONE | starting
2026-07-24 16:11:26,270 | INFO | 02_preprocess_pupil | Session 109/721 | SH023 | 274dacc9-05b2-4154-b4f7-8f6dd46efcc8 | cache miss; fetching trace from ONE
2026-07-24 16:11:26,270 | INFO | 02_preprocess_pupil | Session 109/721 | SH023 | 274dacc9-05b2-4154-b4f7-8f6dd46efcc8 | listing camera datasets
2026-07-24 16:11:27,618 | INFO | 02_preprocess_pupil | Session 109/721 | SH023 | 274dacc9-05b2-4154-b4f7-8f6dd46efcc8 | camera dataset listing complete | matches=4
2026-07-24 16:11:27,618 | INFO | 02_preprocess_pupil | Session 109/721 | SH023 | 274dacc9-05b2-4154-b4f7-8f6dd46efcc8 | loading DLC dataset alf/_ibl_leftCamera.dlc.pqt
2026-07-24 16:11:27,825 | INFO | 02_preprocess_pupil | Session 109/721 | SH023 | 274dacc9-05b2-4154-b4f7-8f6dd46efcc8 | DLC loaded | rows=340676 | columns=33
2026-07-24 16:11:27,825 | INFO | 02_preprocess_pupil | Session 109/721 | SH023 | 274dacc9-05b2-4154-b4f7-8f6dd46efcc8 | loading timestamp dataset alf/_ibl_leftCamera.times.npy
2026-07-24 16:11:27,922 | INFO | 02_preprocess_pupil | Session 109/721 | SH023 | 274dacc9-05b2-4154-b4f7-8f6dd46efcc8 | timestamps loaded | samples=340676 | duration=1h 34m 34s
2026-07-24 16:11:27,923 | INFO | 02_preprocess_pupil | Session 109/721 | SH023 | 274dacc9-05b2-4154-b4f7-8f6dd46efcc8 | thresholding DLC likelihoods
2026-07-24 16:11:27,961 | INFO | 02_preprocess_pupil | Session 109/721 | SH023 | 274dacc9-05b2-4154-b4f7-8f6dd46efcc8 | estimating raw pupil diameter
2026-07-24 16:11:28,129 | INFO | 02_preprocess_pupil | Session 109/721 | SH023 | 274dacc9-05b2-4154-b4f7-8f6dd46efcc8 | raw pupil diameter ready | samples=340676 | missing=26.3%
2026-07-24 16:11:28,129 | INFO | 02_preprocess_pupil | Session 109/721 | SH023 | 274dacc9-05b2-4154-b4f7-8f6dd46efcc8 | smoothing pupil diameter
2026-07-24 16:11:56,031 | INFO | 02_preprocess_pupil | Session 109/721 | SH023 | 274dacc9-05b2-4154-b4f7-8f6dd46efcc8 | smoothing complete | missing=6.0%
2026-07-24 16:11:56,031 | INFO | 02_preprocess_pupil | Session 109/721 | SH023 | 274dacc9-05b2-4154-b4f7-8f6dd46efcc8 | masking blink and velocity artifacts
2026-07-24 16:11:56,057 | INFO | 02_preprocess_pupil | Session 109/721 | SH023 | 274dacc9-05b2-4154-b4f7-8f6dd46efcc8 | trace cleaning complete | cleaned missing=35.1% | artifact fraction=35.1%
2026-07-24 16:11:56,058 | INFO | 02_preprocess_pupil | Session 109/721 | SH023 | 274dacc9-05b2-4154-b4f7-8f6dd46efcc8 | writing trace cache 274dacc9-05b2-4154-b4f7-8f6dd46efcc8.npz
2026-07-24 16:11:56,283 | INFO | 02_preprocess_pupil | Session 109/721 | SH023 | 274dacc9-05b2-4154-b4f7-8f6dd46efcc8 | trace cache written | size=5.3 MB
2026-07-24 16:11:56,288 | INFO | 02_preprocess_pupil | Session 109/721 | SH023 | 274dacc9-05b2-4154-b4f7-8f6dd46efcc8 | trace rejected by cleaned-missingness QC | threshold=30.0%
2026-07-24 16:11:56,288 | INFO | 02_preprocess_pupil | Session 109/721 complete | status=rejected_missingness | source=one | usable=False | missing=35.1% | session time=30s | cumulative trials=73466/472728 | usable=86 | rejected=8 | failed=15 | elapsed=19m 47s | ETA=1h 51m 07s
2026-07-24 16:11:56,289 | INFO | 02_preprocess_pupil | Session 110/721 | FMR009 | 27ade801-686d-426b-96e2-30ae50742c70 | trials=741 | expected source=ONE | starting
2026-07-24 16:11:56,290 | INFO | 02_preprocess_pupil | Session 110/721 | FMR009 | 27ade801-686d-426b-96e2-30ae50742c70 | cache miss; fetching trace from ONE
2026-07-24 16:11:56,290 | INFO | 02_preprocess_pupil | Session 110/721 | FMR009 | 27ade801-686d-426b-96e2-30ae50742c70 | listing camera datasets
2026-07-24 16:11:57,775 | INFO | 02_preprocess_pupil | Session 110/721 | FMR009 | 27ade801-686d-426b-96e2-30ae50742c70 | camera dataset listing complete | matches=5
2026-07-24 16:11:57,775 | INFO | 02_preprocess_pupil | Session 110/721 | FMR009 | 27ade801-686d-426b-96e2-30ae50742c70 | loading DLC dataset alf/_ibl_leftCamera.dlc.pqt
2026-07-24 16:11:57,977 | INFO | 02_preprocess_pupil | Session 110/721 | FMR009 | 27ade801-686d-426b-96e2-30ae50742c70 | DLC loaded | rows=309671 | columns=33
2026-07-24 16:11:57,978 | INFO | 02_preprocess_pupil | Session 110/721 | FMR009 | 27ade801-686d-426b-96e2-30ae50742c70 | loading timestamp dataset alf/_ibl_leftCamera.times.npy
2026-07-24 16:11:58,078 | INFO | 02_preprocess_pupil | Session 110/721 | FMR009 | 27ade801-686d-426b-96e2-30ae50742c70 | timestamps loaded | samples=309671 | duration=1h 25m 57s
2026-07-24 16:11:58,078 | INFO | 02_preprocess_pupil | Session 110/721 | FMR009 | 27ade801-686d-426b-96e2-30ae50742c70 | thresholding DLC likelihoods
2026-07-24 16:11:58,119 | INFO | 02_preprocess_pupil | Session 110/721 | FMR009 | 27ade801-686d-426b-96e2-30ae50742c70 | estimating raw pupil diameter
2026-07-24 16:11:58,317 | INFO | 02_preprocess_pupil | Session 110/721 | FMR009 | 27ade801-686d-426b-96e2-30ae50742c70 | raw pupil diameter ready | samples=309671 | missing=47.0%
2026-07-24 16:11:58,317 | INFO | 02_preprocess_pupil | Session 110/721 | FMR009 | 27ade801-686d-426b-96e2-30ae50742c70 | smoothing pupil diameter
2026-07-24 16:12:16,797 | INFO | 02_preprocess_pupil | Session 110/721 | FMR009 | 27ade801-686d-426b-96e2-30ae50742c70 | smoothing complete | missing=0.0%
2026-07-24 16:12:16,797 | INFO | 02_preprocess_pupil | Session 110/721 | FMR009 | 27ade801-686d-426b-96e2-30ae50742c70 | masking blink and velocity artifacts
2026-07-24 16:12:16,820 | INFO | 02_preprocess_pupil | Session 110/721 | FMR009 | 27ade801-686d-426b-96e2-30ae50742c70 | trace cleaning complete | cleaned missing=17.9% | artifact fraction=17.9%
2026-07-24 16:12:16,821 | INFO | 02_preprocess_pupil | Session 110/721 | FMR009 | 27ade801-686d-426b-96e2-30ae50742c70 | writing trace cache 27ade801-686d-426b-96e2-30ae50742c70.npz
2026-07-24 16:12:17,019 | INFO | 02_preprocess_pupil | Session 110/721 | FMR009 | 27ade801-686d-426b-96e2-30ae50742c70 | trace cache written | size=4.7 MB
2026-07-24 16:12:17,021 | INFO | 02_preprocess_pupil | Session 110/721 | FMR009 | 27ade801-686d-426b-96e2-30ae50742c70 | extracting trial-level pupil features
2026-07-24 16:12:17,708 | INFO | 02_preprocess_pupil | Session 110/721 | FMR009 | 27ade801-686d-426b-96e2-30ae50742c70 | feature extraction complete | stimulus windows valid=56.7% | feedback windows valid=51.6%
2026-07-24 16:12:17,709 | INFO | 02_preprocess_pupil | Session 110/721 complete | status=success | source=one | usable=True | missing=17.9% | session time=21s | cumulative trials=74207/472728 | usable=87 | rejected=8 | failed=15 | elapsed=20m 09s | ETA=1h 51m 55s
2026-07-24 16:12:17,710 | INFO | 02_preprocess_pupil | Session 111/721 | ZFM-04083 | 27c5e5e6-0359-4375-b53e-677aa57a73c0 | trials=472 | expected source=ONE | starting
2026-07-24 16:12:17,710 | INFO | 02_preprocess_pupil | Session 111/721 | ZFM-04083 | 27c5e5e6-0359-4375-b53e-677aa57a73c0 | cache miss; fetching trace from ONE
2026-07-24 16:12:17,710 | INFO | 02_preprocess_pupil | Session 111/721 | ZFM-04083 | 27c5e5e6-0359-4375-b53e-677aa57a73c0 | listing camera datasets
2026-07-24 16:12:19,222 | INFO | 02_preprocess_pupil | Session 111/721 | ZFM-04083 | 27c5e5e6-0359-4375-b53e-677aa57a73c0 | camera dataset listing complete | matches=5
2026-07-24 16:12:19,222 | INFO | 02_preprocess_pupil | Session 111/721 | ZFM-04083 | 27c5e5e6-0359-4375-b53e-677aa57a73c0 | loading DLC dataset alf/_ibl_leftCamera.dlc.pqt
2026-07-24 16:12:19,408 | INFO | 02_preprocess_pupil | Session 111/721 | ZFM-04083 | 27c5e5e6-0359-4375-b53e-677aa57a73c0 | DLC loaded | rows=248280 | columns=33
2026-07-24 16:12:19,409 | INFO | 02_preprocess_pupil | Session 111/721 | ZFM-04083 | 27c5e5e6-0359-4375-b53e-677aa57a73c0 | loading timestamp dataset alf/_ibl_leftCamera.times.npy
2026-07-24 16:12:19,521 | INFO | 02_preprocess_pupil | Session 111/721 | ZFM-04083 | 27c5e5e6-0359-4375-b53e-677aa57a73c0 | timestamps loaded | samples=248280 | duration=1h 08m 52s
2026-07-24 16:12:19,522 | INFO | 02_preprocess_pupil | Session 111/721 | ZFM-04083 | 27c5e5e6-0359-4375-b53e-677aa57a73c0 | thresholding DLC likelihoods
2026-07-24 16:12:19,561 | INFO | 02_preprocess_pupil | Session 111/721 | ZFM-04083 | 27c5e5e6-0359-4375-b53e-677aa57a73c0 | estimating raw pupil diameter
2026-07-24 16:12:19,813 | INFO | 02_preprocess_pupil | Session 111/721 | ZFM-04083 | 27c5e5e6-0359-4375-b53e-677aa57a73c0 | raw pupil diameter ready | samples=248280 | missing=93.9%
2026-07-24 16:12:19,814 | INFO | 02_preprocess_pupil | Session 111/721 | ZFM-04083 | 27c5e5e6-0359-4375-b53e-677aa57a73c0 | smoothing pupil diameter
2026-07-24 16:12:19,814 | WARNING | 02_preprocess_pupil | Session 111/721 failed | subject=ZFM-04083 | eid=27c5e5e6-0359-4375-b53e-677aa57a73c0 | session elapsed=2s | error=ValueError: Raw pupil diameter for left is too often NaN, cannot smooth.
2026-07-24 16:12:19,817 | INFO | 02_preprocess_pupil | Session 111/721 complete | status=failed | source=none | usable=False | missing=n/a | session time=2s | cumulative trials=74679/472728 | usable=87 | rejected=8 | failed=16 | elapsed=20m 11s | ETA=1h 50m 55s
2026-07-24 16:12:19,817 | INFO | 02_preprocess_pupil | Session 112/721 | NR_0021 | 27ef44c0-acb2-4220-b776-477d0d5abd35 | trials=593 | expected source=ONE | starting
2026-07-24 16:12:19,818 | INFO | 02_preprocess_pupil | Session 112/721 | NR_0021 | 27ef44c0-acb2-4220-b776-477d0d5abd35 | cache miss; fetching trace from ONE
2026-07-24 16:12:19,818 | INFO | 02_preprocess_pupil | Session 112/721 | NR_0021 | 27ef44c0-acb2-4220-b776-477d0d5abd35 | listing camera datasets
2026-07-24 16:12:22,323 | INFO | 02_preprocess_pupil | Session 112/721 | NR_0021 | 27ef44c0-acb2-4220-b776-477d0d5abd35 | camera dataset listing complete | matches=8
2026-07-24 16:12:22,323 | INFO | 02_preprocess_pupil | Session 112/721 | NR_0021 | 27ef44c0-acb2-4220-b776-477d0d5abd35 | loading DLC dataset alf/_ibl_leftCamera.dlc.pqt
2026-07-24 16:12:22,537 | INFO | 02_preprocess_pupil | Session 112/721 | NR_0021 | 27ef44c0-acb2-4220-b776-477d0d5abd35 | DLC loaded | rows=287313 | columns=33
2026-07-24 16:12:22,538 | INFO | 02_preprocess_pupil | Session 112/721 | NR_0021 | 27ef44c0-acb2-4220-b776-477d0d5abd35 | loading timestamp dataset alf/_ibl_leftCamera.times.npy
2026-07-24 16:12:22,643 | INFO | 02_preprocess_pupil | Session 112/721 | NR_0021 | 27ef44c0-acb2-4220-b776-477d0d5abd35 | timestamps loaded | samples=287313 | duration=1h 19m 45s
2026-07-24 16:12:22,643 | INFO | 02_preprocess_pupil | Session 112/721 | NR_0021 | 27ef44c0-acb2-4220-b776-477d0d5abd35 | thresholding DLC likelihoods
2026-07-24 16:12:22,687 | INFO | 02_preprocess_pupil | Session 112/721 | NR_0021 | 27ef44c0-acb2-4220-b776-477d0d5abd35 | estimating raw pupil diameter
2026-07-24 16:12:22,809 | INFO | 02_preprocess_pupil | Session 112/721 | NR_0021 | 27ef44c0-acb2-4220-b776-477d0d5abd35 | raw pupil diameter ready | samples=287313 | missing=16.4%
2026-07-24 16:12:22,810 | INFO | 02_preprocess_pupil | Session 112/721 | NR_0021 | 27ef44c0-acb2-4220-b776-477d0d5abd35 | smoothing pupil diameter
2026-07-24 16:12:49,742 | INFO | 02_preprocess_pupil | Session 112/721 | NR_0021 | 27ef44c0-acb2-4220-b776-477d0d5abd35 | smoothing complete | missing=2.7%
2026-07-24 16:12:49,742 | INFO | 02_preprocess_pupil | Session 112/721 | NR_0021 | 27ef44c0-acb2-4220-b776-477d0d5abd35 | masking blink and velocity artifacts
2026-07-24 16:12:49,764 | INFO | 02_preprocess_pupil | Session 112/721 | NR_0021 | 27ef44c0-acb2-4220-b776-477d0d5abd35 | trace cleaning complete | cleaned missing=11.0% | artifact fraction=11.0%
2026-07-24 16:12:49,765 | INFO | 02_preprocess_pupil | Session 112/721 | NR_0021 | 27ef44c0-acb2-4220-b776-477d0d5abd35 | writing trace cache 27ef44c0-acb2-4220-b776-477d0d5abd35.npz
2026-07-24 16:12:49,967 | INFO | 02_preprocess_pupil | Session 112/721 | NR_0021 | 27ef44c0-acb2-4220-b776-477d0d5abd35 | trace cache written | size=5.1 MB
2026-07-24 16:12:49,969 | INFO | 02_preprocess_pupil | Session 112/721 | NR_0021 | 27ef44c0-acb2-4220-b776-477d0d5abd35 | extracting trial-level pupil features
2026-07-24 16:12:50,506 | INFO | 02_preprocess_pupil | Session 112/721 | NR_0021 | 27ef44c0-acb2-4220-b776-477d0d5abd35 | feature extraction complete | stimulus windows valid=72.8% | feedback windows valid=72.2%
2026-07-24 16:12:50,507 | INFO | 02_preprocess_pupil | Session 112/721 complete | status=success | source=one | usable=True | missing=11.0% | session time=31s | cumulative trials=75272/472728 | usable=88 | rejected=8 | failed=16 | elapsed=20m 42s | ETA=1h 52m 31s
2026-07-24 16:12:50,508 | INFO | 02_preprocess_pupil | Session 113/721 | CSH_ZAD_025 | 280ee768-f7b8-4c6c-9ea0-48ca75d6b6f3 | trials=888 | expected source=ONE | starting
2026-07-24 16:12:50,509 | INFO | 02_preprocess_pupil | Session 113/721 | CSH_ZAD_025 | 280ee768-f7b8-4c6c-9ea0-48ca75d6b6f3 | cache miss; fetching trace from ONE
2026-07-24 16:12:50,509 | INFO | 02_preprocess_pupil | Session 113/721 | CSH_ZAD_025 | 280ee768-f7b8-4c6c-9ea0-48ca75d6b6f3 | listing camera datasets
2026-07-24 16:12:52,842 | INFO | 02_preprocess_pupil | Session 113/721 | CSH_ZAD_025 | 280ee768-f7b8-4c6c-9ea0-48ca75d6b6f3 | camera dataset listing complete | matches=8
2026-07-24 16:12:52,842 | INFO | 02_preprocess_pupil | Session 113/721 | CSH_ZAD_025 | 280ee768-f7b8-4c6c-9ea0-48ca75d6b6f3 | loading DLC dataset alf/_ibl_leftCamera.dlc.pqt
2026-07-24 16:12:53,064 | INFO | 02_preprocess_pupil | Session 113/721 | CSH_ZAD_025 | 280ee768-f7b8-4c6c-9ea0-48ca75d6b6f3 | DLC loaded | rows=371343 | columns=33
2026-07-24 16:12:53,064 | INFO | 02_preprocess_pupil | Session 113/721 | CSH_ZAD_025 | 280ee768-f7b8-4c6c-9ea0-48ca75d6b6f3 | loading timestamp dataset alf/_ibl_leftCamera.times.npy
2026-07-24 16:12:53,175 | INFO | 02_preprocess_pupil | Session 113/721 | CSH_ZAD_025 | 280ee768-f7b8-4c6c-9ea0-48ca75d6b6f3 | timestamps loaded | samples=371343 | duration=1h 43m 02s
2026-07-24 16:12:53,175 | INFO | 02_preprocess_pupil | Session 113/721 | CSH_ZAD_025 | 280ee768-f7b8-4c6c-9ea0-48ca75d6b6f3 | thresholding DLC likelihoods
2026-07-24 16:12:53,230 | INFO | 02_preprocess_pupil | Session 113/721 | CSH_ZAD_025 | 280ee768-f7b8-4c6c-9ea0-48ca75d6b6f3 | estimating raw pupil diameter
2026-07-24 16:12:53,599 | INFO | 02_preprocess_pupil | Session 113/721 | CSH_ZAD_025 | 280ee768-f7b8-4c6c-9ea0-48ca75d6b6f3 | raw pupil diameter ready | samples=371343 | missing=97.0%
2026-07-24 16:12:53,599 | INFO | 02_preprocess_pupil | Session 113/721 | CSH_ZAD_025 | 280ee768-f7b8-4c6c-9ea0-48ca75d6b6f3 | smoothing pupil diameter
2026-07-24 16:12:53,600 | WARNING | 02_preprocess_pupil | Session 113/721 failed | subject=CSH_ZAD_025 | eid=280ee768-f7b8-4c6c-9ea0-48ca75d6b6f3 | session elapsed=3s | error=ValueError: Raw pupil diameter for left is too often NaN, cannot smooth.
2026-07-24 16:12:53,603 | INFO | 02_preprocess_pupil | Session 113/721 complete | status=failed | source=none | usable=False | missing=n/a | session time=3s | cumulative trials=76160/472728 | usable=88 | rejected=8 | failed=17 | elapsed=20m 45s | ETA=1h 51m 37s
2026-07-24 16:12:53,603 | INFO | 02_preprocess_pupil | Session 114/721 | NR_0028 | 28338153-4113-485b-835b-91cb96d984f2 | trials=906 | expected source=ONE | starting
2026-07-24 16:12:53,604 | INFO | 02_preprocess_pupil | Session 114/721 | NR_0028 | 28338153-4113-485b-835b-91cb96d984f2 | cache miss; fetching trace from ONE
2026-07-24 16:12:53,604 | INFO | 02_preprocess_pupil | Session 114/721 | NR_0028 | 28338153-4113-485b-835b-91cb96d984f2 | listing camera datasets
2026-07-24 16:12:55,237 | INFO | 02_preprocess_pupil | Session 114/721 | NR_0028 | 28338153-4113-485b-835b-91cb96d984f2 | camera dataset listing complete | matches=8
2026-07-24 16:12:55,237 | INFO | 02_preprocess_pupil | Session 114/721 | NR_0028 | 28338153-4113-485b-835b-91cb96d984f2 | loading DLC dataset alf/_ibl_leftCamera.dlc.pqt
2026-07-24 16:12:55,477 | INFO | 02_preprocess_pupil | Session 114/721 | NR_0028 | 28338153-4113-485b-835b-91cb96d984f2 | DLC loaded | rows=326360 | columns=33
2026-07-24 16:12:55,477 | INFO | 02_preprocess_pupil | Session 114/721 | NR_0028 | 28338153-4113-485b-835b-91cb96d984f2 | loading timestamp dataset alf/_ibl_leftCamera.times.npy
2026-07-24 16:12:55,573 | INFO | 02_preprocess_pupil | Session 114/721 | NR_0028 | 28338153-4113-485b-835b-91cb96d984f2 | timestamps loaded | samples=326360 | duration=1h 30m 35s
2026-07-24 16:12:55,574 | INFO | 02_preprocess_pupil | Session 114/721 | NR_0028 | 28338153-4113-485b-835b-91cb96d984f2 | thresholding DLC likelihoods
2026-07-24 16:12:55,610 | INFO | 02_preprocess_pupil | Session 114/721 | NR_0028 | 28338153-4113-485b-835b-91cb96d984f2 | estimating raw pupil diameter
2026-07-24 16:12:55,703 | INFO | 02_preprocess_pupil | Session 114/721 | NR_0028 | 28338153-4113-485b-835b-91cb96d984f2 | raw pupil diameter ready | samples=326360 | missing=0.5%
2026-07-24 16:12:55,703 | INFO | 02_preprocess_pupil | Session 114/721 | NR_0028 | 28338153-4113-485b-835b-91cb96d984f2 | smoothing pupil diameter
2026-07-24 16:13:31,938 | INFO | 02_preprocess_pupil | Session 114/721 | NR_0028 | 28338153-4113-485b-835b-91cb96d984f2 | smoothing complete | missing=0.1%
2026-07-24 16:13:31,938 | INFO | 02_preprocess_pupil | Session 114/721 | NR_0028 | 28338153-4113-485b-835b-91cb96d984f2 | masking blink and velocity artifacts
2026-07-24 16:13:31,963 | INFO | 02_preprocess_pupil | Session 114/721 | NR_0028 | 28338153-4113-485b-835b-91cb96d984f2 | trace cleaning complete | cleaned missing=4.9% | artifact fraction=4.9%
2026-07-24 16:13:31,964 | INFO | 02_preprocess_pupil | Session 114/721 | NR_0028 | 28338153-4113-485b-835b-91cb96d984f2 | writing trace cache 28338153-4113-485b-835b-91cb96d984f2.npz
2026-07-24 16:13:32,213 | INFO | 02_preprocess_pupil | Session 114/721 | NR_0028 | 28338153-4113-485b-835b-91cb96d984f2 | trace cache written | size=6.4 MB
2026-07-24 16:13:32,215 | INFO | 02_preprocess_pupil | Session 114/721 | NR_0028 | 28338153-4113-485b-835b-91cb96d984f2 | extracting trial-level pupil features
2026-07-24 16:13:33,136 | INFO | 02_preprocess_pupil | Session 114/721 | NR_0028 | 28338153-4113-485b-835b-91cb96d984f2 | feature extraction complete | stimulus windows valid=82.0% | feedback windows valid=84.7%
2026-07-24 16:13:33,137 | INFO | 02_preprocess_pupil | Session 114/721 complete | status=success | source=one | usable=True | missing=4.9% | session time=40s | cumulative trials=77066/472728 | usable=89 | rejected=8 | failed=17 | elapsed=21m 24s | ETA=1h 53m 58s
2026-07-24 16:13:33,137 | INFO | 02_preprocess_pupil | Session 115/721 | PL030 | 283ecb4c-e529-409c-9f0a-8ea5191dcf50 | trials=487 | expected source=ONE | starting
2026-07-24 16:13:33,138 | INFO | 02_preprocess_pupil | Session 115/721 | PL030 | 283ecb4c-e529-409c-9f0a-8ea5191dcf50 | cache miss; fetching trace from ONE
2026-07-24 16:13:33,138 | INFO | 02_preprocess_pupil | Session 115/721 | PL030 | 283ecb4c-e529-409c-9f0a-8ea5191dcf50 | listing camera datasets
2026-07-24 16:13:35,140 | INFO | 02_preprocess_pupil | Session 115/721 | PL030 | 283ecb4c-e529-409c-9f0a-8ea5191dcf50 | camera dataset listing complete | matches=8
2026-07-24 16:13:35,140 | INFO | 02_preprocess_pupil | Session 115/721 | PL030 | 283ecb4c-e529-409c-9f0a-8ea5191dcf50 | loading DLC dataset alf/_ibl_leftCamera.dlc.pqt
2026-07-24 16:13:41,581 | INFO | 02_preprocess_pupil | Session 115/721 | PL030 | 283ecb4c-e529-409c-9f0a-8ea5191dcf50 | DLC loaded | rows=242177 | columns=33
2026-07-24 16:13:41,582 | INFO | 02_preprocess_pupil | Session 115/721 | PL030 | 283ecb4c-e529-409c-9f0a-8ea5191dcf50 | loading timestamp dataset alf/_ibl_leftCamera.times.npy
2026-07-24 16:13:42,928 | INFO | 02_preprocess_pupil | Session 115/721 | PL030 | 283ecb4c-e529-409c-9f0a-8ea5191dcf50 | timestamps loaded | samples=242177 | duration=1h 07m 13s
2026-07-24 16:13:42,928 | INFO | 02_preprocess_pupil | Session 115/721 | PL030 | 283ecb4c-e529-409c-9f0a-8ea5191dcf50 | thresholding DLC likelihoods
2026-07-24 16:13:42,959 | INFO | 02_preprocess_pupil | Session 115/721 | PL030 | 283ecb4c-e529-409c-9f0a-8ea5191dcf50 | estimating raw pupil diameter
2026-07-24 16:13:43,077 | INFO | 02_preprocess_pupil | Session 115/721 | PL030 | 283ecb4c-e529-409c-9f0a-8ea5191dcf50 | raw pupil diameter ready | samples=242177 | missing=16.3%
2026-07-24 16:13:43,077 | INFO | 02_preprocess_pupil | Session 115/721 | PL030 | 283ecb4c-e529-409c-9f0a-8ea5191dcf50 | smoothing pupil diameter
2026-07-24 16:14:05,754 | INFO | 02_preprocess_pupil | Session 115/721 | PL030 | 283ecb4c-e529-409c-9f0a-8ea5191dcf50 | smoothing complete | missing=3.8%
2026-07-24 16:14:05,754 | INFO | 02_preprocess_pupil | Session 115/721 | PL030 | 283ecb4c-e529-409c-9f0a-8ea5191dcf50 | masking blink and velocity artifacts
2026-07-24 16:14:05,774 | INFO | 02_preprocess_pupil | Session 115/721 | PL030 | 283ecb4c-e529-409c-9f0a-8ea5191dcf50 | trace cleaning complete | cleaned missing=16.1% | artifact fraction=16.1%
2026-07-24 16:14:05,774 | INFO | 02_preprocess_pupil | Session 115/721 | PL030 | 283ecb4c-e529-409c-9f0a-8ea5191dcf50 | writing trace cache 283ecb4c-e529-409c-9f0a-8ea5191dcf50.npz
2026-07-24 16:14:05,938 | INFO | 02_preprocess_pupil | Session 115/721 | PL030 | 283ecb4c-e529-409c-9f0a-8ea5191dcf50 | trace cache written | size=4.3 MB
2026-07-24 16:14:05,939 | INFO | 02_preprocess_pupil | Session 115/721 | PL030 | 283ecb4c-e529-409c-9f0a-8ea5191dcf50 | extracting trial-level pupil features
2026-07-24 16:14:06,298 | INFO | 02_preprocess_pupil | Session 115/721 | PL030 | 283ecb4c-e529-409c-9f0a-8ea5191dcf50 | feature extraction complete | stimulus windows valid=61.4% | feedback windows valid=48.5%
2026-07-24 16:14:06,299 | INFO | 02_preprocess_pupil | Session 115/721 complete | status=success | source=one | usable=True | missing=16.1% | session time=33s | cumulative trials=77553/472728 | usable=90 | rejected=8 | failed=17 | elapsed=21m 57s | ETA=1h 55m 42s
2026-07-24 16:14:06,299 | INFO | 02_preprocess_pupil | Session 116/721 | FD_14 | 2844dbf8-db2d-49ab-a5ba-490fb18c60fe | trials=446 | expected source=ONE | starting
2026-07-24 16:14:06,300 | INFO | 02_preprocess_pupil | Session 116/721 | FD_14 | 2844dbf8-db2d-49ab-a5ba-490fb18c60fe | cache miss; fetching trace from ONE
2026-07-24 16:14:06,300 | INFO | 02_preprocess_pupil | Session 116/721 | FD_14 | 2844dbf8-db2d-49ab-a5ba-490fb18c60fe | listing camera datasets
2026-07-24 16:14:07,138 | INFO | 02_preprocess_pupil | Session 116/721 | FD_14 | 2844dbf8-db2d-49ab-a5ba-490fb18c60fe | camera dataset listing complete | matches=5
2026-07-24 16:14:07,138 | INFO | 02_preprocess_pupil | Session 116/721 | FD_14 | 2844dbf8-db2d-49ab-a5ba-490fb18c60fe | loading DLC dataset alf/_ibl_leftCamera.dlc.pqt
2026-07-24 16:14:07,301 | INFO | 02_preprocess_pupil | Session 116/721 | FD_14 | 2844dbf8-db2d-49ab-a5ba-490fb18c60fe | DLC loaded | rows=184723 | columns=33
2026-07-24 16:14:07,301 | INFO | 02_preprocess_pupil | Session 116/721 | FD_14 | 2844dbf8-db2d-49ab-a5ba-490fb18c60fe | loading timestamp dataset alf/_ibl_leftCamera.times.npy
2026-07-24 16:14:07,392 | INFO | 02_preprocess_pupil | Session 116/721 | FD_14 | 2844dbf8-db2d-49ab-a5ba-490fb18c60fe | timestamps loaded | samples=184723 | duration=51m 28s
2026-07-24 16:14:07,392 | INFO | 02_preprocess_pupil | Session 116/721 | FD_14 | 2844dbf8-db2d-49ab-a5ba-490fb18c60fe | thresholding DLC likelihoods
2026-07-24 16:14:07,422 | INFO | 02_preprocess_pupil | Session 116/721 | FD_14 | 2844dbf8-db2d-49ab-a5ba-490fb18c60fe | estimating raw pupil diameter
2026-07-24 16:14:07,602 | INFO | 02_preprocess_pupil | Session 116/721 | FD_14 | 2844dbf8-db2d-49ab-a5ba-490fb18c60fe | raw pupil diameter ready | samples=184723 | missing=91.2%
2026-07-24 16:14:07,602 | INFO | 02_preprocess_pupil | Session 116/721 | FD_14 | 2844dbf8-db2d-49ab-a5ba-490fb18c60fe | smoothing pupil diameter
2026-07-24 16:14:07,602 | WARNING | 02_preprocess_pupil | Session 116/721 failed | subject=FD_14 | eid=2844dbf8-db2d-49ab-a5ba-490fb18c60fe | session elapsed=1s | error=ValueError: Raw pupil diameter for left is too often NaN, cannot smooth.
2026-07-24 16:14:07,605 | INFO | 02_preprocess_pupil | Session 116/721 complete | status=failed | source=none | usable=False | missing=n/a | session time=1s | cumulative trials=77999/472728 | usable=90 | rejected=8 | failed=18 | elapsed=21m 59s | ETA=1h 54m 38s
2026-07-24 16:14:07,606 | INFO | 02_preprocess_pupil | Session 117/721 | ZFM-04811 | 2852aac3-0b80-41fd-9d22-bfb696787c4d | trials=688 | expected source=ONE | starting
2026-07-24 16:14:07,606 | INFO | 02_preprocess_pupil | Session 117/721 | ZFM-04811 | 2852aac3-0b80-41fd-9d22-bfb696787c4d | cache miss; fetching trace from ONE
2026-07-24 16:14:07,606 | INFO | 02_preprocess_pupil | Session 117/721 | ZFM-04811 | 2852aac3-0b80-41fd-9d22-bfb696787c4d | listing camera datasets
2026-07-24 16:14:08,161 | INFO | 02_preprocess_pupil | Session 117/721 | ZFM-04811 | 2852aac3-0b80-41fd-9d22-bfb696787c4d | camera dataset listing complete | matches=5
2026-07-24 16:14:08,161 | INFO | 02_preprocess_pupil | Session 117/721 | ZFM-04811 | 2852aac3-0b80-41fd-9d22-bfb696787c4d | loading DLC dataset alf/_ibl_leftCamera.dlc.pqt
2026-07-24 16:14:13,715 | INFO | 02_preprocess_pupil | Session 117/721 | ZFM-04811 | 2852aac3-0b80-41fd-9d22-bfb696787c4d | DLC loaded | rows=249350 | columns=33
2026-07-24 16:14:13,715 | INFO | 02_preprocess_pupil | Session 117/721 | ZFM-04811 | 2852aac3-0b80-41fd-9d22-bfb696787c4d | loading timestamp dataset alf/_ibl_leftCamera.times.npy
2026-07-24 16:14:15,076 | INFO | 02_preprocess_pupil | Session 117/721 | ZFM-04811 | 2852aac3-0b80-41fd-9d22-bfb696787c4d | timestamps loaded | samples=249350 | duration=1h 09m 10s
2026-07-24 16:14:15,077 | INFO | 02_preprocess_pupil | Session 117/721 | ZFM-04811 | 2852aac3-0b80-41fd-9d22-bfb696787c4d | thresholding DLC likelihoods
2026-07-24 16:14:15,107 | INFO | 02_preprocess_pupil | Session 117/721 | ZFM-04811 | 2852aac3-0b80-41fd-9d22-bfb696787c4d | estimating raw pupil diameter
2026-07-24 16:14:15,195 | INFO | 02_preprocess_pupil | Session 117/721 | ZFM-04811 | 2852aac3-0b80-41fd-9d22-bfb696787c4d | raw pupil diameter ready | samples=249350 | missing=7.2%
2026-07-24 16:14:15,195 | INFO | 02_preprocess_pupil | Session 117/721 | ZFM-04811 | 2852aac3-0b80-41fd-9d22-bfb696787c4d | smoothing pupil diameter
2026-07-24 16:14:40,720 | INFO | 02_preprocess_pupil | Session 117/721 | ZFM-04811 | 2852aac3-0b80-41fd-9d22-bfb696787c4d | smoothing complete | missing=1.1%
2026-07-24 16:14:40,720 | INFO | 02_preprocess_pupil | Session 117/721 | ZFM-04811 | 2852aac3-0b80-41fd-9d22-bfb696787c4d | masking blink and velocity artifacts
2026-07-24 16:14:40,740 | INFO | 02_preprocess_pupil | Session 117/721 | ZFM-04811 | 2852aac3-0b80-41fd-9d22-bfb696787c4d | trace cleaning complete | cleaned missing=11.7% | artifact fraction=11.7%
2026-07-24 16:14:40,741 | INFO | 02_preprocess_pupil | Session 117/721 | ZFM-04811 | 2852aac3-0b80-41fd-9d22-bfb696787c4d | writing trace cache 2852aac3-0b80-41fd-9d22-bfb696787c4d.npz
2026-07-24 16:14:40,907 | INFO | 02_preprocess_pupil | Session 117/721 | ZFM-04811 | 2852aac3-0b80-41fd-9d22-bfb696787c4d | trace cache written | size=4.3 MB
2026-07-24 16:14:40,908 | INFO | 02_preprocess_pupil | Session 117/721 | ZFM-04811 | 2852aac3-0b80-41fd-9d22-bfb696787c4d | extracting trial-level pupil features
2026-07-24 16:14:41,438 | INFO | 02_preprocess_pupil | Session 117/721 | ZFM-04811 | 2852aac3-0b80-41fd-9d22-bfb696787c4d | feature extraction complete | stimulus windows valid=63.1% | feedback windows valid=60.5%
2026-07-24 16:14:41,439 | INFO | 02_preprocess_pupil | Session 117/721 complete | status=success | source=one | usable=True | missing=11.7% | session time=34s | cumulative trials=78687/472728 | usable=91 | rejected=8 | failed=18 | elapsed=22m 33s | ETA=1h 56m 22s
2026-07-24 16:14:41,440 | INFO | 02_preprocess_pupil | Session 118/721 | CSK-im-009 | 2864dca1-38d8-464c-9777-f6fdfd5e63b5 | trials=810 | expected source=ONE | starting
2026-07-24 16:14:41,441 | INFO | 02_preprocess_pupil | Session 118/721 | CSK-im-009 | 2864dca1-38d8-464c-9777-f6fdfd5e63b5 | cache miss; fetching trace from ONE
2026-07-24 16:14:41,441 | INFO | 02_preprocess_pupil | Session 118/721 | CSK-im-009 | 2864dca1-38d8-464c-9777-f6fdfd5e63b5 | listing camera datasets
2026-07-24 16:14:42,292 | INFO | 02_preprocess_pupil | Session 118/721 | CSK-im-009 | 2864dca1-38d8-464c-9777-f6fdfd5e63b5 | camera dataset listing complete | matches=4
2026-07-24 16:14:42,292 | INFO | 02_preprocess_pupil | Session 118/721 | CSK-im-009 | 2864dca1-38d8-464c-9777-f6fdfd5e63b5 | loading DLC dataset alf/_ibl_leftCamera.dlc.pqt
2026-07-24 16:14:42,482 | INFO | 02_preprocess_pupil | Session 118/721 | CSK-im-009 | 2864dca1-38d8-464c-9777-f6fdfd5e63b5 | DLC loaded | rows=294962 | columns=33
2026-07-24 16:14:42,482 | INFO | 02_preprocess_pupil | Session 118/721 | CSK-im-009 | 2864dca1-38d8-464c-9777-f6fdfd5e63b5 | loading timestamp dataset alf/_ibl_leftCamera.times.npy
2026-07-24 16:14:42,576 | INFO | 02_preprocess_pupil | Session 118/721 | CSK-im-009 | 2864dca1-38d8-464c-9777-f6fdfd5e63b5 | timestamps loaded | samples=294962 | duration=1h 21m 51s
2026-07-24 16:14:42,576 | INFO | 02_preprocess_pupil | Session 118/721 | CSK-im-009 | 2864dca1-38d8-464c-9777-f6fdfd5e63b5 | thresholding DLC likelihoods
2026-07-24 16:14:42,616 | INFO | 02_preprocess_pupil | Session 118/721 | CSK-im-009 | 2864dca1-38d8-464c-9777-f6fdfd5e63b5 | estimating raw pupil diameter
2026-07-24 16:14:42,893 | INFO | 02_preprocess_pupil | Session 118/721 | CSK-im-009 | 2864dca1-38d8-464c-9777-f6fdfd5e63b5 | raw pupil diameter ready | samples=294962 | missing=91.3%
2026-07-24 16:14:42,893 | INFO | 02_preprocess_pupil | Session 118/721 | CSK-im-009 | 2864dca1-38d8-464c-9777-f6fdfd5e63b5 | smoothing pupil diameter
2026-07-24 16:14:42,894 | WARNING | 02_preprocess_pupil | Session 118/721 failed | subject=CSK-im-009 | eid=2864dca1-38d8-464c-9777-f6fdfd5e63b5 | session elapsed=1s | error=ValueError: Raw pupil diameter for left is too often NaN, cannot smooth.
2026-07-24 16:14:42,897 | INFO | 02_preprocess_pupil | Session 118/721 complete | status=failed | source=none | usable=False | missing=n/a | session time=1s | cumulative trials=79497/472728 | usable=91 | rejected=8 | failed=19 | elapsed=22m 34s | ETA=1h 55m 19s
2026-07-24 16:14:42,897 | INFO | 02_preprocess_pupil | Session 119/721 | CSHL058 | 28741f91-c837-4147-939e-918d38d849f2 | trials=401 | expected source=ONE | starting
2026-07-24 16:14:42,898 | INFO | 02_preprocess_pupil | Session 119/721 | CSHL058 | 28741f91-c837-4147-939e-918d38d849f2 | cache miss; fetching trace from ONE
2026-07-24 16:14:42,898 | INFO | 02_preprocess_pupil | Session 119/721 | CSHL058 | 28741f91-c837-4147-939e-918d38d849f2 | listing camera datasets
2026-07-24 16:14:45,113 | INFO | 02_preprocess_pupil | Session 119/721 | CSHL058 | 28741f91-c837-4147-939e-918d38d849f2 | camera dataset listing complete | matches=8
2026-07-24 16:14:45,113 | INFO | 02_preprocess_pupil | Session 119/721 | CSHL058 | 28741f91-c837-4147-939e-918d38d849f2 | loading DLC dataset alf/_ibl_leftCamera.dlc.pqt
2026-07-24 16:14:45,321 | INFO | 02_preprocess_pupil | Session 119/721 | CSHL058 | 28741f91-c837-4147-939e-918d38d849f2 | DLC loaded | rows=273384 | columns=33
2026-07-24 16:14:45,321 | INFO | 02_preprocess_pupil | Session 119/721 | CSHL058 | 28741f91-c837-4147-939e-918d38d849f2 | loading timestamp dataset alf/#2023-04-20#/_ibl_leftCamera.times.npy
2026-07-24 16:14:45,432 | INFO | 02_preprocess_pupil | Session 119/721 | CSHL058 | 28741f91-c837-4147-939e-918d38d849f2 | timestamps loaded | samples=273384 | duration=1h 15m 53s
2026-07-24 16:14:45,432 | INFO | 02_preprocess_pupil | Session 119/721 | CSHL058 | 28741f91-c837-4147-939e-918d38d849f2 | thresholding DLC likelihoods
2026-07-24 16:14:45,465 | INFO | 02_preprocess_pupil | Session 119/721 | CSHL058 | 28741f91-c837-4147-939e-918d38d849f2 | estimating raw pupil diameter
2026-07-24 16:14:45,552 | INFO | 02_preprocess_pupil | Session 119/721 | CSHL058 | 28741f91-c837-4147-939e-918d38d849f2 | raw pupil diameter ready | samples=273384 | missing=5.4%
2026-07-24 16:14:45,553 | INFO | 02_preprocess_pupil | Session 119/721 | CSHL058 | 28741f91-c837-4147-939e-918d38d849f2 | smoothing pupil diameter
2026-07-24 16:15:14,656 | INFO | 02_preprocess_pupil | Session 119/721 | CSHL058 | 28741f91-c837-4147-939e-918d38d849f2 | smoothing complete | missing=0.3%
2026-07-24 16:15:14,656 | INFO | 02_preprocess_pupil | Session 119/721 | CSHL058 | 28741f91-c837-4147-939e-918d38d849f2 | masking blink and velocity artifacts
2026-07-24 16:15:14,679 | INFO | 02_preprocess_pupil | Session 119/721 | CSHL058 | 28741f91-c837-4147-939e-918d38d849f2 | trace cleaning complete | cleaned missing=4.5% | artifact fraction=4.5%
2026-07-24 16:15:14,680 | INFO | 02_preprocess_pupil | Session 119/721 | CSHL058 | 28741f91-c837-4147-939e-918d38d849f2 | writing trace cache 28741f91-c837-4147-939e-918d38d849f2.npz
2026-07-24 16:15:14,879 | INFO | 02_preprocess_pupil | Session 119/721 | CSHL058 | 28741f91-c837-4147-939e-918d38d849f2 | trace cache written | size=4.8 MB
2026-07-24 16:15:14,881 | INFO | 02_preprocess_pupil | Session 119/721 | CSHL058 | 28741f91-c837-4147-939e-918d38d849f2 | extracting trial-level pupil features
2026-07-24 16:15:15,228 | INFO | 02_preprocess_pupil | Session 119/721 | CSHL058 | 28741f91-c837-4147-939e-918d38d849f2 | feature extraction complete | stimulus windows valid=82.5% | feedback windows valid=82.0%
2026-07-24 16:15:15,228 | INFO | 02_preprocess_pupil | Session 119/721 complete | status=success | source=one | usable=True | missing=4.5% | session time=32s | cumulative trials=79898/472728 | usable=92 | rejected=8 | failed=19 | elapsed=23m 06s | ETA=1h 56m 53s
2026-07-24 16:15:15,229 | INFO | 02_preprocess_pupil | Session 120/721 | NYU-47 | 288bfbf3-3700-4abe-b6e4-130b5c541e61 | trials=503 | expected source=ONE | starting
2026-07-24 16:15:15,230 | INFO | 02_preprocess_pupil | Session 120/721 | NYU-47 | 288bfbf3-3700-4abe-b6e4-130b5c541e61 | cache miss; fetching trace from ONE
2026-07-24 16:15:15,230 | INFO | 02_preprocess_pupil | Session 120/721 | NYU-47 | 288bfbf3-3700-4abe-b6e4-130b5c541e61 | listing camera datasets
2026-07-24 16:15:17,556 | INFO | 02_preprocess_pupil | Session 120/721 | NYU-47 | 288bfbf3-3700-4abe-b6e4-130b5c541e61 | camera dataset listing complete | matches=8
2026-07-24 16:15:17,556 | INFO | 02_preprocess_pupil | Session 120/721 | NYU-47 | 288bfbf3-3700-4abe-b6e4-130b5c541e61 | loading DLC dataset alf/_ibl_leftCamera.dlc.pqt
2026-07-24 16:15:17,779 | INFO | 02_preprocess_pupil | Session 120/721 | NYU-47 | 288bfbf3-3700-4abe-b6e4-130b5c541e61 | DLC loaded | rows=258767 | columns=33
2026-07-24 16:15:17,780 | INFO | 02_preprocess_pupil | Session 120/721 | NYU-47 | 288bfbf3-3700-4abe-b6e4-130b5c541e61 | loading timestamp dataset alf/_ibl_leftCamera.times.npy
2026-07-24 16:15:17,910 | INFO | 02_preprocess_pupil | Session 120/721 | NYU-47 | 288bfbf3-3700-4abe-b6e4-130b5c541e61 | timestamps loaded | samples=258767 | duration=1h 11m 50s
2026-07-24 16:15:17,911 | INFO | 02_preprocess_pupil | Session 120/721 | NYU-47 | 288bfbf3-3700-4abe-b6e4-130b5c541e61 | thresholding DLC likelihoods
2026-07-24 16:15:17,966 | INFO | 02_preprocess_pupil | Session 120/721 | NYU-47 | 288bfbf3-3700-4abe-b6e4-130b5c541e61 | estimating raw pupil diameter
2026-07-24 16:15:18,074 | INFO | 02_preprocess_pupil | Session 120/721 | NYU-47 | 288bfbf3-3700-4abe-b6e4-130b5c541e61 | raw pupil diameter ready | samples=258767 | missing=15.3%
2026-07-24 16:15:18,075 | INFO | 02_preprocess_pupil | Session 120/721 | NYU-47 | 288bfbf3-3700-4abe-b6e4-130b5c541e61 | smoothing pupil diameter
2026-07-24 16:15:42,712 | INFO | 02_preprocess_pupil | Session 120/721 | NYU-47 | 288bfbf3-3700-4abe-b6e4-130b5c541e61 | smoothing complete | missing=6.8%
2026-07-24 16:15:42,713 | INFO | 02_preprocess_pupil | Session 120/721 | NYU-47 | 288bfbf3-3700-4abe-b6e4-130b5c541e61 | masking blink and velocity artifacts
2026-07-24 16:15:42,733 | INFO | 02_preprocess_pupil | Session 120/721 | NYU-47 | 288bfbf3-3700-4abe-b6e4-130b5c541e61 | trace cleaning complete | cleaned missing=15.8% | artifact fraction=15.8%
2026-07-24 16:15:42,733 | INFO | 02_preprocess_pupil | Session 120/721 | NYU-47 | 288bfbf3-3700-4abe-b6e4-130b5c541e61 | writing trace cache 288bfbf3-3700-4abe-b6e4-130b5c541e61.npz
2026-07-24 16:15:42,912 | INFO | 02_preprocess_pupil | Session 120/721 | NYU-47 | 288bfbf3-3700-4abe-b6e4-130b5c541e61 | trace cache written | size=4.5 MB
2026-07-24 16:15:42,914 | INFO | 02_preprocess_pupil | Session 120/721 | NYU-47 | 288bfbf3-3700-4abe-b6e4-130b5c541e61 | extracting trial-level pupil features
2026-07-24 16:15:43,345 | INFO | 02_preprocess_pupil | Session 120/721 | NYU-47 | 288bfbf3-3700-4abe-b6e4-130b5c541e61 | feature extraction complete | stimulus windows valid=84.5% | feedback windows valid=85.9%
2026-07-24 16:15:43,346 | INFO | 02_preprocess_pupil | Session 120/721 complete | status=success | source=one | usable=True | missing=15.8% | session time=28s | cumulative trials=80401/472728 | usable=93 | rejected=8 | failed=19 | elapsed=23m 34s | ETA=1h 58m 04s
2026-07-24 16:15:43,346 | INFO | 02_preprocess_pupil | Session 121/721 | ZFM-02181 | 299bf322-e039-4444-8f04-67fde247ae5e | trials=203 | expected source=ONE | starting
2026-07-24 16:15:43,347 | INFO | 02_preprocess_pupil | Session 121/721 | ZFM-02181 | 299bf322-e039-4444-8f04-67fde247ae5e | cache miss; fetching trace from ONE
2026-07-24 16:15:43,347 | INFO | 02_preprocess_pupil | Session 121/721 | ZFM-02181 | 299bf322-e039-4444-8f04-67fde247ae5e | listing camera datasets
2026-07-24 16:15:44,796 | INFO | 02_preprocess_pupil | Session 121/721 | ZFM-02181 | 299bf322-e039-4444-8f04-67fde247ae5e | camera dataset listing complete | matches=4
2026-07-24 16:15:44,796 | INFO | 02_preprocess_pupil | Session 121/721 | ZFM-02181 | 299bf322-e039-4444-8f04-67fde247ae5e | loading DLC dataset alf/_ibl_leftCamera.dlc.pqt
2026-07-24 16:15:44,956 | INFO | 02_preprocess_pupil | Session 121/721 | ZFM-02181 | 299bf322-e039-4444-8f04-67fde247ae5e | DLC loaded | rows=204263 | columns=33
2026-07-24 16:15:44,956 | INFO | 02_preprocess_pupil | Session 121/721 | ZFM-02181 | 299bf322-e039-4444-8f04-67fde247ae5e | loading timestamp dataset alf/_ibl_leftCamera.times.npy
2026-07-24 16:15:45,053 | INFO | 02_preprocess_pupil | Session 121/721 | ZFM-02181 | 299bf322-e039-4444-8f04-67fde247ae5e | timestamps loaded | samples=204263 | duration=56m 39s
2026-07-24 16:15:45,053 | INFO | 02_preprocess_pupil | Session 121/721 | ZFM-02181 | 299bf322-e039-4444-8f04-67fde247ae5e | thresholding DLC likelihoods
2026-07-24 16:15:45,077 | INFO | 02_preprocess_pupil | Session 121/721 | ZFM-02181 | 299bf322-e039-4444-8f04-67fde247ae5e | estimating raw pupil diameter
2026-07-24 16:15:45,154 | INFO | 02_preprocess_pupil | Session 121/721 | ZFM-02181 | 299bf322-e039-4444-8f04-67fde247ae5e | raw pupil diameter ready | samples=204263 | missing=11.5%
2026-07-24 16:15:45,155 | INFO | 02_preprocess_pupil | Session 121/721 | ZFM-02181 | 299bf322-e039-4444-8f04-67fde247ae5e | smoothing pupil diameter
2026-07-24 16:16:05,409 | INFO | 02_preprocess_pupil | Session 121/721 | ZFM-02181 | 299bf322-e039-4444-8f04-67fde247ae5e | smoothing complete | missing=6.1%
2026-07-24 16:16:05,410 | INFO | 02_preprocess_pupil | Session 121/721 | ZFM-02181 | 299bf322-e039-4444-8f04-67fde247ae5e | masking blink and velocity artifacts
2026-07-24 16:16:05,426 | INFO | 02_preprocess_pupil | Session 121/721 | ZFM-02181 | 299bf322-e039-4444-8f04-67fde247ae5e | trace cleaning complete | cleaned missing=11.6% | artifact fraction=11.6%
2026-07-24 16:16:05,426 | INFO | 02_preprocess_pupil | Session 121/721 | ZFM-02181 | 299bf322-e039-4444-8f04-67fde247ae5e | writing trace cache 299bf322-e039-4444-8f04-67fde247ae5e.npz
2026-07-24 16:16:05,562 | INFO | 02_preprocess_pupil | Session 121/721 | ZFM-02181 | 299bf322-e039-4444-8f04-67fde247ae5e | trace cache written | size=3.7 MB
2026-07-24 16:16:05,564 | INFO | 02_preprocess_pupil | Session 121/721 | ZFM-02181 | 299bf322-e039-4444-8f04-67fde247ae5e | extracting trial-level pupil features
2026-07-24 16:16:05,699 | INFO | 02_preprocess_pupil | Session 121/721 | ZFM-02181 | 299bf322-e039-4444-8f04-67fde247ae5e | feature extraction complete | stimulus windows valid=66.5% | feedback windows valid=75.9%
2026-07-24 16:16:05,699 | INFO | 02_preprocess_pupil | Session 121/721 complete | status=success | source=one | usable=True | missing=11.6% | session time=22s | cumulative trials=80604/472728 | usable=94 | rejected=8 | failed=19 | elapsed=23m 57s | ETA=1h 58m 45s
2026-07-24 16:16:05,700 | INFO | 02_preprocess_pupil | Session 122/721 | NR_0028 | 29a6def1-fc5c-4eea-ac48-47e9b053dcb5 | trials=834 | expected source=ONE | starting
2026-07-24 16:16:05,700 | INFO | 02_preprocess_pupil | Session 122/721 | NR_0028 | 29a6def1-fc5c-4eea-ac48-47e9b053dcb5 | cache miss; fetching trace from ONE
2026-07-24 16:16:05,701 | INFO | 02_preprocess_pupil | Session 122/721 | NR_0028 | 29a6def1-fc5c-4eea-ac48-47e9b053dcb5 | listing camera datasets
2026-07-24 16:16:07,392 | INFO | 02_preprocess_pupil | Session 122/721 | NR_0028 | 29a6def1-fc5c-4eea-ac48-47e9b053dcb5 | camera dataset listing complete | matches=8
2026-07-24 16:16:07,392 | INFO | 02_preprocess_pupil | Session 122/721 | NR_0028 | 29a6def1-fc5c-4eea-ac48-47e9b053dcb5 | loading DLC dataset alf/_ibl_leftCamera.dlc.pqt
2026-07-24 16:16:07,604 | INFO | 02_preprocess_pupil | Session 122/721 | NR_0028 | 29a6def1-fc5c-4eea-ac48-47e9b053dcb5 | DLC loaded | rows=318245 | columns=33
2026-07-24 16:16:07,604 | INFO | 02_preprocess_pupil | Session 122/721 | NR_0028 | 29a6def1-fc5c-4eea-ac48-47e9b053dcb5 | loading timestamp dataset alf/_ibl_leftCamera.times.npy
2026-07-24 16:16:07,731 | INFO | 02_preprocess_pupil | Session 122/721 | NR_0028 | 29a6def1-fc5c-4eea-ac48-47e9b053dcb5 | timestamps loaded | samples=318245 | duration=1h 28m 20s
2026-07-24 16:16:07,731 | INFO | 02_preprocess_pupil | Session 122/721 | NR_0028 | 29a6def1-fc5c-4eea-ac48-47e9b053dcb5 | thresholding DLC likelihoods
2026-07-24 16:16:07,776 | INFO | 02_preprocess_pupil | Session 122/721 | NR_0028 | 29a6def1-fc5c-4eea-ac48-47e9b053dcb5 | estimating raw pupil diameter
2026-07-24 16:16:07,903 | INFO | 02_preprocess_pupil | Session 122/721 | NR_0028 | 29a6def1-fc5c-4eea-ac48-47e9b053dcb5 | raw pupil diameter ready | samples=318245 | missing=14.2%
2026-07-24 16:16:07,903 | INFO | 02_preprocess_pupil | Session 122/721 | NR_0028 | 29a6def1-fc5c-4eea-ac48-47e9b053dcb5 | smoothing pupil diameter
2026-07-24 16:16:38,373 | INFO | 02_preprocess_pupil | Session 122/721 | NR_0028 | 29a6def1-fc5c-4eea-ac48-47e9b053dcb5 | smoothing complete | missing=1.2%
2026-07-24 16:16:38,373 | INFO | 02_preprocess_pupil | Session 122/721 | NR_0028 | 29a6def1-fc5c-4eea-ac48-47e9b053dcb5 | masking blink and velocity artifacts
2026-07-24 16:16:38,398 | INFO | 02_preprocess_pupil | Session 122/721 | NR_0028 | 29a6def1-fc5c-4eea-ac48-47e9b053dcb5 | trace cleaning complete | cleaned missing=5.7% | artifact fraction=5.7%
2026-07-24 16:16:38,399 | INFO | 02_preprocess_pupil | Session 122/721 | NR_0028 | 29a6def1-fc5c-4eea-ac48-47e9b053dcb5 | writing trace cache 29a6def1-fc5c-4eea-ac48-47e9b053dcb5.npz
2026-07-24 16:16:38,623 | INFO | 02_preprocess_pupil | Session 122/721 | NR_0028 | 29a6def1-fc5c-4eea-ac48-47e9b053dcb5 | trace cache written | size=5.9 MB
2026-07-24 16:16:38,624 | INFO | 02_preprocess_pupil | Session 122/721 | NR_0028 | 29a6def1-fc5c-4eea-ac48-47e9b053dcb5 | extracting trial-level pupil features
2026-07-24 16:16:39,448 | INFO | 02_preprocess_pupil | Session 122/721 | NR_0028 | 29a6def1-fc5c-4eea-ac48-47e9b053dcb5 | feature extraction complete | stimulus windows valid=77.7% | feedback windows valid=83.2%
2026-07-24 16:16:39,449 | INFO | 02_preprocess_pupil | Session 122/721 complete | status=success | source=one | usable=True | missing=5.7% | session time=34s | cumulative trials=81438/472728 | usable=95 | rejected=8 | failed=19 | elapsed=24m 31s | ETA=2h 00m 20s
2026-07-24 16:16:39,449 | INFO | 02_preprocess_pupil | Session 123/721 | ZFM-04122 | 29b02d0f-5092-4fa5-a433-0d2ea3eafca8 | trials=593 | expected source=ONE | starting
2026-07-24 16:16:39,450 | INFO | 02_preprocess_pupil | Session 123/721 | ZFM-04122 | 29b02d0f-5092-4fa5-a433-0d2ea3eafca8 | cache miss; fetching trace from ONE
2026-07-24 16:16:39,450 | INFO | 02_preprocess_pupil | Session 123/721 | ZFM-04122 | 29b02d0f-5092-4fa5-a433-0d2ea3eafca8 | listing camera datasets
2026-07-24 16:16:40,003 | INFO | 02_preprocess_pupil | Session 123/721 | ZFM-04122 | 29b02d0f-5092-4fa5-a433-0d2ea3eafca8 | camera dataset listing complete | matches=5
2026-07-24 16:16:40,003 | INFO | 02_preprocess_pupil | Session 123/721 | ZFM-04122 | 29b02d0f-5092-4fa5-a433-0d2ea3eafca8 | loading DLC dataset alf/_ibl_leftCamera.dlc.pqt
2026-07-24 16:16:45,761 | INFO | 02_preprocess_pupil | Session 123/721 | ZFM-04122 | 29b02d0f-5092-4fa5-a433-0d2ea3eafca8 | DLC loaded | rows=251729 | columns=33
2026-07-24 16:16:45,761 | INFO | 02_preprocess_pupil | Session 123/721 | ZFM-04122 | 29b02d0f-5092-4fa5-a433-0d2ea3eafca8 | loading timestamp dataset alf/_ibl_leftCamera.times.npy
2026-07-24 16:16:47,056 | INFO | 02_preprocess_pupil | Session 123/721 | ZFM-04122 | 29b02d0f-5092-4fa5-a433-0d2ea3eafca8 | timestamps loaded | samples=251729 | duration=1h 09m 49s
2026-07-24 16:16:47,056 | INFO | 02_preprocess_pupil | Session 123/721 | ZFM-04122 | 29b02d0f-5092-4fa5-a433-0d2ea3eafca8 | thresholding DLC likelihoods
2026-07-24 16:16:47,090 | INFO | 02_preprocess_pupil | Session 123/721 | ZFM-04122 | 29b02d0f-5092-4fa5-a433-0d2ea3eafca8 | estimating raw pupil diameter
2026-07-24 16:16:47,179 | INFO | 02_preprocess_pupil | Session 123/721 | ZFM-04122 | 29b02d0f-5092-4fa5-a433-0d2ea3eafca8 | raw pupil diameter ready | samples=251729 | missing=9.1%
2026-07-24 16:16:47,179 | INFO | 02_preprocess_pupil | Session 123/721 | ZFM-04122 | 29b02d0f-5092-4fa5-a433-0d2ea3eafca8 | smoothing pupil diameter
2026-07-24 16:17:13,094 | INFO | 02_preprocess_pupil | Session 123/721 | ZFM-04122 | 29b02d0f-5092-4fa5-a433-0d2ea3eafca8 | smoothing complete | missing=1.2%
2026-07-24 16:17:13,095 | INFO | 02_preprocess_pupil | Session 123/721 | ZFM-04122 | 29b02d0f-5092-4fa5-a433-0d2ea3eafca8 | masking blink and velocity artifacts
2026-07-24 16:17:13,116 | INFO | 02_preprocess_pupil | Session 123/721 | ZFM-04122 | 29b02d0f-5092-4fa5-a433-0d2ea3eafca8 | trace cleaning complete | cleaned missing=11.5% | artifact fraction=11.5%
2026-07-24 16:17:13,117 | INFO | 02_preprocess_pupil | Session 123/721 | ZFM-04122 | 29b02d0f-5092-4fa5-a433-0d2ea3eafca8 | writing trace cache 29b02d0f-5092-4fa5-a433-0d2ea3eafca8.npz
2026-07-24 16:17:13,289 | INFO | 02_preprocess_pupil | Session 123/721 | ZFM-04122 | 29b02d0f-5092-4fa5-a433-0d2ea3eafca8 | trace cache written | size=4.2 MB
2026-07-24 16:17:13,290 | INFO | 02_preprocess_pupil | Session 123/721 | ZFM-04122 | 29b02d0f-5092-4fa5-a433-0d2ea3eafca8 | extracting trial-level pupil features
2026-07-24 16:17:13,798 | INFO | 02_preprocess_pupil | Session 123/721 | ZFM-04122 | 29b02d0f-5092-4fa5-a433-0d2ea3eafca8 | feature extraction complete | stimulus windows valid=58.3% | feedback windows valid=62.1%
2026-07-24 16:17:13,799 | INFO | 02_preprocess_pupil | Session 123/721 complete | status=success | source=one | usable=True | missing=11.5% | session time=34s | cumulative trials=82031/472728 | usable=96 | rejected=8 | failed=19 | elapsed=25m 05s | ETA=2h 01m 57s
2026-07-24 16:17:13,799 | INFO | 02_preprocess_pupil | Session 124/721 | FMR029 | 29e98de8-2349-40d5-ad6b-60cde6644c7e | trials=422 | expected source=ONE | starting
2026-07-24 16:17:13,800 | INFO | 02_preprocess_pupil | Session 124/721 | FMR029 | 29e98de8-2349-40d5-ad6b-60cde6644c7e | cache miss; fetching trace from ONE
2026-07-24 16:17:13,800 | INFO | 02_preprocess_pupil | Session 124/721 | FMR029 | 29e98de8-2349-40d5-ad6b-60cde6644c7e | listing camera datasets
2026-07-24 16:17:15,159 | INFO | 02_preprocess_pupil | Session 124/721 | FMR029 | 29e98de8-2349-40d5-ad6b-60cde6644c7e | camera dataset listing complete | matches=4
2026-07-24 16:17:15,159 | INFO | 02_preprocess_pupil | Session 124/721 | FMR029 | 29e98de8-2349-40d5-ad6b-60cde6644c7e | loading DLC dataset alf/_ibl_leftCamera.dlc.pqt
2026-07-24 16:17:15,328 | INFO | 02_preprocess_pupil | Session 124/721 | FMR029 | 29e98de8-2349-40d5-ad6b-60cde6644c7e | DLC loaded | rows=215829 | columns=33
2026-07-24 16:17:15,329 | INFO | 02_preprocess_pupil | Session 124/721 | FMR029 | 29e98de8-2349-40d5-ad6b-60cde6644c7e | loading timestamp dataset alf/_ibl_leftCamera.times.npy
2026-07-24 16:17:15,433 | INFO | 02_preprocess_pupil | Session 124/721 | FMR029 | 29e98de8-2349-40d5-ad6b-60cde6644c7e | timestamps loaded | samples=215829 | duration=59m 55s
2026-07-24 16:17:15,433 | INFO | 02_preprocess_pupil | Session 124/721 | FMR029 | 29e98de8-2349-40d5-ad6b-60cde6644c7e | thresholding DLC likelihoods
2026-07-24 16:17:15,467 | INFO | 02_preprocess_pupil | Session 124/721 | FMR029 | 29e98de8-2349-40d5-ad6b-60cde6644c7e | estimating raw pupil diameter
2026-07-24 16:17:15,660 | INFO | 02_preprocess_pupil | Session 124/721 | FMR029 | 29e98de8-2349-40d5-ad6b-60cde6644c7e | raw pupil diameter ready | samples=215829 | missing=78.1%
2026-07-24 16:17:15,660 | INFO | 02_preprocess_pupil | Session 124/721 | FMR029 | 29e98de8-2349-40d5-ad6b-60cde6644c7e | smoothing pupil diameter
2026-07-24 16:17:20,972 | INFO | 02_preprocess_pupil | Session 124/721 | FMR029 | 29e98de8-2349-40d5-ad6b-60cde6644c7e | smoothing complete | missing=0.0%
2026-07-24 16:17:20,973 | INFO | 02_preprocess_pupil | Session 124/721 | FMR029 | 29e98de8-2349-40d5-ad6b-60cde6644c7e | masking blink and velocity artifacts
2026-07-24 16:17:20,990 | INFO | 02_preprocess_pupil | Session 124/721 | FMR029 | 29e98de8-2349-40d5-ad6b-60cde6644c7e | trace cleaning complete | cleaned missing=21.9% | artifact fraction=21.9%
2026-07-24 16:17:20,991 | INFO | 02_preprocess_pupil | Session 124/721 | FMR029 | 29e98de8-2349-40d5-ad6b-60cde6644c7e | writing trace cache 29e98de8-2349-40d5-ad6b-60cde6644c7e.npz
2026-07-24 16:17:21,102 | INFO | 02_preprocess_pupil | Session 124/721 | FMR029 | 29e98de8-2349-40d5-ad6b-60cde6644c7e | trace cache written | size=2.8 MB
2026-07-24 16:17:21,103 | INFO | 02_preprocess_pupil | Session 124/721 | FMR029 | 29e98de8-2349-40d5-ad6b-60cde6644c7e | extracting trial-level pupil features
2026-07-24 16:17:21,406 | INFO | 02_preprocess_pupil | Session 124/721 | FMR029 | 29e98de8-2349-40d5-ad6b-60cde6644c7e | feature extraction complete | stimulus windows valid=38.6% | feedback windows valid=35.5%
2026-07-24 16:17:21,407 | INFO | 02_preprocess_pupil | Session 124/721 complete | status=success | source=one | usable=True | missing=21.9% | session time=8s | cumulative trials=82453/472728 | usable=97 | rejected=8 | failed=19 | elapsed=25m 13s | ETA=2h 01m 22s
2026-07-24 16:17:21,407 | INFO | 02_preprocess_pupil | Session 125/721 | PL033 | 2ab7d2c2-bcb7-4ae6-9626-f3786c22d970 | trials=591 | expected source=ONE | starting
2026-07-24 16:17:21,408 | INFO | 02_preprocess_pupil | Session 125/721 | PL033 | 2ab7d2c2-bcb7-4ae6-9626-f3786c22d970 | cache miss; fetching trace from ONE
2026-07-24 16:17:21,408 | INFO | 02_preprocess_pupil | Session 125/721 | PL033 | 2ab7d2c2-bcb7-4ae6-9626-f3786c22d970 | listing camera datasets
2026-07-24 16:17:23,055 | INFO | 02_preprocess_pupil | Session 125/721 | PL033 | 2ab7d2c2-bcb7-4ae6-9626-f3786c22d970 | camera dataset listing complete | matches=8
2026-07-24 16:17:23,056 | INFO | 02_preprocess_pupil | Session 125/721 | PL033 | 2ab7d2c2-bcb7-4ae6-9626-f3786c22d970 | loading DLC dataset alf/_ibl_leftCamera.dlc.pqt
2026-07-24 16:17:23,260 | INFO | 02_preprocess_pupil | Session 125/721 | PL033 | 2ab7d2c2-bcb7-4ae6-9626-f3786c22d970 | DLC loaded | rows=249980 | columns=33
2026-07-24 16:17:23,260 | INFO | 02_preprocess_pupil | Session 125/721 | PL033 | 2ab7d2c2-bcb7-4ae6-9626-f3786c22d970 | loading timestamp dataset alf/_ibl_leftCamera.times.npy
2026-07-24 16:17:23,378 | INFO | 02_preprocess_pupil | Session 125/721 | PL033 | 2ab7d2c2-bcb7-4ae6-9626-f3786c22d970 | timestamps loaded | samples=249980 | duration=1h 09m 23s
2026-07-24 16:17:23,378 | INFO | 02_preprocess_pupil | Session 125/721 | PL033 | 2ab7d2c2-bcb7-4ae6-9626-f3786c22d970 | thresholding DLC likelihoods
2026-07-24 16:17:23,409 | INFO | 02_preprocess_pupil | Session 125/721 | PL033 | 2ab7d2c2-bcb7-4ae6-9626-f3786c22d970 | estimating raw pupil diameter
2026-07-24 16:17:23,514 | INFO | 02_preprocess_pupil | Session 125/721 | PL033 | 2ab7d2c2-bcb7-4ae6-9626-f3786c22d970 | raw pupil diameter ready | samples=249980 | missing=17.9%
2026-07-24 16:17:23,514 | INFO | 02_preprocess_pupil | Session 125/721 | PL033 | 2ab7d2c2-bcb7-4ae6-9626-f3786c22d970 | smoothing pupil diameter
2026-07-24 16:17:46,801 | INFO | 02_preprocess_pupil | Session 125/721 | PL033 | 2ab7d2c2-bcb7-4ae6-9626-f3786c22d970 | smoothing complete | missing=0.0%
2026-07-24 16:17:46,802 | INFO | 02_preprocess_pupil | Session 125/721 | PL033 | 2ab7d2c2-bcb7-4ae6-9626-f3786c22d970 | masking blink and velocity artifacts
2026-07-24 16:17:46,823 | INFO | 02_preprocess_pupil | Session 125/721 | PL033 | 2ab7d2c2-bcb7-4ae6-9626-f3786c22d970 | trace cleaning complete | cleaned missing=6.0% | artifact fraction=6.0%
2026-07-24 16:17:46,823 | INFO | 02_preprocess_pupil | Session 125/721 | PL033 | 2ab7d2c2-bcb7-4ae6-9626-f3786c22d970 | writing trace cache 2ab7d2c2-bcb7-4ae6-9626-f3786c22d970.npz
2026-07-24 16:17:47,006 | INFO | 02_preprocess_pupil | Session 125/721 | PL033 | 2ab7d2c2-bcb7-4ae6-9626-f3786c22d970 | trace cache written | size=4.5 MB
2026-07-24 16:17:47,008 | INFO | 02_preprocess_pupil | Session 125/721 | PL033 | 2ab7d2c2-bcb7-4ae6-9626-f3786c22d970 | extracting trial-level pupil features
2026-07-24 16:17:47,500 | INFO | 02_preprocess_pupil | Session 125/721 | PL033 | 2ab7d2c2-bcb7-4ae6-9626-f3786c22d970 | feature extraction complete | stimulus windows valid=81.0% | feedback windows valid=83.9%
2026-07-24 16:17:47,501 | INFO | 02_preprocess_pupil | Session 125/721 complete | status=success | source=one | usable=True | missing=6.0% | session time=26s | cumulative trials=83044/472728 | usable=98 | rejected=8 | failed=19 | elapsed=25m 39s | ETA=2h 02m 16s
2026-07-24 16:17:47,502 | INFO | 02_preprocess_pupil | Session 126/721 | NYU-41 | 2ad22504-9636-42ae-b4d9-76cfdb86ad52 | trials=784 | expected source=ONE | starting
2026-07-24 16:17:47,502 | INFO | 02_preprocess_pupil | Session 126/721 | NYU-41 | 2ad22504-9636-42ae-b4d9-76cfdb86ad52 | cache miss; fetching trace from ONE
2026-07-24 16:17:47,502 | INFO | 02_preprocess_pupil | Session 126/721 | NYU-41 | 2ad22504-9636-42ae-b4d9-76cfdb86ad52 | listing camera datasets
2026-07-24 16:17:49,010 | INFO | 02_preprocess_pupil | Session 126/721 | NYU-41 | 2ad22504-9636-42ae-b4d9-76cfdb86ad52 | camera dataset listing complete | matches=5
2026-07-24 16:17:49,011 | INFO | 02_preprocess_pupil | Session 126/721 | NYU-41 | 2ad22504-9636-42ae-b4d9-76cfdb86ad52 | loading DLC dataset alf/_ibl_leftCamera.dlc.pqt
2026-07-24 16:17:49,231 | INFO | 02_preprocess_pupil | Session 126/721 | NYU-41 | 2ad22504-9636-42ae-b4d9-76cfdb86ad52 | DLC loaded | rows=301354 | columns=33
2026-07-24 16:17:49,232 | INFO | 02_preprocess_pupil | Session 126/721 | NYU-41 | 2ad22504-9636-42ae-b4d9-76cfdb86ad52 | loading timestamp dataset alf/_ibl_leftCamera.times.npy
2026-07-24 16:17:49,343 | INFO | 02_preprocess_pupil | Session 126/721 | NYU-41 | 2ad22504-9636-42ae-b4d9-76cfdb86ad52 | timestamps loaded | samples=301354 | duration=1h 23m 39s
2026-07-24 16:17:49,343 | INFO | 02_preprocess_pupil | Session 126/721 | NYU-41 | 2ad22504-9636-42ae-b4d9-76cfdb86ad52 | thresholding DLC likelihoods
2026-07-24 16:17:49,384 | INFO | 02_preprocess_pupil | Session 126/721 | NYU-41 | 2ad22504-9636-42ae-b4d9-76cfdb86ad52 | estimating raw pupil diameter
2026-07-24 16:17:49,557 | INFO | 02_preprocess_pupil | Session 126/721 | NYU-41 | 2ad22504-9636-42ae-b4d9-76cfdb86ad52 | raw pupil diameter ready | samples=301354 | missing=37.1%
2026-07-24 16:17:49,557 | INFO | 02_preprocess_pupil | Session 126/721 | NYU-41 | 2ad22504-9636-42ae-b4d9-76cfdb86ad52 | smoothing pupil diameter
2026-07-24 16:18:10,895 | INFO | 02_preprocess_pupil | Session 126/721 | NYU-41 | 2ad22504-9636-42ae-b4d9-76cfdb86ad52 | smoothing complete | missing=6.1%
2026-07-24 16:18:10,895 | INFO | 02_preprocess_pupil | Session 126/721 | NYU-41 | 2ad22504-9636-42ae-b4d9-76cfdb86ad52 | masking blink and velocity artifacts
2026-07-24 16:18:10,920 | INFO | 02_preprocess_pupil | Session 126/721 | NYU-41 | 2ad22504-9636-42ae-b4d9-76cfdb86ad52 | trace cleaning complete | cleaned missing=20.0% | artifact fraction=20.0%
2026-07-24 16:18:10,921 | INFO | 02_preprocess_pupil | Session 126/721 | NYU-41 | 2ad22504-9636-42ae-b4d9-76cfdb86ad52 | writing trace cache 2ad22504-9636-42ae-b4d9-76cfdb86ad52.npz
2026-07-24 16:18:11,107 | INFO | 02_preprocess_pupil | Session 126/721 | NYU-41 | 2ad22504-9636-42ae-b4d9-76cfdb86ad52 | trace cache written | size=4.8 MB
2026-07-24 16:18:11,109 | INFO | 02_preprocess_pupil | Session 126/721 | NYU-41 | 2ad22504-9636-42ae-b4d9-76cfdb86ad52 | extracting trial-level pupil features
2026-07-24 16:18:11,869 | INFO | 02_preprocess_pupil | Session 126/721 | NYU-41 | 2ad22504-9636-42ae-b4d9-76cfdb86ad52 | feature extraction complete | stimulus windows valid=50.4% | feedback windows valid=39.7%
2026-07-24 16:18:11,870 | INFO | 02_preprocess_pupil | Session 126/721 complete | status=success | source=one | usable=True | missing=20.0% | session time=24s | cumulative trials=83828/472728 | usable=99 | rejected=8 | failed=19 | elapsed=26m 03s | ETA=2h 03m 01s
2026-07-24 16:18:11,871 | INFO | 02_preprocess_pupil | Session 127/721 | FMR024 | 2ae486a1-aa10-41e4-b06f-ad7ffdfe7615 | trials=518 | expected source=ONE | starting
2026-07-24 16:18:11,872 | INFO | 02_preprocess_pupil | Session 127/721 | FMR024 | 2ae486a1-aa10-41e4-b06f-ad7ffdfe7615 | cache miss; fetching trace from ONE
2026-07-24 16:18:11,872 | INFO | 02_preprocess_pupil | Session 127/721 | FMR024 | 2ae486a1-aa10-41e4-b06f-ad7ffdfe7615 | listing camera datasets
2026-07-24 16:18:13,347 | INFO | 02_preprocess_pupil | Session 127/721 | FMR024 | 2ae486a1-aa10-41e4-b06f-ad7ffdfe7615 | camera dataset listing complete | matches=5
2026-07-24 16:18:13,347 | INFO | 02_preprocess_pupil | Session 127/721 | FMR024 | 2ae486a1-aa10-41e4-b06f-ad7ffdfe7615 | loading DLC dataset alf/_ibl_leftCamera.dlc.pqt
2026-07-24 16:18:13,573 | INFO | 02_preprocess_pupil | Session 127/721 | FMR024 | 2ae486a1-aa10-41e4-b06f-ad7ffdfe7615 | DLC loaded | rows=291617 | columns=33
2026-07-24 16:18:13,573 | INFO | 02_preprocess_pupil | Session 127/721 | FMR024 | 2ae486a1-aa10-41e4-b06f-ad7ffdfe7615 | loading timestamp dataset alf/_ibl_leftCamera.times.npy
2026-07-24 16:18:13,692 | INFO | 02_preprocess_pupil | Session 127/721 | FMR024 | 2ae486a1-aa10-41e4-b06f-ad7ffdfe7615 | timestamps loaded | samples=291617 | duration=1h 20m 57s
2026-07-24 16:18:13,692 | INFO | 02_preprocess_pupil | Session 127/721 | FMR024 | 2ae486a1-aa10-41e4-b06f-ad7ffdfe7615 | thresholding DLC likelihoods
2026-07-24 16:18:13,726 | INFO | 02_preprocess_pupil | Session 127/721 | FMR024 | 2ae486a1-aa10-41e4-b06f-ad7ffdfe7615 | estimating raw pupil diameter
2026-07-24 16:18:13,855 | INFO | 02_preprocess_pupil | Session 127/721 | FMR024 | 2ae486a1-aa10-41e4-b06f-ad7ffdfe7615 | raw pupil diameter ready | samples=291617 | missing=17.2%
2026-07-24 16:18:13,856 | INFO | 02_preprocess_pupil | Session 127/721 | FMR024 | 2ae486a1-aa10-41e4-b06f-ad7ffdfe7615 | smoothing pupil diameter
2026-07-24 16:18:41,266 | INFO | 02_preprocess_pupil | Session 127/721 | FMR024 | 2ae486a1-aa10-41e4-b06f-ad7ffdfe7615 | smoothing complete | missing=2.4%
2026-07-24 16:18:41,266 | INFO | 02_preprocess_pupil | Session 127/721 | FMR024 | 2ae486a1-aa10-41e4-b06f-ad7ffdfe7615 | masking blink and velocity artifacts
2026-07-24 16:18:41,290 | INFO | 02_preprocess_pupil | Session 127/721 | FMR024 | 2ae486a1-aa10-41e4-b06f-ad7ffdfe7615 | trace cleaning complete | cleaned missing=7.9% | artifact fraction=7.9%
2026-07-24 16:18:41,291 | INFO | 02_preprocess_pupil | Session 127/721 | FMR024 | 2ae486a1-aa10-41e4-b06f-ad7ffdfe7615 | writing trace cache 2ae486a1-aa10-41e4-b06f-ad7ffdfe7615.npz
2026-07-24 16:18:41,492 | INFO | 02_preprocess_pupil | Session 127/721 | FMR024 | 2ae486a1-aa10-41e4-b06f-ad7ffdfe7615 | trace cache written | size=5.3 MB
2026-07-24 16:18:41,494 | INFO | 02_preprocess_pupil | Session 127/721 | FMR024 | 2ae486a1-aa10-41e4-b06f-ad7ffdfe7615 | extracting trial-level pupil features
2026-07-24 16:18:41,974 | INFO | 02_preprocess_pupil | Session 127/721 | FMR024 | 2ae486a1-aa10-41e4-b06f-ad7ffdfe7615 | feature extraction complete | stimulus windows valid=64.3% | feedback windows valid=68.3%
2026-07-24 16:18:41,975 | INFO | 02_preprocess_pupil | Session 127/721 complete | status=success | source=one | usable=True | missing=7.9% | session time=30s | cumulative trials=84346/472728 | usable=100 | rejected=8 | failed=19 | elapsed=26m 33s | ETA=2h 04m 11s
2026-07-24 16:18:41,976 | INFO | 02_preprocess_pupil | Session 128/721 | UCLA037 | 2bdf206a-820f-402f-920a-9e86cd5388a4 | trials=580 | expected source=ONE | starting
2026-07-24 16:18:41,976 | INFO | 02_preprocess_pupil | Session 128/721 | UCLA037 | 2bdf206a-820f-402f-920a-9e86cd5388a4 | cache miss; fetching trace from ONE
2026-07-24 16:18:41,976 | INFO | 02_preprocess_pupil | Session 128/721 | UCLA037 | 2bdf206a-820f-402f-920a-9e86cd5388a4 | listing camera datasets
2026-07-24 16:18:44,463 | INFO | 02_preprocess_pupil | Session 128/721 | UCLA037 | 2bdf206a-820f-402f-920a-9e86cd5388a4 | camera dataset listing complete | matches=9
2026-07-24 16:18:44,463 | INFO | 02_preprocess_pupil | Session 128/721 | UCLA037 | 2bdf206a-820f-402f-920a-9e86cd5388a4 | loading DLC dataset alf/_ibl_leftCamera.dlc.pqt
2026-07-24 16:18:44,693 | INFO | 02_preprocess_pupil | Session 128/721 | UCLA037 | 2bdf206a-820f-402f-920a-9e86cd5388a4 | DLC loaded | rows=310034 | columns=33
2026-07-24 16:18:44,693 | INFO | 02_preprocess_pupil | Session 128/721 | UCLA037 | 2bdf206a-820f-402f-920a-9e86cd5388a4 | loading timestamp dataset alf/#2023-04-20#/_ibl_leftCamera.times.npy
2026-07-24 16:18:44,815 | INFO | 02_preprocess_pupil | Session 128/721 | UCLA037 | 2bdf206a-820f-402f-920a-9e86cd5388a4 | timestamps loaded | samples=310034 | duration=1h 24m 48s
2026-07-24 16:18:44,815 | INFO | 02_preprocess_pupil | Session 128/721 | UCLA037 | 2bdf206a-820f-402f-920a-9e86cd5388a4 | thresholding DLC likelihoods
2026-07-24 16:18:44,849 | INFO | 02_preprocess_pupil | Session 128/721 | UCLA037 | 2bdf206a-820f-402f-920a-9e86cd5388a4 | estimating raw pupil diameter
2026-07-24 16:18:44,944 | INFO | 02_preprocess_pupil | Session 128/721 | UCLA037 | 2bdf206a-820f-402f-920a-9e86cd5388a4 | raw pupil diameter ready | samples=310034 | missing=3.4%
2026-07-24 16:18:44,945 | INFO | 02_preprocess_pupil | Session 128/721 | UCLA037 | 2bdf206a-820f-402f-920a-9e86cd5388a4 | smoothing pupil diameter
2026-07-24 16:19:18,786 | INFO | 02_preprocess_pupil | Session 128/721 | UCLA037 | 2bdf206a-820f-402f-920a-9e86cd5388a4 | smoothing complete | missing=0.0%
2026-07-24 16:19:18,786 | INFO | 02_preprocess_pupil | Session 128/721 | UCLA037 | 2bdf206a-820f-402f-920a-9e86cd5388a4 | masking blink and velocity artifacts
2026-07-24 16:19:18,812 | INFO | 02_preprocess_pupil | Session 128/721 | UCLA037 | 2bdf206a-820f-402f-920a-9e86cd5388a4 | trace cleaning complete | cleaned missing=6.1% | artifact fraction=6.1%
2026-07-24 16:19:18,813 | INFO | 02_preprocess_pupil | Session 128/721 | UCLA037 | 2bdf206a-820f-402f-920a-9e86cd5388a4 | writing trace cache 2bdf206a-820f-402f-920a-9e86cd5388a4.npz
2026-07-24 16:19:19,045 | INFO | 02_preprocess_pupil | Session 128/721 | UCLA037 | 2bdf206a-820f-402f-920a-9e86cd5388a4 | trace cache written | size=5.8 MB
2026-07-24 16:19:19,047 | INFO | 02_preprocess_pupil | Session 128/721 | UCLA037 | 2bdf206a-820f-402f-920a-9e86cd5388a4 | extracting trial-level pupil features
2026-07-24 16:19:19,617 | INFO | 02_preprocess_pupil | Session 128/721 | UCLA037 | 2bdf206a-820f-402f-920a-9e86cd5388a4 | feature extraction complete | stimulus windows valid=84.5% | feedback windows valid=87.6%
2026-07-24 16:19:19,617 | INFO | 02_preprocess_pupil | Session 128/721 complete | status=success | source=one | usable=True | missing=6.1% | session time=38s | cumulative trials=84926/472728 | usable=101 | rejected=8 | failed=19 | elapsed=27m 11s | ETA=2h 05m 55s
2026-07-24 16:19:19,618 | INFO | 02_preprocess_pupil | Session 129/721 | ZFM-02181 | 2bfc9363-e976-46bf-b4c4-a0dffff196f3 | trials=757 | expected source=ONE | starting
2026-07-24 16:19:19,619 | INFO | 02_preprocess_pupil | Session 129/721 | ZFM-02181 | 2bfc9363-e976-46bf-b4c4-a0dffff196f3 | cache miss; fetching trace from ONE
2026-07-24 16:19:19,619 | INFO | 02_preprocess_pupil | Session 129/721 | ZFM-02181 | 2bfc9363-e976-46bf-b4c4-a0dffff196f3 | listing camera datasets
2026-07-24 16:19:20,213 | INFO | 02_preprocess_pupil | Session 129/721 | ZFM-02181 | 2bfc9363-e976-46bf-b4c4-a0dffff196f3 | camera dataset listing complete | matches=4
2026-07-24 16:19:20,213 | INFO | 02_preprocess_pupil | Session 129/721 | ZFM-02181 | 2bfc9363-e976-46bf-b4c4-a0dffff196f3 | loading DLC dataset alf/_ibl_leftCamera.dlc.pqt
2026-07-24 16:19:27,159 | INFO | 02_preprocess_pupil | Session 129/721 | ZFM-02181 | 2bfc9363-e976-46bf-b4c4-a0dffff196f3 | DLC loaded | rows=326919 | columns=33
2026-07-24 16:19:27,159 | INFO | 02_preprocess_pupil | Session 129/721 | ZFM-02181 | 2bfc9363-e976-46bf-b4c4-a0dffff196f3 | loading timestamp dataset alf/_ibl_leftCamera.times.npy
2026-07-24 16:19:28,480 | INFO | 02_preprocess_pupil | Session 129/721 | ZFM-02181 | 2bfc9363-e976-46bf-b4c4-a0dffff196f3 | timestamps loaded | samples=326919 | duration=1h 30m 40s
2026-07-24 16:19:28,480 | INFO | 02_preprocess_pupil | Session 129/721 | ZFM-02181 | 2bfc9363-e976-46bf-b4c4-a0dffff196f3 | thresholding DLC likelihoods
2026-07-24 16:19:28,518 | INFO | 02_preprocess_pupil | Session 129/721 | ZFM-02181 | 2bfc9363-e976-46bf-b4c4-a0dffff196f3 | estimating raw pupil diameter
2026-07-24 16:19:28,680 | INFO | 02_preprocess_pupil | Session 129/721 | ZFM-02181 | 2bfc9363-e976-46bf-b4c4-a0dffff196f3 | raw pupil diameter ready | samples=326919 | missing=29.1%
2026-07-24 16:19:28,680 | INFO | 02_preprocess_pupil | Session 129/721 | ZFM-02181 | 2bfc9363-e976-46bf-b4c4-a0dffff196f3 | smoothing pupil diameter
2026-07-24 16:19:54,696 | INFO | 02_preprocess_pupil | Session 129/721 | ZFM-02181 | 2bfc9363-e976-46bf-b4c4-a0dffff196f3 | smoothing complete | missing=0.0%
2026-07-24 16:19:54,696 | INFO | 02_preprocess_pupil | Session 129/721 | ZFM-02181 | 2bfc9363-e976-46bf-b4c4-a0dffff196f3 | masking blink and velocity artifacts
2026-07-24 16:19:54,722 | INFO | 02_preprocess_pupil | Session 129/721 | ZFM-02181 | 2bfc9363-e976-46bf-b4c4-a0dffff196f3 | trace cleaning complete | cleaned missing=11.0% | artifact fraction=11.0%
2026-07-24 16:19:54,723 | INFO | 02_preprocess_pupil | Session 129/721 | ZFM-02181 | 2bfc9363-e976-46bf-b4c4-a0dffff196f3 | writing trace cache 2bfc9363-e976-46bf-b4c4-a0dffff196f3.npz
2026-07-24 16:19:54,927 | INFO | 02_preprocess_pupil | Session 129/721 | ZFM-02181 | 2bfc9363-e976-46bf-b4c4-a0dffff196f3 | trace cache written | size=5.1 MB
2026-07-24 16:19:54,928 | INFO | 02_preprocess_pupil | Session 129/721 | ZFM-02181 | 2bfc9363-e976-46bf-b4c4-a0dffff196f3 | extracting trial-level pupil features
2026-07-24 16:19:55,729 | INFO | 02_preprocess_pupil | Session 129/721 | ZFM-02181 | 2bfc9363-e976-46bf-b4c4-a0dffff196f3 | feature extraction complete | stimulus windows valid=62.5% | feedback windows valid=54.7%
2026-07-24 16:19:55,729 | INFO | 02_preprocess_pupil | Session 129/721 complete | status=success | source=one | usable=True | missing=11.0% | session time=36s | cumulative trials=85683/472728 | usable=102 | rejected=8 | failed=19 | elapsed=27m 47s | ETA=2h 07m 29s
2026-07-24 16:19:55,730 | INFO | 02_preprocess_pupil | Session 130/721 | ZFM-01936 | 2c44a360-5a56-4971-8009-f469fb59de98 | trials=602 | expected source=ONE | starting
2026-07-24 16:19:55,731 | INFO | 02_preprocess_pupil | Session 130/721 | ZFM-01936 | 2c44a360-5a56-4971-8009-f469fb59de98 | cache miss; fetching trace from ONE
2026-07-24 16:19:55,731 | INFO | 02_preprocess_pupil | Session 130/721 | ZFM-01936 | 2c44a360-5a56-4971-8009-f469fb59de98 | listing camera datasets
2026-07-24 16:19:58,038 | INFO | 02_preprocess_pupil | Session 130/721 | ZFM-01936 | 2c44a360-5a56-4971-8009-f469fb59de98 | camera dataset listing complete | matches=8
2026-07-24 16:19:58,038 | INFO | 02_preprocess_pupil | Session 130/721 | ZFM-01936 | 2c44a360-5a56-4971-8009-f469fb59de98 | loading DLC dataset alf/_ibl_leftCamera.dlc.pqt
2026-07-24 16:19:58,223 | INFO | 02_preprocess_pupil | Session 130/721 | ZFM-01936 | 2c44a360-5a56-4971-8009-f469fb59de98 | DLC loaded | rows=247059 | columns=33
2026-07-24 16:19:58,224 | INFO | 02_preprocess_pupil | Session 130/721 | ZFM-01936 | 2c44a360-5a56-4971-8009-f469fb59de98 | loading timestamp dataset alf/_ibl_leftCamera.times.npy
2026-07-24 16:19:58,350 | INFO | 02_preprocess_pupil | Session 130/721 | ZFM-01936 | 2c44a360-5a56-4971-8009-f469fb59de98 | timestamps loaded | samples=247059 | duration=1h 08m 31s
2026-07-24 16:19:58,351 | INFO | 02_preprocess_pupil | Session 130/721 | ZFM-01936 | 2c44a360-5a56-4971-8009-f469fb59de98 | thresholding DLC likelihoods
2026-07-24 16:19:58,397 | INFO | 02_preprocess_pupil | Session 130/721 | ZFM-01936 | 2c44a360-5a56-4971-8009-f469fb59de98 | estimating raw pupil diameter
2026-07-24 16:19:58,477 | INFO | 02_preprocess_pupil | Session 130/721 | ZFM-01936 | 2c44a360-5a56-4971-8009-f469fb59de98 | raw pupil diameter ready | samples=247059 | missing=4.1%
2026-07-24 16:19:58,477 | INFO | 02_preprocess_pupil | Session 130/721 | ZFM-01936 | 2c44a360-5a56-4971-8009-f469fb59de98 | smoothing pupil diameter
2026-07-24 16:20:24,786 | INFO | 02_preprocess_pupil | Session 130/721 | ZFM-01936 | 2c44a360-5a56-4971-8009-f469fb59de98 | smoothing complete | missing=1.4%
2026-07-24 16:20:24,787 | INFO | 02_preprocess_pupil | Session 130/721 | ZFM-01936 | 2c44a360-5a56-4971-8009-f469fb59de98 | masking blink and velocity artifacts
2026-07-24 16:20:24,807 | INFO | 02_preprocess_pupil | Session 130/721 | ZFM-01936 | 2c44a360-5a56-4971-8009-f469fb59de98 | trace cleaning complete | cleaned missing=4.6% | artifact fraction=4.6%
2026-07-24 16:20:24,808 | INFO | 02_preprocess_pupil | Session 130/721 | ZFM-01936 | 2c44a360-5a56-4971-8009-f469fb59de98 | writing trace cache 2c44a360-5a56-4971-8009-f469fb59de98.npz
2026-07-24 16:20:24,989 | INFO | 02_preprocess_pupil | Session 130/721 | ZFM-01936 | 2c44a360-5a56-4971-8009-f469fb59de98 | trace cache written | size=4.7 MB
2026-07-24 16:20:24,991 | INFO | 02_preprocess_pupil | Session 130/721 | ZFM-01936 | 2c44a360-5a56-4971-8009-f469fb59de98 | extracting trial-level pupil features
2026-07-24 16:20:25,470 | INFO | 02_preprocess_pupil | Session 130/721 | ZFM-01936 | 2c44a360-5a56-4971-8009-f469fb59de98 | feature extraction complete | stimulus windows valid=86.5% | feedback windows valid=88.4%
2026-07-24 16:20:25,471 | INFO | 02_preprocess_pupil | Session 130/721 complete | status=success | source=one | usable=True | missing=4.6% | session time=30s | cumulative trials=86285/472728 | usable=103 | rejected=8 | failed=19 | elapsed=28m 17s | ETA=2h 08m 33s
2026-07-24 16:20:25,471 | INFO | 02_preprocess_pupil | Session 131/721 | CSK-im-001 | 2c4a265e-3120-4f2e-b2b4-8341c778e888 | trials=655 | expected source=ONE | starting
2026-07-24 16:20:25,472 | INFO | 02_preprocess_pupil | Session 131/721 | CSK-im-001 | 2c4a265e-3120-4f2e-b2b4-8341c778e888 | cache miss; fetching trace from ONE
2026-07-24 16:20:25,472 | INFO | 02_preprocess_pupil | Session 131/721 | CSK-im-001 | 2c4a265e-3120-4f2e-b2b4-8341c778e888 | listing camera datasets
2026-07-24 16:20:26,267 | INFO | 02_preprocess_pupil | Session 131/721 | CSK-im-001 | 2c4a265e-3120-4f2e-b2b4-8341c778e888 | camera dataset listing complete | matches=4
2026-07-24 16:20:26,267 | INFO | 02_preprocess_pupil | Session 131/721 | CSK-im-001 | 2c4a265e-3120-4f2e-b2b4-8341c778e888 | loading DLC dataset alf/_ibl_leftCamera.dlc.pqt
2026-07-24 16:20:26,449 | INFO | 02_preprocess_pupil | Session 131/721 | CSK-im-001 | 2c4a265e-3120-4f2e-b2b4-8341c778e888 | DLC loaded | rows=249990 | columns=33
2026-07-24 16:20:26,450 | INFO | 02_preprocess_pupil | Session 131/721 | CSK-im-001 | 2c4a265e-3120-4f2e-b2b4-8341c778e888 | loading timestamp dataset alf/_ibl_leftCamera.times.npy
2026-07-24 16:20:26,545 | INFO | 02_preprocess_pupil | Session 131/721 | CSK-im-001 | 2c4a265e-3120-4f2e-b2b4-8341c778e888 | timestamps loaded | samples=249990 | duration=1h 09m 22s
2026-07-24 16:20:26,546 | INFO | 02_preprocess_pupil | Session 131/721 | CSK-im-001 | 2c4a265e-3120-4f2e-b2b4-8341c778e888 | thresholding DLC likelihoods
2026-07-24 16:20:26,581 | INFO | 02_preprocess_pupil | Session 131/721 | CSK-im-001 | 2c4a265e-3120-4f2e-b2b4-8341c778e888 | estimating raw pupil diameter
2026-07-24 16:20:26,779 | INFO | 02_preprocess_pupil | Session 131/721 | CSK-im-001 | 2c4a265e-3120-4f2e-b2b4-8341c778e888 | raw pupil diameter ready | samples=249990 | missing=65.2%
2026-07-24 16:20:26,779 | INFO | 02_preprocess_pupil | Session 131/721 | CSK-im-001 | 2c4a265e-3120-4f2e-b2b4-8341c778e888 | smoothing pupil diameter
2026-07-24 16:20:36,462 | INFO | 02_preprocess_pupil | Session 131/721 | CSK-im-001 | 2c4a265e-3120-4f2e-b2b4-8341c778e888 | smoothing complete | missing=0.0%
2026-07-24 16:20:36,462 | INFO | 02_preprocess_pupil | Session 131/721 | CSK-im-001 | 2c4a265e-3120-4f2e-b2b4-8341c778e888 | masking blink and velocity artifacts
2026-07-24 16:20:36,480 | INFO | 02_preprocess_pupil | Session 131/721 | CSK-im-001 | 2c4a265e-3120-4f2e-b2b4-8341c778e888 | trace cleaning complete | cleaned missing=28.0% | artifact fraction=28.0%
2026-07-24 16:20:36,481 | INFO | 02_preprocess_pupil | Session 131/721 | CSK-im-001 | 2c4a265e-3120-4f2e-b2b4-8341c778e888 | writing trace cache 2c4a265e-3120-4f2e-b2b4-8341c778e888.npz
2026-07-24 16:20:36,627 | INFO | 02_preprocess_pupil | Session 131/721 | CSK-im-001 | 2c4a265e-3120-4f2e-b2b4-8341c778e888 | trace cache written | size=3.3 MB
2026-07-24 16:20:36,629 | INFO | 02_preprocess_pupil | Session 131/721 | CSK-im-001 | 2c4a265e-3120-4f2e-b2b4-8341c778e888 | extracting trial-level pupil features
2026-07-24 16:20:37,164 | INFO | 02_preprocess_pupil | Session 131/721 | CSK-im-001 | 2c4a265e-3120-4f2e-b2b4-8341c778e888 | feature extraction complete | stimulus windows valid=36.6% | feedback windows valid=29.0%
2026-07-24 16:20:37,165 | INFO | 02_preprocess_pupil | Session 131/721 complete | status=success | source=one | usable=True | missing=28.0% | session time=12s | cumulative trials=86940/472728 | usable=104 | rejected=8 | failed=19 | elapsed=28m 28s | ETA=2h 08m 14s
2026-07-24 16:20:37,165 | INFO | 02_preprocess_pupil | Session 132/721 | CSK-im-009 | 2cdac946-3a62-458e-9060-57466f4c6bda | trials=778 | expected source=ONE | starting
2026-07-24 16:20:37,166 | INFO | 02_preprocess_pupil | Session 132/721 | CSK-im-009 | 2cdac946-3a62-458e-9060-57466f4c6bda | cache miss; fetching trace from ONE
2026-07-24 16:20:37,166 | INFO | 02_preprocess_pupil | Session 132/721 | CSK-im-009 | 2cdac946-3a62-458e-9060-57466f4c6bda | listing camera datasets
2026-07-24 16:20:37,951 | INFO | 02_preprocess_pupil | Session 132/721 | CSK-im-009 | 2cdac946-3a62-458e-9060-57466f4c6bda | camera dataset listing complete | matches=4
2026-07-24 16:20:37,951 | INFO | 02_preprocess_pupil | Session 132/721 | CSK-im-009 | 2cdac946-3a62-458e-9060-57466f4c6bda | loading DLC dataset alf/_ibl_leftCamera.dlc.pqt
2026-07-24 16:20:38,151 | INFO | 02_preprocess_pupil | Session 132/721 | CSK-im-009 | 2cdac946-3a62-458e-9060-57466f4c6bda | DLC loaded | rows=288627 | columns=33
2026-07-24 16:20:38,151 | INFO | 02_preprocess_pupil | Session 132/721 | CSK-im-009 | 2cdac946-3a62-458e-9060-57466f4c6bda | loading timestamp dataset alf/_ibl_leftCamera.times.npy
2026-07-24 16:20:38,253 | INFO | 02_preprocess_pupil | Session 132/721 | CSK-im-009 | 2cdac946-3a62-458e-9060-57466f4c6bda | timestamps loaded | samples=288627 | duration=1h 20m 05s
2026-07-24 16:20:38,253 | INFO | 02_preprocess_pupil | Session 132/721 | CSK-im-009 | 2cdac946-3a62-458e-9060-57466f4c6bda | thresholding DLC likelihoods
2026-07-24 16:20:38,293 | INFO | 02_preprocess_pupil | Session 132/721 | CSK-im-009 | 2cdac946-3a62-458e-9060-57466f4c6bda | estimating raw pupil diameter
2026-07-24 16:20:38,536 | INFO | 02_preprocess_pupil | Session 132/721 | CSK-im-009 | 2cdac946-3a62-458e-9060-57466f4c6bda | raw pupil diameter ready | samples=288627 | missing=74.3%
2026-07-24 16:20:38,536 | INFO | 02_preprocess_pupil | Session 132/721 | CSK-im-009 | 2cdac946-3a62-458e-9060-57466f4c6bda | smoothing pupil diameter
2026-07-24 16:20:46,705 | INFO | 02_preprocess_pupil | Session 132/721 | CSK-im-009 | 2cdac946-3a62-458e-9060-57466f4c6bda | smoothing complete | missing=34.6%
2026-07-24 16:20:46,706 | INFO | 02_preprocess_pupil | Session 132/721 | CSK-im-009 | 2cdac946-3a62-458e-9060-57466f4c6bda | masking blink and velocity artifacts
2026-07-24 16:20:46,726 | INFO | 02_preprocess_pupil | Session 132/721 | CSK-im-009 | 2cdac946-3a62-458e-9060-57466f4c6bda | trace cleaning complete | cleaned missing=51.4% | artifact fraction=51.4%
2026-07-24 16:20:46,727 | INFO | 02_preprocess_pupil | Session 132/721 | CSK-im-009 | 2cdac946-3a62-458e-9060-57466f4c6bda | writing trace cache 2cdac946-3a62-458e-9060-57466f4c6bda.npz
2026-07-24 16:20:46,877 | INFO | 02_preprocess_pupil | Session 132/721 | CSK-im-009 | 2cdac946-3a62-458e-9060-57466f4c6bda | trace cache written | size=3.1 MB
2026-07-24 16:20:46,881 | INFO | 02_preprocess_pupil | Session 132/721 | CSK-im-009 | 2cdac946-3a62-458e-9060-57466f4c6bda | trace rejected by cleaned-missingness QC | threshold=30.0%
2026-07-24 16:20:46,881 | INFO | 02_preprocess_pupil | Session 132/721 complete | status=rejected_missingness | source=one | usable=False | missing=51.4% | session time=10s | cumulative trials=87718/472728 | usable=104 | rejected=9 | failed=19 | elapsed=28m 38s | ETA=2h 07m 46s
2026-07-24 16:20:46,882 | INFO | 02_preprocess_pupil | Session 133/721 | CSHL047 | 2d5f6d81-38c4-4bdc-ac3c-302ea4d5f46e | trials=421 | expected source=ONE | starting
2026-07-24 16:20:46,882 | INFO | 02_preprocess_pupil | Session 133/721 | CSHL047 | 2d5f6d81-38c4-4bdc-ac3c-302ea4d5f46e | cache miss; fetching trace from ONE
2026-07-24 16:20:46,882 | INFO | 02_preprocess_pupil | Session 133/721 | CSHL047 | 2d5f6d81-38c4-4bdc-ac3c-302ea4d5f46e | listing camera datasets
2026-07-24 16:20:49,084 | INFO | 02_preprocess_pupil | Session 133/721 | CSHL047 | 2d5f6d81-38c4-4bdc-ac3c-302ea4d5f46e | camera dataset listing complete | matches=8
2026-07-24 16:20:49,084 | INFO | 02_preprocess_pupil | Session 133/721 | CSHL047 | 2d5f6d81-38c4-4bdc-ac3c-302ea4d5f46e | loading DLC dataset alf/_ibl_leftCamera.dlc.pqt
2026-07-24 16:20:49,308 | INFO | 02_preprocess_pupil | Session 133/721 | CSHL047 | 2d5f6d81-38c4-4bdc-ac3c-302ea4d5f46e | DLC loaded | rows=265364 | columns=33
2026-07-24 16:20:49,308 | INFO | 02_preprocess_pupil | Session 133/721 | CSHL047 | 2d5f6d81-38c4-4bdc-ac3c-302ea4d5f46e | loading timestamp dataset alf/#2023-04-20#/_ibl_leftCamera.times.npy
2026-07-24 16:20:49,418 | INFO | 02_preprocess_pupil | Session 133/721 | CSHL047 | 2d5f6d81-38c4-4bdc-ac3c-302ea4d5f46e | timestamps loaded | samples=265364 | duration=1h 13m 38s
2026-07-24 16:20:49,418 | INFO | 02_preprocess_pupil | Session 133/721 | CSHL047 | 2d5f6d81-38c4-4bdc-ac3c-302ea4d5f46e | thresholding DLC likelihoods
2026-07-24 16:20:49,448 | INFO | 02_preprocess_pupil | Session 133/721 | CSHL047 | 2d5f6d81-38c4-4bdc-ac3c-302ea4d5f46e | estimating raw pupil diameter
2026-07-24 16:20:49,554 | INFO | 02_preprocess_pupil | Session 133/721 | CSHL047 | 2d5f6d81-38c4-4bdc-ac3c-302ea4d5f46e | raw pupil diameter ready | samples=265364 | missing=14.0%
2026-07-24 16:20:49,554 | INFO | 02_preprocess_pupil | Session 133/721 | CSHL047 | 2d5f6d81-38c4-4bdc-ac3c-302ea4d5f46e | smoothing pupil diameter
2026-07-24 16:21:14,890 | INFO | 02_preprocess_pupil | Session 133/721 | CSHL047 | 2d5f6d81-38c4-4bdc-ac3c-302ea4d5f46e | smoothing complete | missing=0.6%
2026-07-24 16:21:14,890 | INFO | 02_preprocess_pupil | Session 133/721 | CSHL047 | 2d5f6d81-38c4-4bdc-ac3c-302ea4d5f46e | masking blink and velocity artifacts
2026-07-24 16:21:14,912 | INFO | 02_preprocess_pupil | Session 133/721 | CSHL047 | 2d5f6d81-38c4-4bdc-ac3c-302ea4d5f46e | trace cleaning complete | cleaned missing=3.9% | artifact fraction=3.9%
2026-07-24 16:21:14,912 | INFO | 02_preprocess_pupil | Session 133/721 | CSHL047 | 2d5f6d81-38c4-4bdc-ac3c-302ea4d5f46e | writing trace cache 2d5f6d81-38c4-4bdc-ac3c-302ea4d5f46e.npz
2026-07-24 16:21:15,096 | INFO | 02_preprocess_pupil | Session 133/721 | CSHL047 | 2d5f6d81-38c4-4bdc-ac3c-302ea4d5f46e | trace cache written | size=4.4 MB
2026-07-24 16:21:15,098 | INFO | 02_preprocess_pupil | Session 133/721 | CSHL047 | 2d5f6d81-38c4-4bdc-ac3c-302ea4d5f46e | extracting trial-level pupil features
2026-07-24 16:21:15,454 | INFO | 02_preprocess_pupil | Session 133/721 | CSHL047 | 2d5f6d81-38c4-4bdc-ac3c-302ea4d5f46e | feature extraction complete | stimulus windows valid=92.2% | feedback windows valid=93.6%
2026-07-24 16:21:15,455 | INFO | 02_preprocess_pupil | Session 133/721 complete | status=success | source=one | usable=True | missing=3.9% | session time=29s | cumulative trials=88139/472728 | usable=105 | rejected=9 | failed=19 | elapsed=29m 07s | ETA=2h 08m 42s
2026-07-24 16:21:15,456 | INFO | 02_preprocess_pupil | Session 134/721 | ZFM-05170 | 2d93903c-d02b-4e0d-9218-681f2884598d | trials=682 | expected source=ONE | starting
2026-07-24 16:21:15,456 | INFO | 02_preprocess_pupil | Session 134/721 | ZFM-05170 | 2d93903c-d02b-4e0d-9218-681f2884598d | cache miss; fetching trace from ONE
2026-07-24 16:21:15,456 | INFO | 02_preprocess_pupil | Session 134/721 | ZFM-05170 | 2d93903c-d02b-4e0d-9218-681f2884598d | listing camera datasets
2026-07-24 16:21:16,917 | INFO | 02_preprocess_pupil | Session 134/721 | ZFM-05170 | 2d93903c-d02b-4e0d-9218-681f2884598d | camera dataset listing complete | matches=5
2026-07-24 16:21:16,917 | INFO | 02_preprocess_pupil | Session 134/721 | ZFM-05170 | 2d93903c-d02b-4e0d-9218-681f2884598d | loading DLC dataset alf/_ibl_leftCamera.dlc.pqt
2026-07-24 16:21:17,117 | INFO | 02_preprocess_pupil | Session 134/721 | ZFM-05170 | 2d93903c-d02b-4e0d-9218-681f2884598d | DLC loaded | rows=294195 | columns=33
2026-07-24 16:21:17,117 | INFO | 02_preprocess_pupil | Session 134/721 | ZFM-05170 | 2d93903c-d02b-4e0d-9218-681f2884598d | loading timestamp dataset alf/_ibl_leftCamera.times.npy
2026-07-24 16:21:17,236 | INFO | 02_preprocess_pupil | Session 134/721 | ZFM-05170 | 2d93903c-d02b-4e0d-9218-681f2884598d | timestamps loaded | samples=294195 | duration=1h 21m 34s
2026-07-24 16:21:17,236 | INFO | 02_preprocess_pupil | Session 134/721 | ZFM-05170 | 2d93903c-d02b-4e0d-9218-681f2884598d | thresholding DLC likelihoods
2026-07-24 16:21:17,273 | INFO | 02_preprocess_pupil | Session 134/721 | ZFM-05170 | 2d93903c-d02b-4e0d-9218-681f2884598d | estimating raw pupil diameter
2026-07-24 16:21:17,415 | INFO | 02_preprocess_pupil | Session 134/721 | ZFM-05170 | 2d93903c-d02b-4e0d-9218-681f2884598d | raw pupil diameter ready | samples=294195 | missing=24.3%
2026-07-24 16:21:17,415 | INFO | 02_preprocess_pupil | Session 134/721 | ZFM-05170 | 2d93903c-d02b-4e0d-9218-681f2884598d | smoothing pupil diameter
2026-07-24 16:21:42,183 | INFO | 02_preprocess_pupil | Session 134/721 | ZFM-05170 | 2d93903c-d02b-4e0d-9218-681f2884598d | smoothing complete | missing=3.2%
2026-07-24 16:21:42,183 | INFO | 02_preprocess_pupil | Session 134/721 | ZFM-05170 | 2d93903c-d02b-4e0d-9218-681f2884598d | masking blink and velocity artifacts
2026-07-24 16:21:42,208 | INFO | 02_preprocess_pupil | Session 134/721 | ZFM-05170 | 2d93903c-d02b-4e0d-9218-681f2884598d | trace cleaning complete | cleaned missing=12.3% | artifact fraction=12.3%
2026-07-24 16:21:42,209 | INFO | 02_preprocess_pupil | Session 134/721 | ZFM-05170 | 2d93903c-d02b-4e0d-9218-681f2884598d | writing trace cache 2d93903c-d02b-4e0d-9218-681f2884598d.npz
2026-07-24 16:21:42,409 | INFO | 02_preprocess_pupil | Session 134/721 | ZFM-05170 | 2d93903c-d02b-4e0d-9218-681f2884598d | trace cache written | size=5.1 MB
2026-07-24 16:21:42,411 | INFO | 02_preprocess_pupil | Session 134/721 | ZFM-05170 | 2d93903c-d02b-4e0d-9218-681f2884598d | extracting trial-level pupil features
2026-07-24 16:21:43,026 | INFO | 02_preprocess_pupil | Session 134/721 | ZFM-05170 | 2d93903c-d02b-4e0d-9218-681f2884598d | feature extraction complete | stimulus windows valid=62.5% | feedback windows valid=58.9%
2026-07-24 16:21:43,027 | INFO | 02_preprocess_pupil | Session 134/721 complete | status=success | source=one | usable=True | missing=12.3% | session time=28s | cumulative trials=88821/472728 | usable=106 | rejected=9 | failed=19 | elapsed=29m 34s | ETA=2h 09m 32s
2026-07-24 16:21:43,027 | INFO | 02_preprocess_pupil | Session 135/721 | NR_0024 | 2d9bfc10-59fb-424a-b699-7c42f86c7871 | trials=678 | expected source=ONE | starting
2026-07-24 16:21:43,028 | INFO | 02_preprocess_pupil | Session 135/721 | NR_0024 | 2d9bfc10-59fb-424a-b699-7c42f86c7871 | cache miss; fetching trace from ONE
2026-07-24 16:21:43,028 | INFO | 02_preprocess_pupil | Session 135/721 | NR_0024 | 2d9bfc10-59fb-424a-b699-7c42f86c7871 | listing camera datasets
2026-07-24 16:21:44,664 | INFO | 02_preprocess_pupil | Session 135/721 | NR_0024 | 2d9bfc10-59fb-424a-b699-7c42f86c7871 | camera dataset listing complete | matches=8
2026-07-24 16:21:44,664 | INFO | 02_preprocess_pupil | Session 135/721 | NR_0024 | 2d9bfc10-59fb-424a-b699-7c42f86c7871 | loading DLC dataset alf/_ibl_leftCamera.dlc.pqt
2026-07-24 16:21:44,878 | INFO | 02_preprocess_pupil | Session 135/721 | NR_0024 | 2d9bfc10-59fb-424a-b699-7c42f86c7871 | DLC loaded | rows=300031 | columns=33
2026-07-24 16:21:44,878 | INFO | 02_preprocess_pupil | Session 135/721 | NR_0024 | 2d9bfc10-59fb-424a-b699-7c42f86c7871 | loading timestamp dataset alf/_ibl_leftCamera.times.npy
2026-07-24 16:21:44,981 | INFO | 02_preprocess_pupil | Session 135/721 | NR_0024 | 2d9bfc10-59fb-424a-b699-7c42f86c7871 | timestamps loaded | samples=300031 | duration=1h 23m 17s
2026-07-24 16:21:44,981 | INFO | 02_preprocess_pupil | Session 135/721 | NR_0024 | 2d9bfc10-59fb-424a-b699-7c42f86c7871 | thresholding DLC likelihoods
2026-07-24 16:21:45,021 | INFO | 02_preprocess_pupil | Session 135/721 | NR_0024 | 2d9bfc10-59fb-424a-b699-7c42f86c7871 | estimating raw pupil diameter
2026-07-24 16:21:45,151 | INFO | 02_preprocess_pupil | Session 135/721 | NR_0024 | 2d9bfc10-59fb-424a-b699-7c42f86c7871 | raw pupil diameter ready | samples=300031 | missing=17.9%
2026-07-24 16:21:45,151 | INFO | 02_preprocess_pupil | Session 135/721 | NR_0024 | 2d9bfc10-59fb-424a-b699-7c42f86c7871 | smoothing pupil diameter
2026-07-24 16:22:12,594 | INFO | 02_preprocess_pupil | Session 135/721 | NR_0024 | 2d9bfc10-59fb-424a-b699-7c42f86c7871 | smoothing complete | missing=0.0%
2026-07-24 16:22:12,594 | INFO | 02_preprocess_pupil | Session 135/721 | NR_0024 | 2d9bfc10-59fb-424a-b699-7c42f86c7871 | masking blink and velocity artifacts
2026-07-24 16:22:12,617 | INFO | 02_preprocess_pupil | Session 135/721 | NR_0024 | 2d9bfc10-59fb-424a-b699-7c42f86c7871 | trace cleaning complete | cleaned missing=7.0% | artifact fraction=7.0%
2026-07-24 16:22:12,618 | INFO | 02_preprocess_pupil | Session 135/721 | NR_0024 | 2d9bfc10-59fb-424a-b699-7c42f86c7871 | writing trace cache 2d9bfc10-59fb-424a-b699-7c42f86c7871.npz
2026-07-24 16:22:12,833 | INFO | 02_preprocess_pupil | Session 135/721 | NR_0024 | 2d9bfc10-59fb-424a-b699-7c42f86c7871 | trace cache written | size=5.4 MB
2026-07-24 16:22:12,834 | INFO | 02_preprocess_pupil | Session 135/721 | NR_0024 | 2d9bfc10-59fb-424a-b699-7c42f86c7871 | extracting trial-level pupil features
2026-07-24 16:22:13,486 | INFO | 02_preprocess_pupil | Session 135/721 | NR_0024 | 2d9bfc10-59fb-424a-b699-7c42f86c7871 | feature extraction complete | stimulus windows valid=80.2% | feedback windows valid=85.1%
2026-07-24 16:22:13,486 | INFO | 02_preprocess_pupil | Session 135/721 complete | status=success | source=one | usable=True | missing=7.0% | session time=30s | cumulative trials=89499/472728 | usable=107 | rejected=9 | failed=19 | elapsed=30m 05s | ETA=2h 10m 33s
2026-07-24 16:22:13,487 | INFO | 02_preprocess_pupil | Session 136/721 | FD_24 | 2dda7005-3392-4de5-bd65-f90263d8229f | trials=814 | expected source=ONE | starting
2026-07-24 16:22:13,487 | INFO | 02_preprocess_pupil | Session 136/721 | FD_24 | 2dda7005-3392-4de5-bd65-f90263d8229f | cache miss; fetching trace from ONE
2026-07-24 16:22:13,487 | INFO | 02_preprocess_pupil | Session 136/721 | FD_24 | 2dda7005-3392-4de5-bd65-f90263d8229f | listing camera datasets
2026-07-24 16:22:14,378 | INFO | 02_preprocess_pupil | Session 136/721 | FD_24 | 2dda7005-3392-4de5-bd65-f90263d8229f | camera dataset listing complete | matches=5
2026-07-24 16:22:14,378 | INFO | 02_preprocess_pupil | Session 136/721 | FD_24 | 2dda7005-3392-4de5-bd65-f90263d8229f | loading DLC dataset alf/_ibl_leftCamera.dlc.pqt
2026-07-24 16:22:14,567 | INFO | 02_preprocess_pupil | Session 136/721 | FD_24 | 2dda7005-3392-4de5-bd65-f90263d8229f | DLC loaded | rows=216351 | columns=33
2026-07-24 16:22:14,567 | INFO | 02_preprocess_pupil | Session 136/721 | FD_24 | 2dda7005-3392-4de5-bd65-f90263d8229f | loading timestamp dataset alf/_ibl_leftCamera.times.npy
2026-07-24 16:22:14,664 | INFO | 02_preprocess_pupil | Session 136/721 | FD_24 | 2dda7005-3392-4de5-bd65-f90263d8229f | timestamps loaded | samples=216351 | duration=1h 00m 17s
2026-07-24 16:22:14,664 | INFO | 02_preprocess_pupil | Session 136/721 | FD_24 | 2dda7005-3392-4de5-bd65-f90263d8229f | thresholding DLC likelihoods
2026-07-24 16:22:14,692 | INFO | 02_preprocess_pupil | Session 136/721 | FD_24 | 2dda7005-3392-4de5-bd65-f90263d8229f | estimating raw pupil diameter
2026-07-24 16:22:14,764 | INFO | 02_preprocess_pupil | Session 136/721 | FD_24 | 2dda7005-3392-4de5-bd65-f90263d8229f | raw pupil diameter ready | samples=216351 | missing=5.5%
2026-07-24 16:22:14,764 | INFO | 02_preprocess_pupil | Session 136/721 | FD_24 | 2dda7005-3392-4de5-bd65-f90263d8229f | smoothing pupil diameter
2026-07-24 16:22:37,650 | INFO | 02_preprocess_pupil | Session 136/721 | FD_24 | 2dda7005-3392-4de5-bd65-f90263d8229f | smoothing complete | missing=0.1%
2026-07-24 16:22:37,650 | INFO | 02_preprocess_pupil | Session 136/721 | FD_24 | 2dda7005-3392-4de5-bd65-f90263d8229f | masking blink and velocity artifacts
2026-07-24 16:22:37,669 | INFO | 02_preprocess_pupil | Session 136/721 | FD_24 | 2dda7005-3392-4de5-bd65-f90263d8229f | trace cleaning complete | cleaned missing=7.1% | artifact fraction=7.1%
2026-07-24 16:22:37,670 | INFO | 02_preprocess_pupil | Session 136/721 | FD_24 | 2dda7005-3392-4de5-bd65-f90263d8229f | writing trace cache 2dda7005-3392-4de5-bd65-f90263d8229f.npz
2026-07-24 16:22:37,816 | INFO | 02_preprocess_pupil | Session 136/721 | FD_24 | 2dda7005-3392-4de5-bd65-f90263d8229f | trace cache written | size=3.7 MB
2026-07-24 16:22:37,817 | INFO | 02_preprocess_pupil | Session 136/721 | FD_24 | 2dda7005-3392-4de5-bd65-f90263d8229f | extracting trial-level pupil features
2026-07-24 16:22:38,419 | INFO | 02_preprocess_pupil | Session 136/721 | FD_24 | 2dda7005-3392-4de5-bd65-f90263d8229f | feature extraction complete | stimulus windows valid=71.7% | feedback windows valid=74.4%
2026-07-24 16:22:38,419 | INFO | 02_preprocess_pupil | Session 136/721 complete | status=success | source=one | usable=True | missing=7.1% | session time=25s | cumulative trials=90313/472728 | usable=108 | rejected=9 | failed=19 | elapsed=30m 30s | ETA=2h 11m 10s
2026-07-24 16:22:38,420 | INFO | 02_preprocess_pupil | Session 137/721 | DY_020 | 2e22c1fc-eec6-4856-85a0-7dba8668f646 | trials=567 | expected source=ONE | starting
2026-07-24 16:22:38,421 | INFO | 02_preprocess_pupil | Session 137/721 | DY_020 | 2e22c1fc-eec6-4856-85a0-7dba8668f646 | cache miss; fetching trace from ONE
2026-07-24 16:22:38,421 | INFO | 02_preprocess_pupil | Session 137/721 | DY_020 | 2e22c1fc-eec6-4856-85a0-7dba8668f646 | listing camera datasets
2026-07-24 16:22:40,735 | INFO | 02_preprocess_pupil | Session 137/721 | DY_020 | 2e22c1fc-eec6-4856-85a0-7dba8668f646 | camera dataset listing complete | matches=8
2026-07-24 16:22:40,735 | INFO | 02_preprocess_pupil | Session 137/721 | DY_020 | 2e22c1fc-eec6-4856-85a0-7dba8668f646 | loading DLC dataset alf/_ibl_leftCamera.dlc.pqt
2026-07-24 16:22:40,932 | INFO | 02_preprocess_pupil | Session 137/721 | DY_020 | 2e22c1fc-eec6-4856-85a0-7dba8668f646 | DLC loaded | rows=262350 | columns=33
2026-07-24 16:22:40,932 | INFO | 02_preprocess_pupil | Session 137/721 | DY_020 | 2e22c1fc-eec6-4856-85a0-7dba8668f646 | loading timestamp dataset alf/_ibl_leftCamera.times.npy
2026-07-24 16:22:41,059 | INFO | 02_preprocess_pupil | Session 137/721 | DY_020 | 2e22c1fc-eec6-4856-85a0-7dba8668f646 | timestamps loaded | samples=262350 | duration=1h 12m 48s
2026-07-24 16:22:41,059 | INFO | 02_preprocess_pupil | Session 137/721 | DY_020 | 2e22c1fc-eec6-4856-85a0-7dba8668f646 | thresholding DLC likelihoods
2026-07-24 16:22:41,089 | INFO | 02_preprocess_pupil | Session 137/721 | DY_020 | 2e22c1fc-eec6-4856-85a0-7dba8668f646 | estimating raw pupil diameter
2026-07-24 16:22:41,184 | INFO | 02_preprocess_pupil | Session 137/721 | DY_020 | 2e22c1fc-eec6-4856-85a0-7dba8668f646 | raw pupil diameter ready | samples=262350 | missing=9.0%
2026-07-24 16:22:41,184 | INFO | 02_preprocess_pupil | Session 137/721 | DY_020 | 2e22c1fc-eec6-4856-85a0-7dba8668f646 | smoothing pupil diameter
2026-07-24 16:23:07,934 | INFO | 02_preprocess_pupil | Session 137/721 | DY_020 | 2e22c1fc-eec6-4856-85a0-7dba8668f646 | smoothing complete | missing=1.7%
2026-07-24 16:23:07,935 | INFO | 02_preprocess_pupil | Session 137/721 | DY_020 | 2e22c1fc-eec6-4856-85a0-7dba8668f646 | masking blink and velocity artifacts
2026-07-24 16:23:07,956 | INFO | 02_preprocess_pupil | Session 137/721 | DY_020 | 2e22c1fc-eec6-4856-85a0-7dba8668f646 | trace cleaning complete | cleaned missing=10.2% | artifact fraction=10.2%
2026-07-24 16:23:07,957 | INFO | 02_preprocess_pupil | Session 137/721 | DY_020 | 2e22c1fc-eec6-4856-85a0-7dba8668f646 | writing trace cache 2e22c1fc-eec6-4856-85a0-7dba8668f646.npz
2026-07-24 16:23:08,146 | INFO | 02_preprocess_pupil | Session 137/721 | DY_020 | 2e22c1fc-eec6-4856-85a0-7dba8668f646 | trace cache written | size=4.8 MB
2026-07-24 16:23:08,147 | INFO | 02_preprocess_pupil | Session 137/721 | DY_020 | 2e22c1fc-eec6-4856-85a0-7dba8668f646 | extracting trial-level pupil features
2026-07-24 16:23:08,652 | INFO | 02_preprocess_pupil | Session 137/721 | DY_020 | 2e22c1fc-eec6-4856-85a0-7dba8668f646 | feature extraction complete | stimulus windows valid=76.5% | feedback windows valid=71.3%
2026-07-24 16:23:08,652 | INFO | 02_preprocess_pupil | Session 137/721 complete | status=success | source=one | usable=True | missing=10.2% | session time=30s | cumulative trials=90880/472728 | usable=109 | rejected=9 | failed=19 | elapsed=31m 00s | ETA=2h 12m 08s
2026-07-24 16:23:08,653 | INFO | 02_preprocess_pupil | Session 138/721 | CSHL060 | 2e6e179c-fccc-4e8f-9448-ce5b6858a183 | trials=553 | expected source=ONE | starting
2026-07-24 16:23:08,653 | INFO | 02_preprocess_pupil | Session 138/721 | CSHL060 | 2e6e179c-fccc-4e8f-9448-ce5b6858a183 | cache miss; fetching trace from ONE
2026-07-24 16:23:08,654 | INFO | 02_preprocess_pupil | Session 138/721 | CSHL060 | 2e6e179c-fccc-4e8f-9448-ce5b6858a183 | listing camera datasets
2026-07-24 16:23:10,804 | INFO | 02_preprocess_pupil | Session 138/721 | CSHL060 | 2e6e179c-fccc-4e8f-9448-ce5b6858a183 | camera dataset listing complete | matches=8
2026-07-24 16:23:10,804 | INFO | 02_preprocess_pupil | Session 138/721 | CSHL060 | 2e6e179c-fccc-4e8f-9448-ce5b6858a183 | loading DLC dataset alf/_ibl_leftCamera.dlc.pqt
2026-07-24 16:23:17,688 | INFO | 02_preprocess_pupil | Session 138/721 | CSHL060 | 2e6e179c-fccc-4e8f-9448-ce5b6858a183 | DLC loaded | rows=343623 | columns=33
2026-07-24 16:23:17,688 | INFO | 02_preprocess_pupil | Session 138/721 | CSHL060 | 2e6e179c-fccc-4e8f-9448-ce5b6858a183 | loading timestamp dataset alf/#2023-04-20#/_ibl_leftCamera.times.npy
2026-07-24 16:23:19,123 | INFO | 02_preprocess_pupil | Session 138/721 | CSHL060 | 2e6e179c-fccc-4e8f-9448-ce5b6858a183 | timestamps loaded | samples=343623 | duration=1h 35m 23s
2026-07-24 16:23:19,123 | INFO | 02_preprocess_pupil | Session 138/721 | CSHL060 | 2e6e179c-fccc-4e8f-9448-ce5b6858a183 | thresholding DLC likelihoods
2026-07-24 16:23:19,156 | INFO | 02_preprocess_pupil | Session 138/721 | CSHL060 | 2e6e179c-fccc-4e8f-9448-ce5b6858a183 | estimating raw pupil diameter
2026-07-24 16:23:19,267 | INFO | 02_preprocess_pupil | Session 138/721 | CSHL060 | 2e6e179c-fccc-4e8f-9448-ce5b6858a183 | raw pupil diameter ready | samples=343623 | missing=4.0%
2026-07-24 16:23:19,267 | INFO | 02_preprocess_pupil | Session 138/721 | CSHL060 | 2e6e179c-fccc-4e8f-9448-ce5b6858a183 | smoothing pupil diameter
2026-07-24 16:23:56,161 | INFO | 02_preprocess_pupil | Session 138/721 | CSHL060 | 2e6e179c-fccc-4e8f-9448-ce5b6858a183 | smoothing complete | missing=0.3%
2026-07-24 16:23:56,161 | INFO | 02_preprocess_pupil | Session 138/721 | CSHL060 | 2e6e179c-fccc-4e8f-9448-ce5b6858a183 | masking blink and velocity artifacts
2026-07-24 16:23:56,188 | INFO | 02_preprocess_pupil | Session 138/721 | CSHL060 | 2e6e179c-fccc-4e8f-9448-ce5b6858a183 | trace cleaning complete | cleaned missing=6.8% | artifact fraction=6.8%
2026-07-24 16:23:56,189 | INFO | 02_preprocess_pupil | Session 138/721 | CSHL060 | 2e6e179c-fccc-4e8f-9448-ce5b6858a183 | writing trace cache 2e6e179c-fccc-4e8f-9448-ce5b6858a183.npz
2026-07-24 16:23:56,432 | INFO | 02_preprocess_pupil | Session 138/721 | CSHL060 | 2e6e179c-fccc-4e8f-9448-ce5b6858a183 | trace cache written | size=6.0 MB
2026-07-24 16:23:56,434 | INFO | 02_preprocess_pupil | Session 138/721 | CSHL060 | 2e6e179c-fccc-4e8f-9448-ce5b6858a183 | extracting trial-level pupil features
2026-07-24 16:23:57,025 | INFO | 02_preprocess_pupil | Session 138/721 | CSHL060 | 2e6e179c-fccc-4e8f-9448-ce5b6858a183 | feature extraction complete | stimulus windows valid=58.4% | feedback windows valid=67.1%
2026-07-24 16:23:57,026 | INFO | 02_preprocess_pupil | Session 138/721 complete | status=success | source=one | usable=True | missing=6.8% | session time=48s | cumulative trials=91433/472728 | usable=110 | rejected=9 | failed=19 | elapsed=31m 48s | ETA=2h 14m 21s
2026-07-24 16:23:57,026 | INFO | 02_preprocess_pupil | Session 139/721 | FMR027 | 2ec0e91c-4728-438a-9c6c-b40fcf05f292 | trials=482 | expected source=ONE | starting
2026-07-24 16:23:57,027 | INFO | 02_preprocess_pupil | Session 139/721 | FMR027 | 2ec0e91c-4728-438a-9c6c-b40fcf05f292 | cache miss; fetching trace from ONE
2026-07-24 16:23:57,027 | INFO | 02_preprocess_pupil | Session 139/721 | FMR027 | 2ec0e91c-4728-438a-9c6c-b40fcf05f292 | listing camera datasets
2026-07-24 16:23:58,925 | INFO | 02_preprocess_pupil | Session 139/721 | FMR027 | 2ec0e91c-4728-438a-9c6c-b40fcf05f292 | camera dataset listing complete | matches=4
2026-07-24 16:23:58,926 | INFO | 02_preprocess_pupil | Session 139/721 | FMR027 | 2ec0e91c-4728-438a-9c6c-b40fcf05f292 | loading DLC dataset alf/_ibl_leftCamera.dlc.pqt
2026-07-24 16:23:59,140 | INFO | 02_preprocess_pupil | Session 139/721 | FMR027 | 2ec0e91c-4728-438a-9c6c-b40fcf05f292 | DLC loaded | rows=334398 | columns=33
2026-07-24 16:23:59,140 | INFO | 02_preprocess_pupil | Session 139/721 | FMR027 | 2ec0e91c-4728-438a-9c6c-b40fcf05f292 | loading timestamp dataset alf/_ibl_leftCamera.times.npy
2026-07-24 16:23:59,272 | INFO | 02_preprocess_pupil | Session 139/721 | FMR027 | 2ec0e91c-4728-438a-9c6c-b40fcf05f292 | timestamps loaded | samples=334398 | duration=1h 32m 49s
2026-07-24 16:23:59,272 | INFO | 02_preprocess_pupil | Session 139/721 | FMR027 | 2ec0e91c-4728-438a-9c6c-b40fcf05f292 | thresholding DLC likelihoods
2026-07-24 16:23:59,311 | INFO | 02_preprocess_pupil | Session 139/721 | FMR027 | 2ec0e91c-4728-438a-9c6c-b40fcf05f292 | estimating raw pupil diameter
2026-07-24 16:23:59,479 | INFO | 02_preprocess_pupil | Session 139/721 | FMR027 | 2ec0e91c-4728-438a-9c6c-b40fcf05f292 | raw pupil diameter ready | samples=334398 | missing=23.5%
2026-07-24 16:23:59,479 | INFO | 02_preprocess_pupil | Session 139/721 | FMR027 | 2ec0e91c-4728-438a-9c6c-b40fcf05f292 | smoothing pupil diameter
2026-07-24 16:24:28,035 | INFO | 02_preprocess_pupil | Session 139/721 | FMR027 | 2ec0e91c-4728-438a-9c6c-b40fcf05f292 | smoothing complete | missing=0.0%
2026-07-24 16:24:28,035 | INFO | 02_preprocess_pupil | Session 139/721 | FMR027 | 2ec0e91c-4728-438a-9c6c-b40fcf05f292 | masking blink and velocity artifacts
2026-07-24 16:24:28,062 | INFO | 02_preprocess_pupil | Session 139/721 | FMR027 | 2ec0e91c-4728-438a-9c6c-b40fcf05f292 | trace cleaning complete | cleaned missing=12.0% | artifact fraction=12.0%
2026-07-24 16:24:28,063 | INFO | 02_preprocess_pupil | Session 139/721 | FMR027 | 2ec0e91c-4728-438a-9c6c-b40fcf05f292 | writing trace cache 2ec0e91c-4728-438a-9c6c-b40fcf05f292.npz
2026-07-24 16:24:28,292 | INFO | 02_preprocess_pupil | Session 139/721 | FMR027 | 2ec0e91c-4728-438a-9c6c-b40fcf05f292 | trace cache written | size=5.8 MB
2026-07-24 16:24:28,294 | INFO | 02_preprocess_pupil | Session 139/721 | FMR027 | 2ec0e91c-4728-438a-9c6c-b40fcf05f292 | extracting trial-level pupil features
2026-07-24 16:24:28,816 | INFO | 02_preprocess_pupil | Session 139/721 | FMR027 | 2ec0e91c-4728-438a-9c6c-b40fcf05f292 | feature extraction complete | stimulus windows valid=71.4% | feedback windows valid=55.2%
2026-07-24 16:24:28,817 | INFO | 02_preprocess_pupil | Session 139/721 complete | status=success | source=one | usable=True | missing=12.0% | session time=32s | cumulative trials=91915/472728 | usable=111 | rejected=9 | failed=19 | elapsed=32m 20s | ETA=2h 15m 23s
2026-07-24 16:24:28,817 | INFO | 02_preprocess_pupil | Session 140/721 | ZFM-04811 | 2ec37e95-4266-45ac-8a42-a1b2d5bc8b7e | trials=402 | expected source=ONE | starting
2026-07-24 16:24:28,818 | INFO | 02_preprocess_pupil | Session 140/721 | ZFM-04811 | 2ec37e95-4266-45ac-8a42-a1b2d5bc8b7e | cache miss; fetching trace from ONE
2026-07-24 16:24:28,818 | INFO | 02_preprocess_pupil | Session 140/721 | ZFM-04811 | 2ec37e95-4266-45ac-8a42-a1b2d5bc8b7e | listing camera datasets
2026-07-24 16:24:30,262 | INFO | 02_preprocess_pupil | Session 140/721 | ZFM-04811 | 2ec37e95-4266-45ac-8a42-a1b2d5bc8b7e | camera dataset listing complete | matches=4
2026-07-24 16:24:30,262 | INFO | 02_preprocess_pupil | Session 140/721 | ZFM-04811 | 2ec37e95-4266-45ac-8a42-a1b2d5bc8b7e | loading DLC dataset alf/_ibl_leftCamera.dlc.pqt
2026-07-24 16:24:30,434 | INFO | 02_preprocess_pupil | Session 140/721 | ZFM-04811 | 2ec37e95-4266-45ac-8a42-a1b2d5bc8b7e | DLC loaded | rows=144833 | columns=33
2026-07-24 16:24:30,435 | INFO | 02_preprocess_pupil | Session 140/721 | ZFM-04811 | 2ec37e95-4266-45ac-8a42-a1b2d5bc8b7e | loading timestamp dataset alf/_ibl_leftCamera.times.npy
2026-07-24 16:24:30,539 | INFO | 02_preprocess_pupil | Session 140/721 | ZFM-04811 | 2ec37e95-4266-45ac-8a42-a1b2d5bc8b7e | timestamps loaded | samples=144833 | duration=40m 09s
2026-07-24 16:24:30,540 | INFO | 02_preprocess_pupil | Session 140/721 | ZFM-04811 | 2ec37e95-4266-45ac-8a42-a1b2d5bc8b7e | thresholding DLC likelihoods
2026-07-24 16:24:30,561 | INFO | 02_preprocess_pupil | Session 140/721 | ZFM-04811 | 2ec37e95-4266-45ac-8a42-a1b2d5bc8b7e | estimating raw pupil diameter
2026-07-24 16:24:30,616 | INFO | 02_preprocess_pupil | Session 140/721 | ZFM-04811 | 2ec37e95-4266-45ac-8a42-a1b2d5bc8b7e | raw pupil diameter ready | samples=144833 | missing=11.5%
2026-07-24 16:24:30,616 | INFO | 02_preprocess_pupil | Session 140/721 | ZFM-04811 | 2ec37e95-4266-45ac-8a42-a1b2d5bc8b7e | smoothing pupil diameter
2026-07-24 16:24:44,910 | INFO | 02_preprocess_pupil | Session 140/721 | ZFM-04811 | 2ec37e95-4266-45ac-8a42-a1b2d5bc8b7e | smoothing complete | missing=3.1%
2026-07-24 16:24:44,910 | INFO | 02_preprocess_pupil | Session 140/721 | ZFM-04811 | 2ec37e95-4266-45ac-8a42-a1b2d5bc8b7e | masking blink and velocity artifacts
2026-07-24 16:24:44,921 | INFO | 02_preprocess_pupil | Session 140/721 | ZFM-04811 | 2ec37e95-4266-45ac-8a42-a1b2d5bc8b7e | trace cleaning complete | cleaned missing=13.5% | artifact fraction=13.5%
2026-07-24 16:24:44,922 | INFO | 02_preprocess_pupil | Session 140/721 | ZFM-04811 | 2ec37e95-4266-45ac-8a42-a1b2d5bc8b7e | writing trace cache 2ec37e95-4266-45ac-8a42-a1b2d5bc8b7e.npz
2026-07-24 16:24:45,018 | INFO | 02_preprocess_pupil | Session 140/721 | ZFM-04811 | 2ec37e95-4266-45ac-8a42-a1b2d5bc8b7e | trace cache written | size=2.6 MB
2026-07-24 16:24:45,019 | INFO | 02_preprocess_pupil | Session 140/721 | ZFM-04811 | 2ec37e95-4266-45ac-8a42-a1b2d5bc8b7e | extracting trial-level pupil features
2026-07-24 16:24:45,220 | INFO | 02_preprocess_pupil | Session 140/721 | ZFM-04811 | 2ec37e95-4266-45ac-8a42-a1b2d5bc8b7e | feature extraction complete | stimulus windows valid=65.9% | feedback windows valid=63.7%
2026-07-24 16:24:45,220 | INFO | 02_preprocess_pupil | Session 140/721 complete | status=success | source=one | usable=True | missing=13.5% | session time=16s | cumulative trials=92317/472728 | usable=112 | rejected=9 | failed=19 | elapsed=32m 36s | ETA=2h 15m 19s
2026-07-24 16:24:45,221 | INFO | 02_preprocess_pupil | Session 141/721 | DY_013 | 2f63c555-eb74-4d8d-ada5-5c3ecf3b46be | trials=407 | expected source=ONE | starting
2026-07-24 16:24:45,222 | INFO | 02_preprocess_pupil | Session 141/721 | DY_013 | 2f63c555-eb74-4d8d-ada5-5c3ecf3b46be | cache miss; fetching trace from ONE
2026-07-24 16:24:45,222 | INFO | 02_preprocess_pupil | Session 141/721 | DY_013 | 2f63c555-eb74-4d8d-ada5-5c3ecf3b46be | listing camera datasets
2026-07-24 16:24:46,830 | INFO | 02_preprocess_pupil | Session 141/721 | DY_013 | 2f63c555-eb74-4d8d-ada5-5c3ecf3b46be | camera dataset listing complete | matches=8
2026-07-24 16:24:46,831 | INFO | 02_preprocess_pupil | Session 141/721 | DY_013 | 2f63c555-eb74-4d8d-ada5-5c3ecf3b46be | loading DLC dataset alf/_ibl_leftCamera.dlc.pqt
2026-07-24 16:24:47,022 | INFO | 02_preprocess_pupil | Session 141/721 | DY_013 | 2f63c555-eb74-4d8d-ada5-5c3ecf3b46be | DLC loaded | rows=286865 | columns=33
2026-07-24 16:24:47,022 | INFO | 02_preprocess_pupil | Session 141/721 | DY_013 | 2f63c555-eb74-4d8d-ada5-5c3ecf3b46be | loading timestamp dataset alf/#2023-04-20#/_ibl_leftCamera.times.npy
2026-07-24 16:24:47,126 | INFO | 02_preprocess_pupil | Session 141/721 | DY_013 | 2f63c555-eb74-4d8d-ada5-5c3ecf3b46be | timestamps loaded | samples=286865 | duration=1h 19m 36s
2026-07-24 16:24:47,126 | INFO | 02_preprocess_pupil | Session 141/721 | DY_013 | 2f63c555-eb74-4d8d-ada5-5c3ecf3b46be | thresholding DLC likelihoods
2026-07-24 16:24:47,160 | INFO | 02_preprocess_pupil | Session 141/721 | DY_013 | 2f63c555-eb74-4d8d-ada5-5c3ecf3b46be | estimating raw pupil diameter
2026-07-24 16:24:47,241 | INFO | 02_preprocess_pupil | Session 141/721 | DY_013 | 2f63c555-eb74-4d8d-ada5-5c3ecf3b46be | raw pupil diameter ready | samples=286865 | missing=0.1%
2026-07-24 16:24:47,241 | INFO | 02_preprocess_pupil | Session 141/721 | DY_013 | 2f63c555-eb74-4d8d-ada5-5c3ecf3b46be | smoothing pupil diameter
2026-07-24 16:25:19,732 | INFO | 02_preprocess_pupil | Session 141/721 | DY_013 | 2f63c555-eb74-4d8d-ada5-5c3ecf3b46be | smoothing complete | missing=0.0%
2026-07-24 16:25:19,732 | INFO | 02_preprocess_pupil | Session 141/721 | DY_013 | 2f63c555-eb74-4d8d-ada5-5c3ecf3b46be | masking blink and velocity artifacts
2026-07-24 16:25:19,756 | INFO | 02_preprocess_pupil | Session 141/721 | DY_013 | 2f63c555-eb74-4d8d-ada5-5c3ecf3b46be | trace cleaning complete | cleaned missing=2.9% | artifact fraction=2.9%
2026-07-24 16:25:19,756 | INFO | 02_preprocess_pupil | Session 141/721 | DY_013 | 2f63c555-eb74-4d8d-ada5-5c3ecf3b46be | writing trace cache 2f63c555-eb74-4d8d-ada5-5c3ecf3b46be.npz
2026-07-24 16:25:19,977 | INFO | 02_preprocess_pupil | Session 141/721 | DY_013 | 2f63c555-eb74-4d8d-ada5-5c3ecf3b46be | trace cache written | size=5.6 MB
2026-07-24 16:25:19,979 | INFO | 02_preprocess_pupil | Session 141/721 | DY_013 | 2f63c555-eb74-4d8d-ada5-5c3ecf3b46be | extracting trial-level pupil features
2026-07-24 16:25:20,421 | INFO | 02_preprocess_pupil | Session 141/721 | DY_013 | 2f63c555-eb74-4d8d-ada5-5c3ecf3b46be | feature extraction complete | stimulus windows valid=85.0% | feedback windows valid=88.9%
2026-07-24 16:25:20,422 | INFO | 02_preprocess_pupil | Session 141/721 complete | status=success | source=one | usable=True | missing=2.9% | session time=35s | cumulative trials=92724/472728 | usable=113 | rejected=9 | failed=19 | elapsed=33m 12s | ETA=2h 16m 32s
2026-07-24 16:25:20,422 | INFO | 02_preprocess_pupil | Session 142/721 | CSP013 | 2f6c3c1b-818e-4d82-8127-ee58b9e3f02a | trials=841 | expected source=ONE | starting
2026-07-24 16:25:20,423 | INFO | 02_preprocess_pupil | Session 142/721 | CSP013 | 2f6c3c1b-818e-4d82-8127-ee58b9e3f02a | cache miss; fetching trace from ONE
2026-07-24 16:25:20,423 | INFO | 02_preprocess_pupil | Session 142/721 | CSP013 | 2f6c3c1b-818e-4d82-8127-ee58b9e3f02a | listing camera datasets
2026-07-24 16:25:21,817 | INFO | 02_preprocess_pupil | Session 142/721 | CSP013 | 2f6c3c1b-818e-4d82-8127-ee58b9e3f02a | camera dataset listing complete | matches=4
2026-07-24 16:25:21,817 | INFO | 02_preprocess_pupil | Session 142/721 | CSP013 | 2f6c3c1b-818e-4d82-8127-ee58b9e3f02a | loading DLC dataset alf/_ibl_leftCamera.dlc.pqt
2026-07-24 16:25:22,061 | INFO | 02_preprocess_pupil | Session 142/721 | CSP013 | 2f6c3c1b-818e-4d82-8127-ee58b9e3f02a | DLC loaded | rows=340256 | columns=33
2026-07-24 16:25:22,061 | INFO | 02_preprocess_pupil | Session 142/721 | CSP013 | 2f6c3c1b-818e-4d82-8127-ee58b9e3f02a | loading timestamp dataset alf/_ibl_leftCamera.times.npy
2026-07-24 16:25:22,194 | INFO | 02_preprocess_pupil | Session 142/721 | CSP013 | 2f6c3c1b-818e-4d82-8127-ee58b9e3f02a | timestamps loaded | samples=340256 | duration=1h 34m 25s
2026-07-24 16:25:22,194 | INFO | 02_preprocess_pupil | Session 142/721 | CSP013 | 2f6c3c1b-818e-4d82-8127-ee58b9e3f02a | thresholding DLC likelihoods
2026-07-24 16:25:22,260 | INFO | 02_preprocess_pupil | Session 142/721 | CSP013 | 2f6c3c1b-818e-4d82-8127-ee58b9e3f02a | estimating raw pupil diameter
2026-07-24 16:25:22,597 | INFO | 02_preprocess_pupil | Session 142/721 | CSP013 | 2f6c3c1b-818e-4d82-8127-ee58b9e3f02a | raw pupil diameter ready | samples=340256 | missing=93.1%
2026-07-24 16:25:22,597 | INFO | 02_preprocess_pupil | Session 142/721 | CSP013 | 2f6c3c1b-818e-4d82-8127-ee58b9e3f02a | smoothing pupil diameter
2026-07-24 16:25:22,598 | WARNING | 02_preprocess_pupil | Session 142/721 failed | subject=CSP013 | eid=2f6c3c1b-818e-4d82-8127-ee58b9e3f02a | session elapsed=2s | error=ValueError: Raw pupil diameter for left is too often NaN, cannot smooth.
2026-07-24 16:25:22,601 | INFO | 02_preprocess_pupil | Session 142/721 complete | status=failed | source=none | usable=False | missing=n/a | session time=2s | cumulative trials=93565/472728 | usable=113 | rejected=9 | failed=20 | elapsed=33m 14s | ETA=2h 15m 29s
2026-07-24 16:25:22,601 | INFO | 02_preprocess_pupil | Session 143/721 | CSP028 | 303b4a2c-46b0-4042-91e7-6ec609dea0b3 | trials=608 | expected source=ONE | starting
2026-07-24 16:25:22,602 | INFO | 02_preprocess_pupil | Session 143/721 | CSP028 | 303b4a2c-46b0-4042-91e7-6ec609dea0b3 | cache miss; fetching trace from ONE
2026-07-24 16:25:22,602 | INFO | 02_preprocess_pupil | Session 143/721 | CSP028 | 303b4a2c-46b0-4042-91e7-6ec609dea0b3 | listing camera datasets
2026-07-24 16:25:24,038 | INFO | 02_preprocess_pupil | Session 143/721 | CSP028 | 303b4a2c-46b0-4042-91e7-6ec609dea0b3 | camera dataset listing complete | matches=5
2026-07-24 16:25:24,038 | INFO | 02_preprocess_pupil | Session 143/721 | CSP028 | 303b4a2c-46b0-4042-91e7-6ec609dea0b3 | loading DLC dataset alf/_ibl_leftCamera.dlc.pqt
2026-07-24 16:25:24,246 | INFO | 02_preprocess_pupil | Session 143/721 | CSP028 | 303b4a2c-46b0-4042-91e7-6ec609dea0b3 | DLC loaded | rows=329564 | columns=33
2026-07-24 16:25:24,247 | INFO | 02_preprocess_pupil | Session 143/721 | CSP028 | 303b4a2c-46b0-4042-91e7-6ec609dea0b3 | loading timestamp dataset alf/_ibl_leftCamera.times.npy
2026-07-24 16:25:24,356 | INFO | 02_preprocess_pupil | Session 143/721 | CSP028 | 303b4a2c-46b0-4042-91e7-6ec609dea0b3 | timestamps loaded | samples=329564 | duration=1h 31m 29s
2026-07-24 16:25:24,357 | INFO | 02_preprocess_pupil | Session 143/721 | CSP028 | 303b4a2c-46b0-4042-91e7-6ec609dea0b3 | thresholding DLC likelihoods
2026-07-24 16:25:24,398 | INFO | 02_preprocess_pupil | Session 143/721 | CSP028 | 303b4a2c-46b0-4042-91e7-6ec609dea0b3 | estimating raw pupil diameter
2026-07-24 16:25:24,520 | INFO | 02_preprocess_pupil | Session 143/721 | CSP028 | 303b4a2c-46b0-4042-91e7-6ec609dea0b3 | raw pupil diameter ready | samples=329564 | missing=6.9%
2026-07-24 16:25:24,521 | INFO | 02_preprocess_pupil | Session 143/721 | CSP028 | 303b4a2c-46b0-4042-91e7-6ec609dea0b3 | smoothing pupil diameter
2026-07-24 16:25:58,791 | INFO | 02_preprocess_pupil | Session 143/721 | CSP028 | 303b4a2c-46b0-4042-91e7-6ec609dea0b3 | smoothing complete | missing=0.0%
2026-07-24 16:25:58,792 | INFO | 02_preprocess_pupil | Session 143/721 | CSP028 | 303b4a2c-46b0-4042-91e7-6ec609dea0b3 | masking blink and velocity artifacts
2026-07-24 16:25:58,820 | INFO | 02_preprocess_pupil | Session 143/721 | CSP028 | 303b4a2c-46b0-4042-91e7-6ec609dea0b3 | trace cleaning complete | cleaned missing=6.8% | artifact fraction=6.8%
2026-07-24 16:25:58,821 | INFO | 02_preprocess_pupil | Session 143/721 | CSP028 | 303b4a2c-46b0-4042-91e7-6ec609dea0b3 | writing trace cache 303b4a2c-46b0-4042-91e7-6ec609dea0b3.npz
2026-07-24 16:25:59,062 | INFO | 02_preprocess_pupil | Session 143/721 | CSP028 | 303b4a2c-46b0-4042-91e7-6ec609dea0b3 | trace cache written | size=6.1 MB
2026-07-24 16:25:59,064 | INFO | 02_preprocess_pupil | Session 143/721 | CSP028 | 303b4a2c-46b0-4042-91e7-6ec609dea0b3 | extracting trial-level pupil features
2026-07-24 16:25:59,699 | INFO | 02_preprocess_pupil | Session 143/721 | CSP028 | 303b4a2c-46b0-4042-91e7-6ec609dea0b3 | feature extraction complete | stimulus windows valid=81.4% | feedback windows valid=79.6%
2026-07-24 16:25:59,700 | INFO | 02_preprocess_pupil | Session 143/721 complete | status=success | source=one | usable=True | missing=6.8% | session time=37s | cumulative trials=94173/472728 | usable=114 | rejected=9 | failed=20 | elapsed=33m 51s | ETA=2h 16m 49s
2026-07-24 16:25:59,700 | INFO | 02_preprocess_pupil | Session 144/721 | ZFM-02370 | 30c4e2ab-dffc-499d-aae4-e51d6b3218c2 | trials=841 | expected source=ONE | starting
2026-07-24 16:25:59,701 | INFO | 02_preprocess_pupil | Session 144/721 | ZFM-02370 | 30c4e2ab-dffc-499d-aae4-e51d6b3218c2 | cache miss; fetching trace from ONE
2026-07-24 16:25:59,701 | INFO | 02_preprocess_pupil | Session 144/721 | ZFM-02370 | 30c4e2ab-dffc-499d-aae4-e51d6b3218c2 | listing camera datasets
2026-07-24 16:26:01,429 | INFO | 02_preprocess_pupil | Session 144/721 | ZFM-02370 | 30c4e2ab-dffc-499d-aae4-e51d6b3218c2 | camera dataset listing complete | matches=7
2026-07-24 16:26:01,430 | INFO | 02_preprocess_pupil | Session 144/721 | ZFM-02370 | 30c4e2ab-dffc-499d-aae4-e51d6b3218c2 | loading DLC dataset alf/_ibl_leftCamera.dlc.pqt
2026-07-24 16:26:01,652 | INFO | 02_preprocess_pupil | Session 144/721 | ZFM-02370 | 30c4e2ab-dffc-499d-aae4-e51d6b3218c2 | DLC loaded | rows=361655 | columns=33
2026-07-24 16:26:01,653 | INFO | 02_preprocess_pupil | Session 144/721 | ZFM-02370 | 30c4e2ab-dffc-499d-aae4-e51d6b3218c2 | loading timestamp dataset alf/_ibl_leftCamera.times.npy
2026-07-24 16:26:01,756 | INFO | 02_preprocess_pupil | Session 144/721 | ZFM-02370 | 30c4e2ab-dffc-499d-aae4-e51d6b3218c2 | timestamps loaded | samples=361655 | duration=1h 40m 19s
2026-07-24 16:26:01,756 | INFO | 02_preprocess_pupil | Session 144/721 | ZFM-02370 | 30c4e2ab-dffc-499d-aae4-e51d6b3218c2 | thresholding DLC likelihoods
2026-07-24 16:26:01,792 | INFO | 02_preprocess_pupil | Session 144/721 | ZFM-02370 | 30c4e2ab-dffc-499d-aae4-e51d6b3218c2 | estimating raw pupil diameter
2026-07-24 16:26:01,946 | INFO | 02_preprocess_pupil | Session 144/721 | ZFM-02370 | 30c4e2ab-dffc-499d-aae4-e51d6b3218c2 | raw pupil diameter ready | samples=361655 | missing=17.1%
2026-07-24 16:26:01,946 | INFO | 02_preprocess_pupil | Session 144/721 | ZFM-02370 | 30c4e2ab-dffc-499d-aae4-e51d6b3218c2 | smoothing pupil diameter
2026-07-24 16:26:35,565 | INFO | 02_preprocess_pupil | Session 144/721 | ZFM-02370 | 30c4e2ab-dffc-499d-aae4-e51d6b3218c2 | smoothing complete | missing=4.2%
2026-07-24 16:26:35,565 | INFO | 02_preprocess_pupil | Session 144/721 | ZFM-02370 | 30c4e2ab-dffc-499d-aae4-e51d6b3218c2 | masking blink and velocity artifacts
2026-07-24 16:26:35,595 | INFO | 02_preprocess_pupil | Session 144/721 | ZFM-02370 | 30c4e2ab-dffc-499d-aae4-e51d6b3218c2 | trace cleaning complete | cleaned missing=13.2% | artifact fraction=13.2%
2026-07-24 16:26:35,596 | INFO | 02_preprocess_pupil | Session 144/721 | ZFM-02370 | 30c4e2ab-dffc-499d-aae4-e51d6b3218c2 | writing trace cache 30c4e2ab-dffc-499d-aae4-e51d6b3218c2.npz
2026-07-24 16:26:35,846 | INFO | 02_preprocess_pupil | Session 144/721 | ZFM-02370 | 30c4e2ab-dffc-499d-aae4-e51d6b3218c2 | trace cache written | size=6.4 MB
2026-07-24 16:26:35,848 | INFO | 02_preprocess_pupil | Session 144/721 | ZFM-02370 | 30c4e2ab-dffc-499d-aae4-e51d6b3218c2 | extracting trial-level pupil features
2026-07-24 16:26:36,827 | INFO | 02_preprocess_pupil | Session 144/721 | ZFM-02370 | 30c4e2ab-dffc-499d-aae4-e51d6b3218c2 | feature extraction complete | stimulus windows valid=71.1% | feedback windows valid=71.5%
2026-07-24 16:26:36,827 | INFO | 02_preprocess_pupil | Session 144/721 complete | status=success | source=one | usable=True | missing=13.2% | session time=37s | cumulative trials=95014/472728 | usable=115 | rejected=9 | failed=20 | elapsed=34m 28s | ETA=2h 18m 06s
2026-07-24 16:26:36,828 | INFO | 02_preprocess_pupil | Session 145/721 | ZFM-02600 | 30d70f60-553b-4325-ae83-a35f23271c02 | trials=633 | expected source=ONE | starting
2026-07-24 16:26:36,829 | INFO | 02_preprocess_pupil | Session 145/721 | ZFM-02600 | 30d70f60-553b-4325-ae83-a35f23271c02 | cache miss; fetching trace from ONE
2026-07-24 16:26:36,829 | INFO | 02_preprocess_pupil | Session 145/721 | ZFM-02600 | 30d70f60-553b-4325-ae83-a35f23271c02 | listing camera datasets
2026-07-24 16:26:37,389 | INFO | 02_preprocess_pupil | Session 145/721 | ZFM-02600 | 30d70f60-553b-4325-ae83-a35f23271c02 | camera dataset listing complete | matches=5
2026-07-24 16:26:37,389 | INFO | 02_preprocess_pupil | Session 145/721 | ZFM-02600 | 30d70f60-553b-4325-ae83-a35f23271c02 | loading DLC dataset alf/_ibl_leftCamera.dlc.pqt
2026-07-24 16:26:43,797 | INFO | 02_preprocess_pupil | Session 145/721 | ZFM-02600 | 30d70f60-553b-4325-ae83-a35f23271c02 | DLC loaded | rows=201133 | columns=33
2026-07-24 16:26:43,798 | INFO | 02_preprocess_pupil | Session 145/721 | ZFM-02600 | 30d70f60-553b-4325-ae83-a35f23271c02 | loading timestamp dataset alf/_ibl_leftCamera.times.npy
2026-07-24 16:26:45,081 | INFO | 02_preprocess_pupil | Session 145/721 | ZFM-02600 | 30d70f60-553b-4325-ae83-a35f23271c02 | timestamps loaded | samples=201133 | duration=55m 47s
2026-07-24 16:26:45,081 | INFO | 02_preprocess_pupil | Session 145/721 | ZFM-02600 | 30d70f60-553b-4325-ae83-a35f23271c02 | thresholding DLC likelihoods
2026-07-24 16:26:45,111 | INFO | 02_preprocess_pupil | Session 145/721 | ZFM-02600 | 30d70f60-553b-4325-ae83-a35f23271c02 | estimating raw pupil diameter
2026-07-24 16:26:45,190 | INFO | 02_preprocess_pupil | Session 145/721 | ZFM-02600 | 30d70f60-553b-4325-ae83-a35f23271c02 | raw pupil diameter ready | samples=201133 | missing=13.2%
2026-07-24 16:26:45,190 | INFO | 02_preprocess_pupil | Session 145/721 | ZFM-02600 | 30d70f60-553b-4325-ae83-a35f23271c02 | smoothing pupil diameter
2026-07-24 16:27:04,535 | INFO | 02_preprocess_pupil | Session 145/721 | ZFM-02600 | 30d70f60-553b-4325-ae83-a35f23271c02 | smoothing complete | missing=2.8%
2026-07-24 16:27:04,535 | INFO | 02_preprocess_pupil | Session 145/721 | ZFM-02600 | 30d70f60-553b-4325-ae83-a35f23271c02 | masking blink and velocity artifacts
2026-07-24 16:27:04,552 | INFO | 02_preprocess_pupil | Session 145/721 | ZFM-02600 | 30d70f60-553b-4325-ae83-a35f23271c02 | trace cleaning complete | cleaned missing=7.1% | artifact fraction=7.1%
2026-07-24 16:27:04,553 | INFO | 02_preprocess_pupil | Session 145/721 | ZFM-02600 | 30d70f60-553b-4325-ae83-a35f23271c02 | writing trace cache 30d70f60-553b-4325-ae83-a35f23271c02.npz
2026-07-24 16:27:04,688 | INFO | 02_preprocess_pupil | Session 145/721 | ZFM-02600 | 30d70f60-553b-4325-ae83-a35f23271c02 | trace cache written | size=3.4 MB
2026-07-24 16:27:04,690 | INFO | 02_preprocess_pupil | Session 145/721 | ZFM-02600 | 30d70f60-553b-4325-ae83-a35f23271c02 | extracting trial-level pupil features
2026-07-24 16:27:05,095 | INFO | 02_preprocess_pupil | Session 145/721 | ZFM-02600 | 30d70f60-553b-4325-ae83-a35f23271c02 | feature extraction complete | stimulus windows valid=79.6% | feedback windows valid=80.6%
2026-07-24 16:27:05,095 | INFO | 02_preprocess_pupil | Session 145/721 complete | status=success | source=one | usable=True | missing=7.1% | session time=28s | cumulative trials=95647/472728 | usable=116 | rejected=9 | failed=20 | elapsed=34m 56s | ETA=2h 18m 47s
2026-07-24 16:27:05,096 | INFO | 02_preprocess_pupil | Session 146/721 | DY_009 | 30e5937e-e86a-47e6-93ae-d2ae3877ff8e | trials=424 | expected source=ONE | starting
2026-07-24 16:27:05,097 | INFO | 02_preprocess_pupil | Session 146/721 | DY_009 | 30e5937e-e86a-47e6-93ae-d2ae3877ff8e | cache miss; fetching trace from ONE
2026-07-24 16:27:05,097 | INFO | 02_preprocess_pupil | Session 146/721 | DY_009 | 30e5937e-e86a-47e6-93ae-d2ae3877ff8e | listing camera datasets
2026-07-24 16:27:06,718 | INFO | 02_preprocess_pupil | Session 146/721 | DY_009 | 30e5937e-e86a-47e6-93ae-d2ae3877ff8e | camera dataset listing complete | matches=9
2026-07-24 16:27:06,718 | INFO | 02_preprocess_pupil | Session 146/721 | DY_009 | 30e5937e-e86a-47e6-93ae-d2ae3877ff8e | loading DLC dataset alf/_ibl_leftCamera.dlc.pqt
2026-07-24 16:27:12,787 | INFO | 02_preprocess_pupil | Session 146/721 | DY_009 | 30e5937e-e86a-47e6-93ae-d2ae3877ff8e | DLC loaded | rows=179722 | columns=33
2026-07-24 16:27:12,787 | INFO | 02_preprocess_pupil | Session 146/721 | DY_009 | 30e5937e-e86a-47e6-93ae-d2ae3877ff8e | loading timestamp dataset alf/#2023-04-20#/_ibl_leftCamera.times.npy
2026-07-24 16:27:14,045 | INFO | 02_preprocess_pupil | Session 146/721 | DY_009 | 30e5937e-e86a-47e6-93ae-d2ae3877ff8e | timestamps loaded | samples=179722 | duration=49m 52s
2026-07-24 16:27:14,045 | INFO | 02_preprocess_pupil | Session 146/721 | DY_009 | 30e5937e-e86a-47e6-93ae-d2ae3877ff8e | thresholding DLC likelihoods
2026-07-24 16:27:14,069 | INFO | 02_preprocess_pupil | Session 146/721 | DY_009 | 30e5937e-e86a-47e6-93ae-d2ae3877ff8e | estimating raw pupil diameter
2026-07-24 16:27:14,123 | INFO | 02_preprocess_pupil | Session 146/721 | DY_009 | 30e5937e-e86a-47e6-93ae-d2ae3877ff8e | raw pupil diameter ready | samples=179722 | missing=1.2%
2026-07-24 16:27:14,123 | INFO | 02_preprocess_pupil | Session 146/721 | DY_009 | 30e5937e-e86a-47e6-93ae-d2ae3877ff8e | smoothing pupil diameter
2026-07-24 16:27:33,658 | INFO | 02_preprocess_pupil | Session 146/721 | DY_009 | 30e5937e-e86a-47e6-93ae-d2ae3877ff8e | smoothing complete | missing=0.0%
2026-07-24 16:27:33,658 | INFO | 02_preprocess_pupil | Session 146/721 | DY_009 | 30e5937e-e86a-47e6-93ae-d2ae3877ff8e | masking blink and velocity artifacts
2026-07-24 16:27:33,673 | INFO | 02_preprocess_pupil | Session 146/721 | DY_009 | 30e5937e-e86a-47e6-93ae-d2ae3877ff8e | trace cleaning complete | cleaned missing=2.5% | artifact fraction=2.5%
2026-07-24 16:27:33,674 | INFO | 02_preprocess_pupil | Session 146/721 | DY_009 | 30e5937e-e86a-47e6-93ae-d2ae3877ff8e | writing trace cache 30e5937e-e86a-47e6-93ae-d2ae3877ff8e.npz
2026-07-24 16:27:33,821 | INFO | 02_preprocess_pupil | Session 146/721 | DY_009 | 30e5937e-e86a-47e6-93ae-d2ae3877ff8e | trace cache written | size=3.4 MB
2026-07-24 16:27:33,822 | INFO | 02_preprocess_pupil | Session 146/721 | DY_009 | 30e5937e-e86a-47e6-93ae-d2ae3877ff8e | extracting trial-level pupil features
2026-07-24 16:27:34,092 | INFO | 02_preprocess_pupil | Session 146/721 | DY_009 | 30e5937e-e86a-47e6-93ae-d2ae3877ff8e | feature extraction complete | stimulus windows valid=89.2% | feedback windows valid=92.0%
2026-07-24 16:27:34,093 | INFO | 02_preprocess_pupil | Session 146/721 complete | status=success | source=one | usable=True | missing=2.5% | session time=29s | cumulative trials=96071/472728 | usable=117 | rejected=9 | failed=20 | elapsed=35m 25s | ETA=2h 19m 30s
2026-07-24 16:27:34,093 | INFO | 02_preprocess_pupil | Session 147/721 | ZFM-04122 | 30e67309-433b-4839-88ad-2bef7b33d39e | trials=318 | expected source=ONE | starting
2026-07-24 16:27:34,094 | INFO | 02_preprocess_pupil | Session 147/721 | ZFM-04122 | 30e67309-433b-4839-88ad-2bef7b33d39e | cache miss; fetching trace from ONE
2026-07-24 16:27:34,094 | INFO | 02_preprocess_pupil | Session 147/721 | ZFM-04122 | 30e67309-433b-4839-88ad-2bef7b33d39e | listing camera datasets
2026-07-24 16:27:35,263 | INFO | 02_preprocess_pupil | Session 147/721 | ZFM-04122 | 30e67309-433b-4839-88ad-2bef7b33d39e | camera dataset listing complete | matches=5
2026-07-24 16:27:35,264 | INFO | 02_preprocess_pupil | Session 147/721 | ZFM-04122 | 30e67309-433b-4839-88ad-2bef7b33d39e | loading DLC dataset alf/_ibl_leftCamera.dlc.pqt
2026-07-24 16:27:35,443 | INFO | 02_preprocess_pupil | Session 147/721 | ZFM-04122 | 30e67309-433b-4839-88ad-2bef7b33d39e | DLC loaded | rows=226300 | columns=33
2026-07-24 16:27:35,443 | INFO | 02_preprocess_pupil | Session 147/721 | ZFM-04122 | 30e67309-433b-4839-88ad-2bef7b33d39e | loading timestamp dataset alf/_ibl_leftCamera.times.npy
2026-07-24 16:27:35,545 | INFO | 02_preprocess_pupil | Session 147/721 | ZFM-04122 | 30e67309-433b-4839-88ad-2bef7b33d39e | timestamps loaded | samples=226300 | duration=1h 02m 46s
2026-07-24 16:27:35,545 | INFO | 02_preprocess_pupil | Session 147/721 | ZFM-04122 | 30e67309-433b-4839-88ad-2bef7b33d39e | thresholding DLC likelihoods
2026-07-24 16:27:35,575 | INFO | 02_preprocess_pupil | Session 147/721 | ZFM-04122 | 30e67309-433b-4839-88ad-2bef7b33d39e | estimating raw pupil diameter
2026-07-24 16:27:35,673 | INFO | 02_preprocess_pupil | Session 147/721 | ZFM-04122 | 30e67309-433b-4839-88ad-2bef7b33d39e | raw pupil diameter ready | samples=226300 | missing=19.0%
2026-07-24 16:27:35,673 | INFO | 02_preprocess_pupil | Session 147/721 | ZFM-04122 | 30e67309-433b-4839-88ad-2bef7b33d39e | smoothing pupil diameter
2026-07-24 16:27:56,720 | INFO | 02_preprocess_pupil | Session 147/721 | ZFM-04122 | 30e67309-433b-4839-88ad-2bef7b33d39e | smoothing complete | missing=0.0%
2026-07-24 16:27:56,720 | INFO | 02_preprocess_pupil | Session 147/721 | ZFM-04122 | 30e67309-433b-4839-88ad-2bef7b33d39e | masking blink and velocity artifacts
2026-07-24 16:27:56,739 | INFO | 02_preprocess_pupil | Session 147/721 | ZFM-04122 | 30e67309-433b-4839-88ad-2bef7b33d39e | trace cleaning complete | cleaned missing=12.4% | artifact fraction=12.4%
2026-07-24 16:27:56,739 | INFO | 02_preprocess_pupil | Session 147/721 | ZFM-04122 | 30e67309-433b-4839-88ad-2bef7b33d39e | writing trace cache 30e67309-433b-4839-88ad-2bef7b33d39e.npz
2026-07-24 16:27:56,886 | INFO | 02_preprocess_pupil | Session 147/721 | ZFM-04122 | 30e67309-433b-4839-88ad-2bef7b33d39e | trace cache written | size=4.0 MB
2026-07-24 16:27:56,887 | INFO | 02_preprocess_pupil | Session 147/721 | ZFM-04122 | 30e67309-433b-4839-88ad-2bef7b33d39e | extracting trial-level pupil features
2026-07-24 16:27:57,112 | INFO | 02_preprocess_pupil | Session 147/721 | ZFM-04122 | 30e67309-433b-4839-88ad-2bef7b33d39e | feature extraction complete | stimulus windows valid=33.6% | feedback windows valid=36.8%
2026-07-24 16:27:57,112 | INFO | 02_preprocess_pupil | Session 147/721 complete | status=success | source=one | usable=True | missing=12.4% | session time=23s | cumulative trials=96389/472728 | usable=118 | rejected=9 | failed=20 | elapsed=35m 48s | ETA=2h 19m 48s
2026-07-24 16:27:57,113 | INFO | 02_preprocess_pupil | Session 148/721 | ZFM-04122 | 31ee2d4c-f12a-473d-aad5-24ef5acbcfd0 | trials=266 | expected source=ONE | starting
2026-07-24 16:27:57,113 | INFO | 02_preprocess_pupil | Session 148/721 | ZFM-04122 | 31ee2d4c-f12a-473d-aad5-24ef5acbcfd0 | cache miss; fetching trace from ONE
2026-07-24 16:27:57,113 | INFO | 02_preprocess_pupil | Session 148/721 | ZFM-04122 | 31ee2d4c-f12a-473d-aad5-24ef5acbcfd0 | listing camera datasets
2026-07-24 16:27:57,655 | INFO | 02_preprocess_pupil | Session 148/721 | ZFM-04122 | 31ee2d4c-f12a-473d-aad5-24ef5acbcfd0 | camera dataset listing complete | matches=5
2026-07-24 16:27:57,655 | INFO | 02_preprocess_pupil | Session 148/721 | ZFM-04122 | 31ee2d4c-f12a-473d-aad5-24ef5acbcfd0 | loading DLC dataset alf/_ibl_leftCamera.dlc.pqt
2026-07-24 16:28:02,777 | INFO | 02_preprocess_pupil | Session 148/721 | ZFM-04122 | 31ee2d4c-f12a-473d-aad5-24ef5acbcfd0 | DLC loaded | rows=198819 | columns=33
2026-07-24 16:28:02,777 | INFO | 02_preprocess_pupil | Session 148/721 | ZFM-04122 | 31ee2d4c-f12a-473d-aad5-24ef5acbcfd0 | loading timestamp dataset alf/_ibl_leftCamera.times.npy
2026-07-24 16:28:04,095 | INFO | 02_preprocess_pupil | Session 148/721 | ZFM-04122 | 31ee2d4c-f12a-473d-aad5-24ef5acbcfd0 | timestamps loaded | samples=198819 | duration=55m 09s
2026-07-24 16:28:04,095 | INFO | 02_preprocess_pupil | Session 148/721 | ZFM-04122 | 31ee2d4c-f12a-473d-aad5-24ef5acbcfd0 | thresholding DLC likelihoods
2026-07-24 16:28:04,125 | INFO | 02_preprocess_pupil | Session 148/721 | ZFM-04122 | 31ee2d4c-f12a-473d-aad5-24ef5acbcfd0 | estimating raw pupil diameter
2026-07-24 16:28:04,277 | INFO | 02_preprocess_pupil | Session 148/721 | ZFM-04122 | 31ee2d4c-f12a-473d-aad5-24ef5acbcfd0 | raw pupil diameter ready | samples=198819 | missing=64.4%
2026-07-24 16:28:04,277 | INFO | 02_preprocess_pupil | Session 148/721 | ZFM-04122 | 31ee2d4c-f12a-473d-aad5-24ef5acbcfd0 | smoothing pupil diameter
2026-07-24 16:28:12,083 | INFO | 02_preprocess_pupil | Session 148/721 | ZFM-04122 | 31ee2d4c-f12a-473d-aad5-24ef5acbcfd0 | smoothing complete | missing=39.8%
2026-07-24 16:28:12,083 | INFO | 02_preprocess_pupil | Session 148/721 | ZFM-04122 | 31ee2d4c-f12a-473d-aad5-24ef5acbcfd0 | masking blink and velocity artifacts
2026-07-24 16:28:12,096 | INFO | 02_preprocess_pupil | Session 148/721 | ZFM-04122 | 31ee2d4c-f12a-473d-aad5-24ef5acbcfd0 | trace cleaning complete | cleaned missing=60.4% | artifact fraction=60.4%
2026-07-24 16:28:12,097 | INFO | 02_preprocess_pupil | Session 148/721 | ZFM-04122 | 31ee2d4c-f12a-473d-aad5-24ef5acbcfd0 | writing trace cache 31ee2d4c-f12a-473d-aad5-24ef5acbcfd0.npz
2026-07-24 16:28:12,183 | INFO | 02_preprocess_pupil | Session 148/721 | ZFM-04122 | 31ee2d4c-f12a-473d-aad5-24ef5acbcfd0 | trace cache written | size=1.9 MB
2026-07-24 16:28:12,187 | INFO | 02_preprocess_pupil | Session 148/721 | ZFM-04122 | 31ee2d4c-f12a-473d-aad5-24ef5acbcfd0 | trace rejected by cleaned-missingness QC | threshold=30.0%
2026-07-24 16:28:12,187 | INFO | 02_preprocess_pupil | Session 148/721 complete | status=rejected_missingness | source=one | usable=False | missing=60.4% | session time=15s | cumulative trials=96655/472728 | usable=118 | rejected=10 | failed=20 | elapsed=36m 03s | ETA=2h 19m 36s
2026-07-24 16:28:12,188 | INFO | 02_preprocess_pupil | Session 149/721 | CSP027 | 3270c445-4ae2-4079-9ba5-4e2f1eb94706 | trials=619 | expected source=ONE | starting
2026-07-24 16:28:12,188 | INFO | 02_preprocess_pupil | Session 149/721 | CSP027 | 3270c445-4ae2-4079-9ba5-4e2f1eb94706 | cache miss; fetching trace from ONE
2026-07-24 16:28:12,189 | INFO | 02_preprocess_pupil | Session 149/721 | CSP027 | 3270c445-4ae2-4079-9ba5-4e2f1eb94706 | listing camera datasets
2026-07-24 16:28:13,618 | INFO | 02_preprocess_pupil | Session 149/721 | CSP027 | 3270c445-4ae2-4079-9ba5-4e2f1eb94706 | camera dataset listing complete | matches=5
2026-07-24 16:28:13,618 | INFO | 02_preprocess_pupil | Session 149/721 | CSP027 | 3270c445-4ae2-4079-9ba5-4e2f1eb94706 | loading DLC dataset alf/_ibl_leftCamera.dlc.pqt
2026-07-24 16:28:13,840 | INFO | 02_preprocess_pupil | Session 149/721 | CSP027 | 3270c445-4ae2-4079-9ba5-4e2f1eb94706 | DLC loaded | rows=320964 | columns=33
2026-07-24 16:28:13,840 | INFO | 02_preprocess_pupil | Session 149/721 | CSP027 | 3270c445-4ae2-4079-9ba5-4e2f1eb94706 | loading timestamp dataset alf/_ibl_leftCamera.times.npy
2026-07-24 16:28:13,970 | INFO | 02_preprocess_pupil | Session 149/721 | CSP027 | 3270c445-4ae2-4079-9ba5-4e2f1eb94706 | timestamps loaded | samples=320964 | duration=1h 29m 05s
2026-07-24 16:28:13,970 | INFO | 02_preprocess_pupil | Session 149/721 | CSP027 | 3270c445-4ae2-4079-9ba5-4e2f1eb94706 | thresholding DLC likelihoods
2026-07-24 16:28:14,009 | INFO | 02_preprocess_pupil | Session 149/721 | CSP027 | 3270c445-4ae2-4079-9ba5-4e2f1eb94706 | estimating raw pupil diameter
2026-07-24 16:28:14,144 | INFO | 02_preprocess_pupil | Session 149/721 | CSP027 | 3270c445-4ae2-4079-9ba5-4e2f1eb94706 | raw pupil diameter ready | samples=320964 | missing=15.6%
2026-07-24 16:28:14,144 | INFO | 02_preprocess_pupil | Session 149/721 | CSP027 | 3270c445-4ae2-4079-9ba5-4e2f1eb94706 | smoothing pupil diameter
2026-07-24 16:28:43,921 | INFO | 02_preprocess_pupil | Session 149/721 | CSP027 | 3270c445-4ae2-4079-9ba5-4e2f1eb94706 | smoothing complete | missing=6.3%
2026-07-24 16:28:43,921 | INFO | 02_preprocess_pupil | Session 149/721 | CSP027 | 3270c445-4ae2-4079-9ba5-4e2f1eb94706 | masking blink and velocity artifacts
2026-07-24 16:28:43,946 | INFO | 02_preprocess_pupil | Session 149/721 | CSP027 | 3270c445-4ae2-4079-9ba5-4e2f1eb94706 | trace cleaning complete | cleaned missing=10.5% | artifact fraction=10.5%
2026-07-24 16:28:43,947 | INFO | 02_preprocess_pupil | Session 149/721 | CSP027 | 3270c445-4ae2-4079-9ba5-4e2f1eb94706 | writing trace cache 3270c445-4ae2-4079-9ba5-4e2f1eb94706.npz
2026-07-24 16:28:44,183 | INFO | 02_preprocess_pupil | Session 149/721 | CSP027 | 3270c445-4ae2-4079-9ba5-4e2f1eb94706 | trace cache written | size=5.8 MB
2026-07-24 16:28:44,185 | INFO | 02_preprocess_pupil | Session 149/721 | CSP027 | 3270c445-4ae2-4079-9ba5-4e2f1eb94706 | extracting trial-level pupil features
2026-07-24 16:28:44,781 | INFO | 02_preprocess_pupil | Session 149/721 | CSP027 | 3270c445-4ae2-4079-9ba5-4e2f1eb94706 | feature extraction complete | stimulus windows valid=79.5% | feedback windows valid=83.4%
2026-07-24 16:28:44,781 | INFO | 02_preprocess_pupil | Session 149/721 complete | status=success | source=one | usable=True | missing=10.5% | session time=33s | cumulative trials=97274/472728 | usable=119 | rejected=10 | failed=20 | elapsed=36m 36s | ETA=2h 20m 30s
2026-07-24 16:28:44,782 | INFO | 02_preprocess_pupil | Session 150/721 | CSK-im-002 | 32c0dc1e-0b30-493c-a27e-50bfcd0378cc | trials=983 | expected source=ONE | starting
2026-07-24 16:28:44,783 | INFO | 02_preprocess_pupil | Session 150/721 | CSK-im-002 | 32c0dc1e-0b30-493c-a27e-50bfcd0378cc | cache miss; fetching trace from ONE
2026-07-24 16:28:44,783 | INFO | 02_preprocess_pupil | Session 150/721 | CSK-im-002 | 32c0dc1e-0b30-493c-a27e-50bfcd0378cc | listing camera datasets
2026-07-24 16:28:45,654 | INFO | 02_preprocess_pupil | Session 150/721 | CSK-im-002 | 32c0dc1e-0b30-493c-a27e-50bfcd0378cc | camera dataset listing complete | matches=5
2026-07-24 16:28:45,655 | INFO | 02_preprocess_pupil | Session 150/721 | CSK-im-002 | 32c0dc1e-0b30-493c-a27e-50bfcd0378cc | loading DLC dataset alf/_ibl_leftCamera.dlc.pqt
2026-07-24 16:28:53,326 | INFO | 02_preprocess_pupil | Session 150/721 | CSK-im-002 | 32c0dc1e-0b30-493c-a27e-50bfcd0378cc | DLC loaded | rows=290492 | columns=33
2026-07-24 16:28:53,326 | INFO | 02_preprocess_pupil | Session 150/721 | CSK-im-002 | 32c0dc1e-0b30-493c-a27e-50bfcd0378cc | loading timestamp dataset alf/_ibl_leftCamera.times.npy
2026-07-24 16:28:54,943 | INFO | 02_preprocess_pupil | Session 150/721 | CSK-im-002 | 32c0dc1e-0b30-493c-a27e-50bfcd0378cc | timestamps loaded | samples=290492 | duration=1h 20m 36s
2026-07-24 16:28:54,943 | INFO | 02_preprocess_pupil | Session 150/721 | CSK-im-002 | 32c0dc1e-0b30-493c-a27e-50bfcd0378cc | thresholding DLC likelihoods
2026-07-24 16:28:54,994 | INFO | 02_preprocess_pupil | Session 150/721 | CSK-im-002 | 32c0dc1e-0b30-493c-a27e-50bfcd0378cc | estimating raw pupil diameter
2026-07-24 16:28:55,232 | INFO | 02_preprocess_pupil | Session 150/721 | CSK-im-002 | 32c0dc1e-0b30-493c-a27e-50bfcd0378cc | raw pupil diameter ready | samples=290492 | missing=72.8%
2026-07-24 16:28:55,232 | INFO | 02_preprocess_pupil | Session 150/721 | CSK-im-002 | 32c0dc1e-0b30-493c-a27e-50bfcd0378cc | smoothing pupil diameter
2026-07-24 16:29:04,037 | INFO | 02_preprocess_pupil | Session 150/721 | CSK-im-002 | 32c0dc1e-0b30-493c-a27e-50bfcd0378cc | smoothing complete | missing=0.0%
2026-07-24 16:29:04,037 | INFO | 02_preprocess_pupil | Session 150/721 | CSK-im-002 | 32c0dc1e-0b30-493c-a27e-50bfcd0378cc | masking blink and velocity artifacts
2026-07-24 16:29:04,058 | INFO | 02_preprocess_pupil | Session 150/721 | CSK-im-002 | 32c0dc1e-0b30-493c-a27e-50bfcd0378cc | trace cleaning complete | cleaned missing=42.2% | artifact fraction=42.2%
2026-07-24 16:29:04,059 | INFO | 02_preprocess_pupil | Session 150/721 | CSK-im-002 | 32c0dc1e-0b30-493c-a27e-50bfcd0378cc | writing trace cache 32c0dc1e-0b30-493c-a27e-50bfcd0378cc.npz
2026-07-24 16:29:04,210 | INFO | 02_preprocess_pupil | Session 150/721 | CSK-im-002 | 32c0dc1e-0b30-493c-a27e-50bfcd0378cc | trace cache written | size=3.4 MB
2026-07-24 16:29:04,213 | INFO | 02_preprocess_pupil | Session 150/721 | CSK-im-002 | 32c0dc1e-0b30-493c-a27e-50bfcd0378cc | trace rejected by cleaned-missingness QC | threshold=30.0%
2026-07-24 16:29:04,214 | INFO | 02_preprocess_pupil | Session 150/721 complete | status=rejected_missingness | source=one | usable=False | missing=42.2% | session time=19s | cumulative trials=98257/472728 | usable=119 | rejected=11 | failed=20 | elapsed=36m 55s | ETA=2h 20m 33s
2026-07-24 16:29:04,215 | INFO | 02_preprocess_pupil | Session 151/721 | UCLA033 | 32d27583-56aa-4510-bc03-669036edad20 | trials=785 | expected source=ONE | starting
2026-07-24 16:29:04,215 | INFO | 02_preprocess_pupil | Session 151/721 | UCLA033 | 32d27583-56aa-4510-bc03-669036edad20 | cache miss; fetching trace from ONE
2026-07-24 16:29:04,215 | INFO | 02_preprocess_pupil | Session 151/721 | UCLA033 | 32d27583-56aa-4510-bc03-669036edad20 | listing camera datasets
2026-07-24 16:29:05,875 | INFO | 02_preprocess_pupil | Session 151/721 | UCLA033 | 32d27583-56aa-4510-bc03-669036edad20 | camera dataset listing complete | matches=8
2026-07-24 16:29:05,875 | INFO | 02_preprocess_pupil | Session 151/721 | UCLA033 | 32d27583-56aa-4510-bc03-669036edad20 | loading DLC dataset alf/_ibl_leftCamera.dlc.pqt
2026-07-24 16:29:06,081 | INFO | 02_preprocess_pupil | Session 151/721 | UCLA033 | 32d27583-56aa-4510-bc03-669036edad20 | DLC loaded | rows=295532 | columns=33
2026-07-24 16:29:06,081 | INFO | 02_preprocess_pupil | Session 151/721 | UCLA033 | 32d27583-56aa-4510-bc03-669036edad20 | loading timestamp dataset alf/#2023-04-20#/_ibl_leftCamera.times.npy
2026-07-24 16:29:06,197 | INFO | 02_preprocess_pupil | Session 151/721 | UCLA033 | 32d27583-56aa-4510-bc03-669036edad20 | timestamps loaded | samples=295532 | duration=1h 20m 50s
2026-07-24 16:29:06,197 | INFO | 02_preprocess_pupil | Session 151/721 | UCLA033 | 32d27583-56aa-4510-bc03-669036edad20 | thresholding DLC likelihoods
2026-07-24 16:29:06,235 | INFO | 02_preprocess_pupil | Session 151/721 | UCLA033 | 32d27583-56aa-4510-bc03-669036edad20 | estimating raw pupil diameter
2026-07-24 16:29:06,384 | INFO | 02_preprocess_pupil | Session 151/721 | UCLA033 | 32d27583-56aa-4510-bc03-669036edad20 | raw pupil diameter ready | samples=295532 | missing=28.9%
2026-07-24 16:29:06,384 | INFO | 02_preprocess_pupil | Session 151/721 | UCLA033 | 32d27583-56aa-4510-bc03-669036edad20 | smoothing pupil diameter
2026-07-24 16:29:29,650 | INFO | 02_preprocess_pupil | Session 151/721 | UCLA033 | 32d27583-56aa-4510-bc03-669036edad20 | smoothing complete | missing=7.9%
2026-07-24 16:29:29,650 | INFO | 02_preprocess_pupil | Session 151/721 | UCLA033 | 32d27583-56aa-4510-bc03-669036edad20 | masking blink and velocity artifacts
2026-07-24 16:29:29,673 | INFO | 02_preprocess_pupil | Session 151/721 | UCLA033 | 32d27583-56aa-4510-bc03-669036edad20 | trace cleaning complete | cleaned missing=10.5% | artifact fraction=10.5%
2026-07-24 16:29:29,674 | INFO | 02_preprocess_pupil | Session 151/721 | UCLA033 | 32d27583-56aa-4510-bc03-669036edad20 | writing trace cache 32d27583-56aa-4510-bc03-669036edad20.npz
2026-07-24 16:29:29,869 | INFO | 02_preprocess_pupil | Session 151/721 | UCLA033 | 32d27583-56aa-4510-bc03-669036edad20 | trace cache written | size=5.0 MB
2026-07-24 16:29:29,871 | INFO | 02_preprocess_pupil | Session 151/721 | UCLA033 | 32d27583-56aa-4510-bc03-669036edad20 | extracting trial-level pupil features
2026-07-24 16:29:30,581 | INFO | 02_preprocess_pupil | Session 151/721 | UCLA033 | 32d27583-56aa-4510-bc03-669036edad20 | feature extraction complete | stimulus windows valid=76.9% | feedback windows valid=73.4%
2026-07-24 16:29:30,582 | INFO | 02_preprocess_pupil | Session 151/721 complete | status=success | source=one | usable=True | missing=10.5% | session time=26s | cumulative trials=99042/472728 | usable=120 | rejected=11 | failed=20 | elapsed=37m 22s | ETA=2h 21m 02s
2026-07-24 16:29:30,582 | INFO | 02_preprocess_pupil | Session 152/721 | UCLA034 | 3537d970-f515-4786-853f-23de525e110f | trials=503 | expected source=ONE | starting
2026-07-24 16:29:30,583 | INFO | 02_preprocess_pupil | Session 152/721 | UCLA034 | 3537d970-f515-4786-853f-23de525e110f | cache miss; fetching trace from ONE
2026-07-24 16:29:30,583 | INFO | 02_preprocess_pupil | Session 152/721 | UCLA034 | 3537d970-f515-4786-853f-23de525e110f | listing camera datasets
2026-07-24 16:29:32,141 | INFO | 02_preprocess_pupil | Session 152/721 | UCLA034 | 3537d970-f515-4786-853f-23de525e110f | camera dataset listing complete | matches=9
2026-07-24 16:29:32,142 | INFO | 02_preprocess_pupil | Session 152/721 | UCLA034 | 3537d970-f515-4786-853f-23de525e110f | loading DLC dataset alf/_ibl_leftCamera.dlc.pqt
2026-07-24 16:29:32,341 | INFO | 02_preprocess_pupil | Session 152/721 | UCLA034 | 3537d970-f515-4786-853f-23de525e110f | DLC loaded | rows=245322 | columns=33
2026-07-24 16:29:32,342 | INFO | 02_preprocess_pupil | Session 152/721 | UCLA034 | 3537d970-f515-4786-853f-23de525e110f | loading timestamp dataset alf/#2023-04-20#/_ibl_leftCamera.times.npy
2026-07-24 16:29:32,449 | INFO | 02_preprocess_pupil | Session 152/721 | UCLA034 | 3537d970-f515-4786-853f-23de525e110f | timestamps loaded | samples=245322 | duration=1h 07m 06s
2026-07-24 16:29:32,449 | INFO | 02_preprocess_pupil | Session 152/721 | UCLA034 | 3537d970-f515-4786-853f-23de525e110f | thresholding DLC likelihoods
2026-07-24 16:29:32,479 | INFO | 02_preprocess_pupil | Session 152/721 | UCLA034 | 3537d970-f515-4786-853f-23de525e110f | estimating raw pupil diameter
2026-07-24 16:29:32,562 | INFO | 02_preprocess_pupil | Session 152/721 | UCLA034 | 3537d970-f515-4786-853f-23de525e110f | raw pupil diameter ready | samples=245322 | missing=5.4%
2026-07-24 16:29:32,562 | INFO | 02_preprocess_pupil | Session 152/721 | UCLA034 | 3537d970-f515-4786-853f-23de525e110f | smoothing pupil diameter
2026-07-24 16:29:58,229 | INFO | 02_preprocess_pupil | Session 152/721 | UCLA034 | 3537d970-f515-4786-853f-23de525e110f | smoothing complete | missing=0.9%
2026-07-24 16:29:58,229 | INFO | 02_preprocess_pupil | Session 152/721 | UCLA034 | 3537d970-f515-4786-853f-23de525e110f | masking blink and velocity artifacts
2026-07-24 16:29:58,251 | INFO | 02_preprocess_pupil | Session 152/721 | UCLA034 | 3537d970-f515-4786-853f-23de525e110f | trace cleaning complete | cleaned missing=10.3% | artifact fraction=10.3%
2026-07-24 16:29:58,251 | INFO | 02_preprocess_pupil | Session 152/721 | UCLA034 | 3537d970-f515-4786-853f-23de525e110f | writing trace cache 3537d970-f515-4786-853f-23de525e110f.npz
2026-07-24 16:29:58,435 | INFO | 02_preprocess_pupil | Session 152/721 | UCLA034 | 3537d970-f515-4786-853f-23de525e110f | trace cache written | size=4.5 MB
2026-07-24 16:29:58,436 | INFO | 02_preprocess_pupil | Session 152/721 | UCLA034 | 3537d970-f515-4786-853f-23de525e110f | extracting trial-level pupil features
2026-07-24 16:29:58,814 | INFO | 02_preprocess_pupil | Session 152/721 | UCLA034 | 3537d970-f515-4786-853f-23de525e110f | feature extraction complete | stimulus windows valid=62.8% | feedback windows valid=62.6%
2026-07-24 16:29:58,815 | INFO | 02_preprocess_pupil | Session 152/721 complete | status=success | source=one | usable=True | missing=10.3% | session time=28s | cumulative trials=99545/472728 | usable=121 | rejected=11 | failed=20 | elapsed=37m 50s | ETA=2h 21m 37s
2026-07-24 16:29:58,815 | INFO | 02_preprocess_pupil | Session 153/721 | NYU-57 | 354c37f7-1025-46b2-8c95-4fe76bb6b60b | trials=746 | expected source=ONE | starting
2026-07-24 16:29:58,816 | INFO | 02_preprocess_pupil | Session 153/721 | NYU-57 | 354c37f7-1025-46b2-8c95-4fe76bb6b60b | cache miss; fetching trace from ONE
2026-07-24 16:29:58,816 | INFO | 02_preprocess_pupil | Session 153/721 | NYU-57 | 354c37f7-1025-46b2-8c95-4fe76bb6b60b | listing camera datasets
2026-07-24 16:30:00,282 | INFO | 02_preprocess_pupil | Session 153/721 | NYU-57 | 354c37f7-1025-46b2-8c95-4fe76bb6b60b | camera dataset listing complete | matches=5
2026-07-24 16:30:00,282 | INFO | 02_preprocess_pupil | Session 153/721 | NYU-57 | 354c37f7-1025-46b2-8c95-4fe76bb6b60b | loading DLC dataset alf/_ibl_leftCamera.dlc.pqt
2026-07-24 16:30:00,488 | INFO | 02_preprocess_pupil | Session 153/721 | NYU-57 | 354c37f7-1025-46b2-8c95-4fe76bb6b60b | DLC loaded | rows=319097 | columns=33
2026-07-24 16:30:00,489 | INFO | 02_preprocess_pupil | Session 153/721 | NYU-57 | 354c37f7-1025-46b2-8c95-4fe76bb6b60b | loading timestamp dataset alf/_ibl_leftCamera.times.npy
2026-07-24 16:30:00,599 | INFO | 02_preprocess_pupil | Session 153/721 | NYU-57 | 354c37f7-1025-46b2-8c95-4fe76bb6b60b | timestamps loaded | samples=319097 | duration=1h 28m 34s
2026-07-24 16:30:00,599 | INFO | 02_preprocess_pupil | Session 153/721 | NYU-57 | 354c37f7-1025-46b2-8c95-4fe76bb6b60b | thresholding DLC likelihoods
2026-07-24 16:30:00,633 | INFO | 02_preprocess_pupil | Session 153/721 | NYU-57 | 354c37f7-1025-46b2-8c95-4fe76bb6b60b | estimating raw pupil diameter
2026-07-24 16:30:00,773 | INFO | 02_preprocess_pupil | Session 153/721 | NYU-57 | 354c37f7-1025-46b2-8c95-4fe76bb6b60b | raw pupil diameter ready | samples=319097 | missing=21.2%
2026-07-24 16:30:00,774 | INFO | 02_preprocess_pupil | Session 153/721 | NYU-57 | 354c37f7-1025-46b2-8c95-4fe76bb6b60b | smoothing pupil diameter
2026-07-24 16:30:29,151 | INFO | 02_preprocess_pupil | Session 153/721 | NYU-57 | 354c37f7-1025-46b2-8c95-4fe76bb6b60b | smoothing complete | missing=4.8%
2026-07-24 16:30:29,151 | INFO | 02_preprocess_pupil | Session 153/721 | NYU-57 | 354c37f7-1025-46b2-8c95-4fe76bb6b60b | masking blink and velocity artifacts
2026-07-24 16:30:29,176 | INFO | 02_preprocess_pupil | Session 153/721 | NYU-57 | 354c37f7-1025-46b2-8c95-4fe76bb6b60b | trace cleaning complete | cleaned missing=13.5% | artifact fraction=13.5%
2026-07-24 16:30:29,177 | INFO | 02_preprocess_pupil | Session 153/721 | NYU-57 | 354c37f7-1025-46b2-8c95-4fe76bb6b60b | writing trace cache 354c37f7-1025-46b2-8c95-4fe76bb6b60b.npz
2026-07-24 16:30:29,402 | INFO | 02_preprocess_pupil | Session 153/721 | NYU-57 | 354c37f7-1025-46b2-8c95-4fe76bb6b60b | trace cache written | size=5.5 MB
2026-07-24 16:30:29,404 | INFO | 02_preprocess_pupil | Session 153/721 | NYU-57 | 354c37f7-1025-46b2-8c95-4fe76bb6b60b | extracting trial-level pupil features
2026-07-24 16:30:30,201 | INFO | 02_preprocess_pupil | Session 153/721 | NYU-57 | 354c37f7-1025-46b2-8c95-4fe76bb6b60b | feature extraction complete | stimulus windows valid=76.0% | feedback windows valid=74.0%
2026-07-24 16:30:30,202 | INFO | 02_preprocess_pupil | Session 153/721 complete | status=success | source=one | usable=True | missing=13.5% | session time=31s | cumulative trials=100291/472728 | usable=122 | rejected=11 | failed=20 | elapsed=38m 21s | ETA=2h 22m 24s
2026-07-24 16:30:30,202 | INFO | 02_preprocess_pupil | Session 154/721 | NYU-56 | 35ec45f2-3309-4f28-b532-b942336dd01d | trials=610 | expected source=ONE | starting
2026-07-24 16:30:30,203 | INFO | 02_preprocess_pupil | Session 154/721 | NYU-56 | 35ec45f2-3309-4f28-b532-b942336dd01d | cache miss; fetching trace from ONE
2026-07-24 16:30:30,203 | INFO | 02_preprocess_pupil | Session 154/721 | NYU-56 | 35ec45f2-3309-4f28-b532-b942336dd01d | listing camera datasets
2026-07-24 16:30:31,732 | INFO | 02_preprocess_pupil | Session 154/721 | NYU-56 | 35ec45f2-3309-4f28-b532-b942336dd01d | camera dataset listing complete | matches=5
2026-07-24 16:30:31,732 | INFO | 02_preprocess_pupil | Session 154/721 | NYU-56 | 35ec45f2-3309-4f28-b532-b942336dd01d | loading DLC dataset alf/_ibl_leftCamera.dlc.pqt
2026-07-24 16:30:31,973 | INFO | 02_preprocess_pupil | Session 154/721 | NYU-56 | 35ec45f2-3309-4f28-b532-b942336dd01d | DLC loaded | rows=366596 | columns=33
2026-07-24 16:30:31,973 | INFO | 02_preprocess_pupil | Session 154/721 | NYU-56 | 35ec45f2-3309-4f28-b532-b942336dd01d | loading timestamp dataset alf/_ibl_leftCamera.times.npy
2026-07-24 16:30:32,126 | INFO | 02_preprocess_pupil | Session 154/721 | NYU-56 | 35ec45f2-3309-4f28-b532-b942336dd01d | timestamps loaded | samples=366596 | duration=1h 41m 45s
2026-07-24 16:30:32,126 | INFO | 02_preprocess_pupil | Session 154/721 | NYU-56 | 35ec45f2-3309-4f28-b532-b942336dd01d | thresholding DLC likelihoods
2026-07-24 16:30:32,168 | INFO | 02_preprocess_pupil | Session 154/721 | NYU-56 | 35ec45f2-3309-4f28-b532-b942336dd01d | estimating raw pupil diameter
2026-07-24 16:30:32,343 | INFO | 02_preprocess_pupil | Session 154/721 | NYU-56 | 35ec45f2-3309-4f28-b532-b942336dd01d | raw pupil diameter ready | samples=366596 | missing=20.2%
2026-07-24 16:30:32,343 | INFO | 02_preprocess_pupil | Session 154/721 | NYU-56 | 35ec45f2-3309-4f28-b532-b942336dd01d | smoothing pupil diameter
2026-07-24 16:31:05,586 | INFO | 02_preprocess_pupil | Session 154/721 | NYU-56 | 35ec45f2-3309-4f28-b532-b942336dd01d | smoothing complete | missing=3.8%
2026-07-24 16:31:05,586 | INFO | 02_preprocess_pupil | Session 154/721 | NYU-56 | 35ec45f2-3309-4f28-b532-b942336dd01d | masking blink and velocity artifacts
2026-07-24 16:31:05,617 | INFO | 02_preprocess_pupil | Session 154/721 | NYU-56 | 35ec45f2-3309-4f28-b532-b942336dd01d | trace cleaning complete | cleaned missing=10.1% | artifact fraction=10.1%
2026-07-24 16:31:05,618 | INFO | 02_preprocess_pupil | Session 154/721 | NYU-56 | 35ec45f2-3309-4f28-b532-b942336dd01d | writing trace cache 35ec45f2-3309-4f28-b532-b942336dd01d.npz
2026-07-24 16:31:05,882 | INFO | 02_preprocess_pupil | Session 154/721 | NYU-56 | 35ec45f2-3309-4f28-b532-b942336dd01d | trace cache written | size=6.5 MB
2026-07-24 16:31:05,883 | INFO | 02_preprocess_pupil | Session 154/721 | NYU-56 | 35ec45f2-3309-4f28-b532-b942336dd01d | extracting trial-level pupil features
2026-07-24 16:31:06,592 | INFO | 02_preprocess_pupil | Session 154/721 | NYU-56 | 35ec45f2-3309-4f28-b532-b942336dd01d | feature extraction complete | stimulus windows valid=82.5% | feedback windows valid=85.7%
2026-07-24 16:31:06,593 | INFO | 02_preprocess_pupil | Session 154/721 complete | status=success | source=one | usable=True | missing=10.1% | session time=36s | cumulative trials=100901/472728 | usable=123 | rejected=11 | failed=20 | elapsed=38m 58s | ETA=2h 23m 27s
2026-07-24 16:31:06,594 | INFO | 02_preprocess_pupil | Session 155/721 | NYU-39 | 35ed605c-1a1a-47b1-86ff-2b56144f55af | trials=522 | expected source=ONE | starting
2026-07-24 16:31:06,594 | INFO | 02_preprocess_pupil | Session 155/721 | NYU-39 | 35ed605c-1a1a-47b1-86ff-2b56144f55af | cache miss; fetching trace from ONE
2026-07-24 16:31:06,595 | INFO | 02_preprocess_pupil | Session 155/721 | NYU-39 | 35ed605c-1a1a-47b1-86ff-2b56144f55af | listing camera datasets
2026-07-24 16:31:08,922 | INFO | 02_preprocess_pupil | Session 155/721 | NYU-39 | 35ed605c-1a1a-47b1-86ff-2b56144f55af | camera dataset listing complete | matches=8
2026-07-24 16:31:08,923 | INFO | 02_preprocess_pupil | Session 155/721 | NYU-39 | 35ed605c-1a1a-47b1-86ff-2b56144f55af | loading DLC dataset alf/_ibl_leftCamera.dlc.pqt
2026-07-24 16:31:09,178 | INFO | 02_preprocess_pupil | Session 155/721 | NYU-39 | 35ed605c-1a1a-47b1-86ff-2b56144f55af | DLC loaded | rows=221739 | columns=33
2026-07-24 16:31:09,178 | INFO | 02_preprocess_pupil | Session 155/721 | NYU-39 | 35ed605c-1a1a-47b1-86ff-2b56144f55af | loading timestamp dataset alf/_ibl_leftCamera.times.npy
2026-07-24 16:31:09,316 | INFO | 02_preprocess_pupil | Session 155/721 | NYU-39 | 35ed605c-1a1a-47b1-86ff-2b56144f55af | timestamps loaded | samples=221739 | duration=1h 01m 33s
2026-07-24 16:31:09,316 | INFO | 02_preprocess_pupil | Session 155/721 | NYU-39 | 35ed605c-1a1a-47b1-86ff-2b56144f55af | thresholding DLC likelihoods
2026-07-24 16:31:09,362 | INFO | 02_preprocess_pupil | Session 155/721 | NYU-39 | 35ed605c-1a1a-47b1-86ff-2b56144f55af | estimating raw pupil diameter
2026-07-24 16:31:09,508 | INFO | 02_preprocess_pupil | Session 155/721 | NYU-39 | 35ed605c-1a1a-47b1-86ff-2b56144f55af | raw pupil diameter ready | samples=221739 | missing=43.4%
2026-07-24 16:31:09,509 | INFO | 02_preprocess_pupil | Session 155/721 | NYU-39 | 35ed605c-1a1a-47b1-86ff-2b56144f55af | smoothing pupil diameter
2026-07-24 16:31:23,797 | INFO | 02_preprocess_pupil | Session 155/721 | NYU-39 | 35ed605c-1a1a-47b1-86ff-2b56144f55af | smoothing complete | missing=19.2%
2026-07-24 16:31:23,797 | INFO | 02_preprocess_pupil | Session 155/721 | NYU-39 | 35ed605c-1a1a-47b1-86ff-2b56144f55af | masking blink and velocity artifacts
2026-07-24 16:31:23,814 | INFO | 02_preprocess_pupil | Session 155/721 | NYU-39 | 35ed605c-1a1a-47b1-86ff-2b56144f55af | trace cleaning complete | cleaned missing=26.3% | artifact fraction=26.3%
2026-07-24 16:31:23,815 | INFO | 02_preprocess_pupil | Session 155/721 | NYU-39 | 35ed605c-1a1a-47b1-86ff-2b56144f55af | writing trace cache 35ed605c-1a1a-47b1-86ff-2b56144f55af.npz
2026-07-24 16:31:23,952 | INFO | 02_preprocess_pupil | Session 155/721 | NYU-39 | 35ed605c-1a1a-47b1-86ff-2b56144f55af | trace cache written | size=3.3 MB
2026-07-24 16:31:23,953 | INFO | 02_preprocess_pupil | Session 155/721 | NYU-39 | 35ed605c-1a1a-47b1-86ff-2b56144f55af | extracting trial-level pupil features
2026-07-24 16:31:24,356 | INFO | 02_preprocess_pupil | Session 155/721 | NYU-39 | 35ed605c-1a1a-47b1-86ff-2b56144f55af | feature extraction complete | stimulus windows valid=61.9% | feedback windows valid=56.3%
2026-07-24 16:31:24,357 | INFO | 02_preprocess_pupil | Session 155/721 complete | status=success | source=one | usable=True | missing=26.3% | session time=18s | cumulative trials=101423/472728 | usable=124 | rejected=11 | failed=20 | elapsed=39m 15s | ETA=2h 23m 21s
2026-07-24 16:31:24,358 | INFO | 02_preprocess_pupil | Session 156/721 | MFD_06 | 35eeb752-8f4f-4040-9714-ba0f5b7ccdfe | trials=762 | expected source=ONE | starting
2026-07-24 16:31:24,358 | INFO | 02_preprocess_pupil | Session 156/721 | MFD_06 | 35eeb752-8f4f-4040-9714-ba0f5b7ccdfe | cache miss; fetching trace from ONE
2026-07-24 16:31:24,358 | INFO | 02_preprocess_pupil | Session 156/721 | MFD_06 | 35eeb752-8f4f-4040-9714-ba0f5b7ccdfe | listing camera datasets
2026-07-24 16:31:25,875 | INFO | 02_preprocess_pupil | Session 156/721 | MFD_06 | 35eeb752-8f4f-4040-9714-ba0f5b7ccdfe | camera dataset listing complete | matches=8
2026-07-24 16:31:25,875 | INFO | 02_preprocess_pupil | Session 156/721 | MFD_06 | 35eeb752-8f4f-4040-9714-ba0f5b7ccdfe | loading DLC dataset alf/_ibl_leftCamera.dlc.pqt
2026-07-24 16:31:32,447 | INFO | 02_preprocess_pupil | Session 156/721 | MFD_06 | 35eeb752-8f4f-4040-9714-ba0f5b7ccdfe | DLC loaded | rows=300210 | columns=33
2026-07-24 16:31:32,447 | INFO | 02_preprocess_pupil | Session 156/721 | MFD_06 | 35eeb752-8f4f-4040-9714-ba0f5b7ccdfe | loading timestamp dataset alf/_ibl_leftCamera.times.npy
2026-07-24 16:31:33,881 | INFO | 02_preprocess_pupil | Session 156/721 | MFD_06 | 35eeb752-8f4f-4040-9714-ba0f5b7ccdfe | timestamps loaded | samples=300210 | duration=1h 22m 05s
2026-07-24 16:31:33,882 | INFO | 02_preprocess_pupil | Session 156/721 | MFD_06 | 35eeb752-8f4f-4040-9714-ba0f5b7ccdfe | thresholding DLC likelihoods
2026-07-24 16:31:33,911 | INFO | 02_preprocess_pupil | Session 156/721 | MFD_06 | 35eeb752-8f4f-4040-9714-ba0f5b7ccdfe | estimating raw pupil diameter
2026-07-24 16:31:33,996 | INFO | 02_preprocess_pupil | Session 156/721 | MFD_06 | 35eeb752-8f4f-4040-9714-ba0f5b7ccdfe | raw pupil diameter ready | samples=300210 | missing=0.3%
2026-07-24 16:31:33,997 | INFO | 02_preprocess_pupil | Session 156/721 | MFD_06 | 35eeb752-8f4f-4040-9714-ba0f5b7ccdfe | smoothing pupil diameter
2026-07-24 16:32:08,797 | INFO | 02_preprocess_pupil | Session 156/721 | MFD_06 | 35eeb752-8f4f-4040-9714-ba0f5b7ccdfe | smoothing complete | missing=0.0%
2026-07-24 16:32:08,798 | INFO | 02_preprocess_pupil | Session 156/721 | MFD_06 | 35eeb752-8f4f-4040-9714-ba0f5b7ccdfe | masking blink and velocity artifacts
2026-07-24 16:32:08,823 | INFO | 02_preprocess_pupil | Session 156/721 | MFD_06 | 35eeb752-8f4f-4040-9714-ba0f5b7ccdfe | trace cleaning complete | cleaned missing=4.9% | artifact fraction=4.9%
2026-07-24 16:32:08,823 | INFO | 02_preprocess_pupil | Session 156/721 | MFD_06 | 35eeb752-8f4f-4040-9714-ba0f5b7ccdfe | writing trace cache 35eeb752-8f4f-4040-9714-ba0f5b7ccdfe.npz
2026-07-24 16:32:09,056 | INFO | 02_preprocess_pupil | Session 156/721 | MFD_06 | 35eeb752-8f4f-4040-9714-ba0f5b7ccdfe | trace cache written | size=5.7 MB
2026-07-24 16:32:09,057 | INFO | 02_preprocess_pupil | Session 156/721 | MFD_06 | 35eeb752-8f4f-4040-9714-ba0f5b7ccdfe | extracting trial-level pupil features
2026-07-24 16:32:09,800 | INFO | 02_preprocess_pupil | Session 156/721 | MFD_06 | 35eeb752-8f4f-4040-9714-ba0f5b7ccdfe | feature extraction complete | stimulus windows valid=77.4% | feedback windows valid=82.5%
2026-07-24 16:32:09,800 | INFO | 02_preprocess_pupil | Session 156/721 complete | status=success | source=one | usable=True | missing=4.9% | session time=45s | cumulative trials=102185/472728 | usable=125 | rejected=11 | failed=20 | elapsed=40m 01s | ETA=2h 24m 56s
2026-07-24 16:32:09,801 | INFO | 02_preprocess_pupil | Session 157/721 | SWC_061 | 360eac0c-7d2d-4cc1-9dcf-79fc7afc56e7 | trials=609 | expected source=ONE | starting
2026-07-24 16:32:09,802 | INFO | 02_preprocess_pupil | Session 157/721 | SWC_061 | 360eac0c-7d2d-4cc1-9dcf-79fc7afc56e7 | cache miss; fetching trace from ONE
2026-07-24 16:32:09,802 | INFO | 02_preprocess_pupil | Session 157/721 | SWC_061 | 360eac0c-7d2d-4cc1-9dcf-79fc7afc56e7 | listing camera datasets
2026-07-24 16:32:12,110 | INFO | 02_preprocess_pupil | Session 157/721 | SWC_061 | 360eac0c-7d2d-4cc1-9dcf-79fc7afc56e7 | camera dataset listing complete | matches=8
2026-07-24 16:32:12,110 | INFO | 02_preprocess_pupil | Session 157/721 | SWC_061 | 360eac0c-7d2d-4cc1-9dcf-79fc7afc56e7 | loading DLC dataset alf/_ibl_leftCamera.dlc.pqt
2026-07-24 16:32:12,329 | INFO | 02_preprocess_pupil | Session 157/721 | SWC_061 | 360eac0c-7d2d-4cc1-9dcf-79fc7afc56e7 | DLC loaded | rows=342964 | columns=33
2026-07-24 16:32:12,329 | INFO | 02_preprocess_pupil | Session 157/721 | SWC_061 | 360eac0c-7d2d-4cc1-9dcf-79fc7afc56e7 | loading timestamp dataset alf/_ibl_leftCamera.times.npy
2026-07-24 16:32:12,478 | INFO | 02_preprocess_pupil | Session 157/721 | SWC_061 | 360eac0c-7d2d-4cc1-9dcf-79fc7afc56e7 | timestamps loaded | samples=342964 | duration=1h 35m 38s
2026-07-24 16:32:12,479 | INFO | 02_preprocess_pupil | Session 157/721 | SWC_061 | 360eac0c-7d2d-4cc1-9dcf-79fc7afc56e7 | thresholding DLC likelihoods
2026-07-24 16:32:12,519 | INFO | 02_preprocess_pupil | Session 157/721 | SWC_061 | 360eac0c-7d2d-4cc1-9dcf-79fc7afc56e7 | estimating raw pupil diameter
2026-07-24 16:32:12,714 | INFO | 02_preprocess_pupil | Session 157/721 | SWC_061 | 360eac0c-7d2d-4cc1-9dcf-79fc7afc56e7 | raw pupil diameter ready | samples=342964 | missing=26.4%
2026-07-24 16:32:12,714 | INFO | 02_preprocess_pupil | Session 157/721 | SWC_061 | 360eac0c-7d2d-4cc1-9dcf-79fc7afc56e7 | smoothing pupil diameter
2026-07-24 16:32:41,268 | INFO | 02_preprocess_pupil | Session 157/721 | SWC_061 | 360eac0c-7d2d-4cc1-9dcf-79fc7afc56e7 | smoothing complete | missing=7.5%
2026-07-24 16:32:41,269 | INFO | 02_preprocess_pupil | Session 157/721 | SWC_061 | 360eac0c-7d2d-4cc1-9dcf-79fc7afc56e7 | masking blink and velocity artifacts
2026-07-24 16:32:41,295 | INFO | 02_preprocess_pupil | Session 157/721 | SWC_061 | 360eac0c-7d2d-4cc1-9dcf-79fc7afc56e7 | trace cleaning complete | cleaned missing=16.1% | artifact fraction=16.1%
2026-07-24 16:32:41,295 | INFO | 02_preprocess_pupil | Session 157/721 | SWC_061 | 360eac0c-7d2d-4cc1-9dcf-79fc7afc56e7 | writing trace cache 360eac0c-7d2d-4cc1-9dcf-79fc7afc56e7.npz
2026-07-24 16:32:41,533 | INFO | 02_preprocess_pupil | Session 157/721 | SWC_061 | 360eac0c-7d2d-4cc1-9dcf-79fc7afc56e7 | trace cache written | size=5.8 MB
2026-07-24 16:32:41,535 | INFO | 02_preprocess_pupil | Session 157/721 | SWC_061 | 360eac0c-7d2d-4cc1-9dcf-79fc7afc56e7 | extracting trial-level pupil features
2026-07-24 16:32:42,184 | INFO | 02_preprocess_pupil | Session 157/721 | SWC_061 | 360eac0c-7d2d-4cc1-9dcf-79fc7afc56e7 | feature extraction complete | stimulus windows valid=57.6% | feedback windows valid=59.1%
2026-07-24 16:32:42,184 | INFO | 02_preprocess_pupil | Session 157/721 complete | status=success | source=one | usable=True | missing=16.1% | session time=32s | cumulative trials=102794/472728 | usable=126 | rejected=11 | failed=20 | elapsed=40m 33s | ETA=2h 25m 41s
2026-07-24 16:32:42,185 | INFO | 02_preprocess_pupil | Session 158/721 | DY_011 | 36280321-555b-446d-9b7d-c2e17991e090 | trials=556 | expected source=ONE | starting
2026-07-24 16:32:42,186 | INFO | 02_preprocess_pupil | Session 158/721 | DY_011 | 36280321-555b-446d-9b7d-c2e17991e090 | cache miss; fetching trace from ONE
2026-07-24 16:32:42,186 | INFO | 02_preprocess_pupil | Session 158/721 | DY_011 | 36280321-555b-446d-9b7d-c2e17991e090 | listing camera datasets
2026-07-24 16:32:43,743 | INFO | 02_preprocess_pupil | Session 158/721 | DY_011 | 36280321-555b-446d-9b7d-c2e17991e090 | camera dataset listing complete | matches=8
2026-07-24 16:32:43,744 | INFO | 02_preprocess_pupil | Session 158/721 | DY_011 | 36280321-555b-446d-9b7d-c2e17991e090 | loading DLC dataset alf/_ibl_leftCamera.dlc.pqt
2026-07-24 16:32:43,917 | INFO | 02_preprocess_pupil | Session 158/721 | DY_011 | 36280321-555b-446d-9b7d-c2e17991e090 | DLC loaded | rows=194494 | columns=33
2026-07-24 16:32:43,917 | INFO | 02_preprocess_pupil | Session 158/721 | DY_011 | 36280321-555b-446d-9b7d-c2e17991e090 | loading timestamp dataset alf/#2023-04-20#/_ibl_leftCamera.times.npy
2026-07-24 16:32:44,025 | INFO | 02_preprocess_pupil | Session 158/721 | DY_011 | 36280321-555b-446d-9b7d-c2e17991e090 | timestamps loaded | samples=194494 | duration=53m 58s
2026-07-24 16:32:44,026 | INFO | 02_preprocess_pupil | Session 158/721 | DY_011 | 36280321-555b-446d-9b7d-c2e17991e090 | thresholding DLC likelihoods
2026-07-24 16:32:44,057 | INFO | 02_preprocess_pupil | Session 158/721 | DY_011 | 36280321-555b-446d-9b7d-c2e17991e090 | estimating raw pupil diameter
2026-07-24 16:32:44,116 | INFO | 02_preprocess_pupil | Session 158/721 | DY_011 | 36280321-555b-446d-9b7d-c2e17991e090 | raw pupil diameter ready | samples=194494 | missing=0.5%
2026-07-24 16:32:44,116 | INFO | 02_preprocess_pupil | Session 158/721 | DY_011 | 36280321-555b-446d-9b7d-c2e17991e090 | smoothing pupil diameter
2026-07-24 16:33:06,113 | INFO | 02_preprocess_pupil | Session 158/721 | DY_011 | 36280321-555b-446d-9b7d-c2e17991e090 | smoothing complete | missing=0.0%
2026-07-24 16:33:06,113 | INFO | 02_preprocess_pupil | Session 158/721 | DY_011 | 36280321-555b-446d-9b7d-c2e17991e090 | masking blink and velocity artifacts
2026-07-24 16:33:06,131 | INFO | 02_preprocess_pupil | Session 158/721 | DY_011 | 36280321-555b-446d-9b7d-c2e17991e090 | trace cleaning complete | cleaned missing=5.2% | artifact fraction=5.2%
2026-07-24 16:33:06,131 | INFO | 02_preprocess_pupil | Session 158/721 | DY_011 | 36280321-555b-446d-9b7d-c2e17991e090 | writing trace cache 36280321-555b-446d-9b7d-c2e17991e090.npz
2026-07-24 16:33:06,302 | INFO | 02_preprocess_pupil | Session 158/721 | DY_011 | 36280321-555b-446d-9b7d-c2e17991e090 | trace cache written | size=3.7 MB
2026-07-24 16:33:06,304 | INFO | 02_preprocess_pupil | Session 158/721 | DY_011 | 36280321-555b-446d-9b7d-c2e17991e090 | extracting trial-level pupil features
2026-07-24 16:33:06,857 | INFO | 02_preprocess_pupil | Session 158/721 | DY_011 | 36280321-555b-446d-9b7d-c2e17991e090 | feature extraction complete | stimulus windows valid=91.2% | feedback windows valid=91.4%
2026-07-24 16:33:06,858 | INFO | 02_preprocess_pupil | Session 158/721 complete | status=success | source=one | usable=True | missing=5.2% | session time=25s | cumulative trials=103350/472728 | usable=127 | rejected=11 | failed=20 | elapsed=40m 58s | ETA=2h 25m 59s
2026-07-24 16:33:06,858 | INFO | 02_preprocess_pupil | Session 159/721 | SWC_058 | 3638d102-e8b6-4230-8742-e548cd87a949 | trials=695 | expected source=ONE | starting
2026-07-24 16:33:06,859 | INFO | 02_preprocess_pupil | Session 159/721 | SWC_058 | 3638d102-e8b6-4230-8742-e548cd87a949 | cache miss; fetching trace from ONE
2026-07-24 16:33:06,859 | INFO | 02_preprocess_pupil | Session 159/721 | SWC_058 | 3638d102-e8b6-4230-8742-e548cd87a949 | listing camera datasets
2026-07-24 16:33:08,778 | INFO | 02_preprocess_pupil | Session 159/721 | SWC_058 | 3638d102-e8b6-4230-8742-e548cd87a949 | camera dataset listing complete | matches=10
2026-07-24 16:33:08,778 | INFO | 02_preprocess_pupil | Session 159/721 | SWC_058 | 3638d102-e8b6-4230-8742-e548cd87a949 | loading DLC dataset alf/_ibl_leftCamera.dlc.pqt
2026-07-24 16:33:15,931 | INFO | 02_preprocess_pupil | Session 159/721 | SWC_058 | 3638d102-e8b6-4230-8742-e548cd87a949 | DLC loaded | rows=364818 | columns=33
2026-07-24 16:33:15,931 | INFO | 02_preprocess_pupil | Session 159/721 | SWC_058 | 3638d102-e8b6-4230-8742-e548cd87a949 | loading timestamp dataset alf/_ibl_leftCamera.times.npy
2026-07-24 16:33:17,372 | INFO | 02_preprocess_pupil | Session 159/721 | SWC_058 | 3638d102-e8b6-4230-8742-e548cd87a949 | timestamps loaded | samples=364818 | duration=1h 41m 44s
2026-07-24 16:33:17,372 | INFO | 02_preprocess_pupil | Session 159/721 | SWC_058 | 3638d102-e8b6-4230-8742-e548cd87a949 | thresholding DLC likelihoods
2026-07-24 16:33:17,410 | INFO | 02_preprocess_pupil | Session 159/721 | SWC_058 | 3638d102-e8b6-4230-8742-e548cd87a949 | estimating raw pupil diameter
2026-07-24 16:33:17,541 | INFO | 02_preprocess_pupil | Session 159/721 | SWC_058 | 3638d102-e8b6-4230-8742-e548cd87a949 | raw pupil diameter ready | samples=364818 | missing=3.9%
2026-07-24 16:33:17,541 | INFO | 02_preprocess_pupil | Session 159/721 | SWC_058 | 3638d102-e8b6-4230-8742-e548cd87a949 | smoothing pupil diameter
2026-07-24 16:33:57,433 | INFO | 02_preprocess_pupil | Session 159/721 | SWC_058 | 3638d102-e8b6-4230-8742-e548cd87a949 | smoothing complete | missing=0.0%
2026-07-24 16:33:57,434 | INFO | 02_preprocess_pupil | Session 159/721 | SWC_058 | 3638d102-e8b6-4230-8742-e548cd87a949 | masking blink and velocity artifacts
2026-07-24 16:33:57,463 | INFO | 02_preprocess_pupil | Session 159/721 | SWC_058 | 3638d102-e8b6-4230-8742-e548cd87a949 | trace cleaning complete | cleaned missing=6.6% | artifact fraction=6.6%
2026-07-24 16:33:57,464 | INFO | 02_preprocess_pupil | Session 159/721 | SWC_058 | 3638d102-e8b6-4230-8742-e548cd87a949 | writing trace cache 3638d102-e8b6-4230-8742-e548cd87a949.npz
2026-07-24 16:33:57,743 | INFO | 02_preprocess_pupil | Session 159/721 | SWC_058 | 3638d102-e8b6-4230-8742-e548cd87a949 | trace cache written | size=6.9 MB
2026-07-24 16:33:57,745 | INFO | 02_preprocess_pupil | Session 159/721 | SWC_058 | 3638d102-e8b6-4230-8742-e548cd87a949 | extracting trial-level pupil features
2026-07-24 16:33:58,529 | INFO | 02_preprocess_pupil | Session 159/721 | SWC_058 | 3638d102-e8b6-4230-8742-e548cd87a949 | feature extraction complete | stimulus windows valid=77.1% | feedback windows valid=76.7%
2026-07-24 16:33:58,530 | INFO | 02_preprocess_pupil | Session 159/721 complete | status=success | source=one | usable=True | missing=6.6% | session time=52s | cumulative trials=104045/472728 | usable=128 | rejected=11 | failed=20 | elapsed=41m 50s | ETA=2h 27m 51s
2026-07-24 16:33:58,531 | INFO | 02_preprocess_pupil | Session 160/721 | PL035 | 36573e0b-ddd6-4504-94ec-9a23c877486c | trials=516 | expected source=ONE | starting
2026-07-24 16:33:58,531 | INFO | 02_preprocess_pupil | Session 160/721 | PL035 | 36573e0b-ddd6-4504-94ec-9a23c877486c | cache miss; fetching trace from ONE
2026-07-24 16:33:58,531 | INFO | 02_preprocess_pupil | Session 160/721 | PL035 | 36573e0b-ddd6-4504-94ec-9a23c877486c | listing camera datasets
2026-07-24 16:34:00,190 | INFO | 02_preprocess_pupil | Session 160/721 | PL035 | 36573e0b-ddd6-4504-94ec-9a23c877486c | camera dataset listing complete | matches=8
2026-07-24 16:34:00,190 | INFO | 02_preprocess_pupil | Session 160/721 | PL035 | 36573e0b-ddd6-4504-94ec-9a23c877486c | loading DLC dataset alf/_ibl_leftCamera.dlc.pqt
2026-07-24 16:34:00,427 | INFO | 02_preprocess_pupil | Session 160/721 | PL035 | 36573e0b-ddd6-4504-94ec-9a23c877486c | DLC loaded | rows=242221 | columns=33
2026-07-24 16:34:00,427 | INFO | 02_preprocess_pupil | Session 160/721 | PL035 | 36573e0b-ddd6-4504-94ec-9a23c877486c | loading timestamp dataset alf/_ibl_leftCamera.times.npy
2026-07-24 16:34:00,545 | INFO | 02_preprocess_pupil | Session 160/721 | PL035 | 36573e0b-ddd6-4504-94ec-9a23c877486c | timestamps loaded | samples=242221 | duration=1h 07m 14s
2026-07-24 16:34:00,545 | INFO | 02_preprocess_pupil | Session 160/721 | PL035 | 36573e0b-ddd6-4504-94ec-9a23c877486c | thresholding DLC likelihoods
2026-07-24 16:34:00,577 | INFO | 02_preprocess_pupil | Session 160/721 | PL035 | 36573e0b-ddd6-4504-94ec-9a23c877486c | estimating raw pupil diameter
2026-07-24 16:34:00,682 | INFO | 02_preprocess_pupil | Session 160/721 | PL035 | 36573e0b-ddd6-4504-94ec-9a23c877486c | raw pupil diameter ready | samples=242221 | missing=17.3%
2026-07-24 16:34:00,683 | INFO | 02_preprocess_pupil | Session 160/721 | PL035 | 36573e0b-ddd6-4504-94ec-9a23c877486c | smoothing pupil diameter
2026-07-24 16:34:23,068 | INFO | 02_preprocess_pupil | Session 160/721 | PL035 | 36573e0b-ddd6-4504-94ec-9a23c877486c | smoothing complete | missing=0.6%
2026-07-24 16:34:23,068 | INFO | 02_preprocess_pupil | Session 160/721 | PL035 | 36573e0b-ddd6-4504-94ec-9a23c877486c | masking blink and velocity artifacts
2026-07-24 16:34:23,089 | INFO | 02_preprocess_pupil | Session 160/721 | PL035 | 36573e0b-ddd6-4504-94ec-9a23c877486c | trace cleaning complete | cleaned missing=5.6% | artifact fraction=5.6%
2026-07-24 16:34:23,090 | INFO | 02_preprocess_pupil | Session 160/721 | PL035 | 36573e0b-ddd6-4504-94ec-9a23c877486c | writing trace cache 36573e0b-ddd6-4504-94ec-9a23c877486c.npz
2026-07-24 16:34:23,271 | INFO | 02_preprocess_pupil | Session 160/721 | PL035 | 36573e0b-ddd6-4504-94ec-9a23c877486c | trace cache written | size=4.4 MB
2026-07-24 16:34:23,273 | INFO | 02_preprocess_pupil | Session 160/721 | PL035 | 36573e0b-ddd6-4504-94ec-9a23c877486c | extracting trial-level pupil features
2026-07-24 16:34:23,661 | INFO | 02_preprocess_pupil | Session 160/721 | PL035 | 36573e0b-ddd6-4504-94ec-9a23c877486c | feature extraction complete | stimulus windows valid=75.4% | feedback windows valid=72.1%
2026-07-24 16:34:23,661 | INFO | 02_preprocess_pupil | Session 160/721 complete | status=success | source=one | usable=True | missing=5.6% | session time=25s | cumulative trials=104561/472728 | usable=129 | rejected=11 | failed=20 | elapsed=42m 15s | ETA=2h 28m 08s
2026-07-24 16:34:23,662 | INFO | 02_preprocess_pupil | Session 161/721 | CSHL052 | 3663d82b-f197-4e8b-b299-7b803a155b84 | trials=893 | expected source=ONE | starting
2026-07-24 16:34:23,662 | INFO | 02_preprocess_pupil | Session 161/721 | CSHL052 | 3663d82b-f197-4e8b-b299-7b803a155b84 | cache miss; fetching trace from ONE
2026-07-24 16:34:23,663 | INFO | 02_preprocess_pupil | Session 161/721 | CSHL052 | 3663d82b-f197-4e8b-b299-7b803a155b84 | listing camera datasets
2026-07-24 16:34:26,152 | INFO | 02_preprocess_pupil | Session 161/721 | CSHL052 | 3663d82b-f197-4e8b-b299-7b803a155b84 | camera dataset listing complete | matches=8
2026-07-24 16:34:26,152 | INFO | 02_preprocess_pupil | Session 161/721 | CSHL052 | 3663d82b-f197-4e8b-b299-7b803a155b84 | loading DLC dataset alf/_ibl_leftCamera.dlc.pqt
2026-07-24 16:34:34,040 | INFO | 02_preprocess_pupil | Session 161/721 | CSHL052 | 3663d82b-f197-4e8b-b299-7b803a155b84 | DLC loaded | rows=379265 | columns=33
2026-07-24 16:34:34,040 | INFO | 02_preprocess_pupil | Session 161/721 | CSHL052 | 3663d82b-f197-4e8b-b299-7b803a155b84 | loading timestamp dataset alf/#2023-04-20#/_ibl_leftCamera.times.npy
2026-07-24 16:34:35,462 | INFO | 02_preprocess_pupil | Session 161/721 | CSHL052 | 3663d82b-f197-4e8b-b299-7b803a155b84 | timestamps loaded | samples=379265 | duration=1h 45m 16s
2026-07-24 16:34:35,462 | INFO | 02_preprocess_pupil | Session 161/721 | CSHL052 | 3663d82b-f197-4e8b-b299-7b803a155b84 | thresholding DLC likelihoods
2026-07-24 16:34:35,496 | INFO | 02_preprocess_pupil | Session 161/721 | CSHL052 | 3663d82b-f197-4e8b-b299-7b803a155b84 | estimating raw pupil diameter
2026-07-24 16:34:35,602 | INFO | 02_preprocess_pupil | Session 161/721 | CSHL052 | 3663d82b-f197-4e8b-b299-7b803a155b84 | raw pupil diameter ready | samples=379265 | missing=0.1%
2026-07-24 16:34:35,602 | INFO | 02_preprocess_pupil | Session 161/721 | CSHL052 | 3663d82b-f197-4e8b-b299-7b803a155b84 | smoothing pupil diameter
2026-07-24 16:35:18,464 | INFO | 02_preprocess_pupil | Session 161/721 | CSHL052 | 3663d82b-f197-4e8b-b299-7b803a155b84 | smoothing complete | missing=0.0%
2026-07-24 16:35:18,465 | INFO | 02_preprocess_pupil | Session 161/721 | CSHL052 | 3663d82b-f197-4e8b-b299-7b803a155b84 | masking blink and velocity artifacts
2026-07-24 16:35:18,495 | INFO | 02_preprocess_pupil | Session 161/721 | CSHL052 | 3663d82b-f197-4e8b-b299-7b803a155b84 | trace cleaning complete | cleaned missing=5.8% | artifact fraction=5.8%
2026-07-24 16:35:18,495 | INFO | 02_preprocess_pupil | Session 161/721 | CSHL052 | 3663d82b-f197-4e8b-b299-7b803a155b84 | writing trace cache 3663d82b-f197-4e8b-b299-7b803a155b84.npz
2026-07-24 16:35:18,789 | INFO | 02_preprocess_pupil | Session 161/721 | CSHL052 | 3663d82b-f197-4e8b-b299-7b803a155b84 | trace cache written | size=6.7 MB
2026-07-24 16:35:18,791 | INFO | 02_preprocess_pupil | Session 161/721 | CSHL052 | 3663d82b-f197-4e8b-b299-7b803a155b84 | extracting trial-level pupil features
2026-07-24 16:35:19,900 | INFO | 02_preprocess_pupil | Session 161/721 | CSHL052 | 3663d82b-f197-4e8b-b299-7b803a155b84 | feature extraction complete | stimulus windows valid=92.6% | feedback windows valid=91.8%
2026-07-24 16:35:19,901 | INFO | 02_preprocess_pupil | Session 161/721 complete | status=success | source=one | usable=True | missing=5.8% | session time=56s | cumulative trials=105454/472728 | usable=130 | rejected=11 | failed=20 | elapsed=43m 11s | ETA=2h 30m 12s
2026-07-24 16:35:19,901 | INFO | 02_preprocess_pupil | Session 162/721 | PL033 | 37ac03f1-9831-4a30-90fc-a59e635b98bd | trials=490 | expected source=ONE | starting
2026-07-24 16:35:19,902 | INFO | 02_preprocess_pupil | Session 162/721 | PL033 | 37ac03f1-9831-4a30-90fc-a59e635b98bd | cache miss; fetching trace from ONE
2026-07-24 16:35:19,902 | INFO | 02_preprocess_pupil | Session 162/721 | PL033 | 37ac03f1-9831-4a30-90fc-a59e635b98bd | listing camera datasets
2026-07-24 16:35:21,528 | INFO | 02_preprocess_pupil | Session 162/721 | PL033 | 37ac03f1-9831-4a30-90fc-a59e635b98bd | camera dataset listing complete | matches=8
2026-07-24 16:35:21,528 | INFO | 02_preprocess_pupil | Session 162/721 | PL033 | 37ac03f1-9831-4a30-90fc-a59e635b98bd | loading DLC dataset alf/_ibl_leftCamera.dlc.pqt
2026-07-24 16:35:21,723 | INFO | 02_preprocess_pupil | Session 162/721 | PL033 | 37ac03f1-9831-4a30-90fc-a59e635b98bd | DLC loaded | rows=249025 | columns=33
2026-07-24 16:35:21,723 | INFO | 02_preprocess_pupil | Session 162/721 | PL033 | 37ac03f1-9831-4a30-90fc-a59e635b98bd | loading timestamp dataset alf/_ibl_leftCamera.times.npy
2026-07-24 16:35:21,828 | INFO | 02_preprocess_pupil | Session 162/721 | PL033 | 37ac03f1-9831-4a30-90fc-a59e635b98bd | timestamps loaded | samples=249025 | duration=1h 09m 07s
2026-07-24 16:35:21,829 | INFO | 02_preprocess_pupil | Session 162/721 | PL033 | 37ac03f1-9831-4a30-90fc-a59e635b98bd | thresholding DLC likelihoods
2026-07-24 16:35:21,858 | INFO | 02_preprocess_pupil | Session 162/721 | PL033 | 37ac03f1-9831-4a30-90fc-a59e635b98bd | estimating raw pupil diameter
2026-07-24 16:35:21,958 | INFO | 02_preprocess_pupil | Session 162/721 | PL033 | 37ac03f1-9831-4a30-90fc-a59e635b98bd | raw pupil diameter ready | samples=249025 | missing=16.4%
2026-07-24 16:35:21,959 | INFO | 02_preprocess_pupil | Session 162/721 | PL033 | 37ac03f1-9831-4a30-90fc-a59e635b98bd | smoothing pupil diameter
2026-07-24 16:35:45,220 | INFO | 02_preprocess_pupil | Session 162/721 | PL033 | 37ac03f1-9831-4a30-90fc-a59e635b98bd | smoothing complete | missing=4.1%
2026-07-24 16:35:45,220 | INFO | 02_preprocess_pupil | Session 162/721 | PL033 | 37ac03f1-9831-4a30-90fc-a59e635b98bd | masking blink and velocity artifacts
2026-07-24 16:35:45,242 | INFO | 02_preprocess_pupil | Session 162/721 | PL033 | 37ac03f1-9831-4a30-90fc-a59e635b98bd | trace cleaning complete | cleaned missing=9.8% | artifact fraction=9.8%
2026-07-24 16:35:45,242 | INFO | 02_preprocess_pupil | Session 162/721 | PL033 | 37ac03f1-9831-4a30-90fc-a59e635b98bd | writing trace cache 37ac03f1-9831-4a30-90fc-a59e635b98bd.npz
2026-07-24 16:35:45,419 | INFO | 02_preprocess_pupil | Session 162/721 | PL033 | 37ac03f1-9831-4a30-90fc-a59e635b98bd | trace cache written | size=4.5 MB
2026-07-24 16:35:45,420 | INFO | 02_preprocess_pupil | Session 162/721 | PL033 | 37ac03f1-9831-4a30-90fc-a59e635b98bd | extracting trial-level pupil features
2026-07-24 16:35:45,830 | INFO | 02_preprocess_pupil | Session 162/721 | PL033 | 37ac03f1-9831-4a30-90fc-a59e635b98bd | feature extraction complete | stimulus windows valid=74.7% | feedback windows valid=69.2%
2026-07-24 16:35:45,831 | INFO | 02_preprocess_pupil | Session 162/721 complete | status=success | source=one | usable=True | missing=9.8% | session time=26s | cumulative trials=105944/472728 | usable=131 | rejected=11 | failed=20 | elapsed=43m 37s | ETA=2h 30m 30s
2026-07-24 16:35:45,832 | INFO | 02_preprocess_pupil | Session 163/721 | PL050 | 37bbc17f-8dec-4fa8-97fd-e23a5c6bad1f | trials=759 | expected source=ONE | starting
2026-07-24 16:35:45,832 | INFO | 02_preprocess_pupil | Session 163/721 | PL050 | 37bbc17f-8dec-4fa8-97fd-e23a5c6bad1f | cache miss; fetching trace from ONE
2026-07-24 16:35:45,832 | INFO | 02_preprocess_pupil | Session 163/721 | PL050 | 37bbc17f-8dec-4fa8-97fd-e23a5c6bad1f | listing camera datasets
2026-07-24 16:35:47,402 | INFO | 02_preprocess_pupil | Session 163/721 | PL050 | 37bbc17f-8dec-4fa8-97fd-e23a5c6bad1f | camera dataset listing complete | matches=8
2026-07-24 16:35:47,402 | INFO | 02_preprocess_pupil | Session 163/721 | PL050 | 37bbc17f-8dec-4fa8-97fd-e23a5c6bad1f | loading DLC dataset alf/_ibl_leftCamera.dlc.pqt
2026-07-24 16:35:53,836 | INFO | 02_preprocess_pupil | Session 163/721 | PL050 | 37bbc17f-8dec-4fa8-97fd-e23a5c6bad1f | DLC loaded | rows=273362 | columns=33
2026-07-24 16:35:53,836 | INFO | 02_preprocess_pupil | Session 163/721 | PL050 | 37bbc17f-8dec-4fa8-97fd-e23a5c6bad1f | loading timestamp dataset alf/_ibl_leftCamera.times.npy
2026-07-24 16:35:55,237 | INFO | 02_preprocess_pupil | Session 163/721 | PL050 | 37bbc17f-8dec-4fa8-97fd-e23a5c6bad1f | timestamps loaded | samples=273362 | duration=1h 15m 53s
2026-07-24 16:35:55,237 | INFO | 02_preprocess_pupil | Session 163/721 | PL050 | 37bbc17f-8dec-4fa8-97fd-e23a5c6bad1f | thresholding DLC likelihoods
2026-07-24 16:35:55,265 | INFO | 02_preprocess_pupil | Session 163/721 | PL050 | 37bbc17f-8dec-4fa8-97fd-e23a5c6bad1f | estimating raw pupil diameter
2026-07-24 16:35:55,373 | INFO | 02_preprocess_pupil | Session 163/721 | PL050 | 37bbc17f-8dec-4fa8-97fd-e23a5c6bad1f | raw pupil diameter ready | samples=273362 | missing=13.3%
2026-07-24 16:35:55,373 | INFO | 02_preprocess_pupil | Session 163/721 | PL050 | 37bbc17f-8dec-4fa8-97fd-e23a5c6bad1f | smoothing pupil diameter
2026-07-24 16:36:21,926 | INFO | 02_preprocess_pupil | Session 163/721 | PL050 | 37bbc17f-8dec-4fa8-97fd-e23a5c6bad1f | smoothing complete | missing=0.0%
2026-07-24 16:36:21,926 | INFO | 02_preprocess_pupil | Session 163/721 | PL050 | 37bbc17f-8dec-4fa8-97fd-e23a5c6bad1f | masking blink and velocity artifacts
2026-07-24 16:36:21,948 | INFO | 02_preprocess_pupil | Session 163/721 | PL050 | 37bbc17f-8dec-4fa8-97fd-e23a5c6bad1f | trace cleaning complete | cleaned missing=6.3% | artifact fraction=6.3%
2026-07-24 16:36:21,949 | INFO | 02_preprocess_pupil | Session 163/721 | PL050 | 37bbc17f-8dec-4fa8-97fd-e23a5c6bad1f | writing trace cache 37bbc17f-8dec-4fa8-97fd-e23a5c6bad1f.npz
2026-07-24 16:36:22,147 | INFO | 02_preprocess_pupil | Session 163/721 | PL050 | 37bbc17f-8dec-4fa8-97fd-e23a5c6bad1f | trace cache written | size=5.0 MB
2026-07-24 16:36:22,149 | INFO | 02_preprocess_pupil | Session 163/721 | PL050 | 37bbc17f-8dec-4fa8-97fd-e23a5c6bad1f | extracting trial-level pupil features
2026-07-24 16:36:22,811 | INFO | 02_preprocess_pupil | Session 163/721 | PL050 | 37bbc17f-8dec-4fa8-97fd-e23a5c6bad1f | feature extraction complete | stimulus windows valid=83.3% | feedback windows valid=85.5%
2026-07-24 16:36:22,811 | INFO | 02_preprocess_pupil | Session 163/721 complete | status=success | source=one | usable=True | missing=6.3% | session time=37s | cumulative trials=106703/472728 | usable=132 | rejected=11 | failed=20 | elapsed=44m 14s | ETA=2h 31m 25s
2026-07-24 16:36:22,812 | INFO | 02_preprocess_pupil | Session 164/721 | CSP023 | 37cd4cbb-1090-4a15-a6d0-97c24e8061c9 | trials=813 | expected source=ONE | starting
2026-07-24 16:36:22,812 | INFO | 02_preprocess_pupil | Session 164/721 | CSP023 | 37cd4cbb-1090-4a15-a6d0-97c24e8061c9 | cache miss; fetching trace from ONE
2026-07-24 16:36:22,813 | INFO | 02_preprocess_pupil | Session 164/721 | CSP023 | 37cd4cbb-1090-4a15-a6d0-97c24e8061c9 | listing camera datasets
2026-07-24 16:36:24,174 | INFO | 02_preprocess_pupil | Session 164/721 | CSP023 | 37cd4cbb-1090-4a15-a6d0-97c24e8061c9 | camera dataset listing complete | matches=3
2026-07-24 16:36:24,174 | INFO | 02_preprocess_pupil | Session 164/721 | CSP023 | 37cd4cbb-1090-4a15-a6d0-97c24e8061c9 | loading DLC dataset alf/_ibl_leftCamera.dlc.pqt
2026-07-24 16:36:24,369 | INFO | 02_preprocess_pupil | Session 164/721 | CSP023 | 37cd4cbb-1090-4a15-a6d0-97c24e8061c9 | DLC loaded | rows=279746 | columns=33
2026-07-24 16:36:24,369 | INFO | 02_preprocess_pupil | Session 164/721 | CSP023 | 37cd4cbb-1090-4a15-a6d0-97c24e8061c9 | loading timestamp dataset alf/_ibl_leftCamera.times.npy
2026-07-24 16:36:24,475 | INFO | 02_preprocess_pupil | Session 164/721 | CSP023 | 37cd4cbb-1090-4a15-a6d0-97c24e8061c9 | timestamps loaded | samples=279746 | duration=1h 17m 37s
2026-07-24 16:36:24,476 | INFO | 02_preprocess_pupil | Session 164/721 | CSP023 | 37cd4cbb-1090-4a15-a6d0-97c24e8061c9 | thresholding DLC likelihoods
2026-07-24 16:36:24,513 | INFO | 02_preprocess_pupil | Session 164/721 | CSP023 | 37cd4cbb-1090-4a15-a6d0-97c24e8061c9 | estimating raw pupil diameter
2026-07-24 16:36:24,616 | INFO | 02_preprocess_pupil | Session 164/721 | CSP023 | 37cd4cbb-1090-4a15-a6d0-97c24e8061c9 | raw pupil diameter ready | samples=279746 | missing=8.4%
2026-07-24 16:36:24,616 | INFO | 02_preprocess_pupil | Session 164/721 | CSP023 | 37cd4cbb-1090-4a15-a6d0-97c24e8061c9 | smoothing pupil diameter
2026-07-24 16:36:53,333 | INFO | 02_preprocess_pupil | Session 164/721 | CSP023 | 37cd4cbb-1090-4a15-a6d0-97c24e8061c9 | smoothing complete | missing=0.0%
2026-07-24 16:36:53,333 | INFO | 02_preprocess_pupil | Session 164/721 | CSP023 | 37cd4cbb-1090-4a15-a6d0-97c24e8061c9 | masking blink and velocity artifacts
2026-07-24 16:36:53,356 | INFO | 02_preprocess_pupil | Session 164/721 | CSP023 | 37cd4cbb-1090-4a15-a6d0-97c24e8061c9 | trace cleaning complete | cleaned missing=6.2% | artifact fraction=6.2%
2026-07-24 16:36:53,357 | INFO | 02_preprocess_pupil | Session 164/721 | CSP023 | 37cd4cbb-1090-4a15-a6d0-97c24e8061c9 | writing trace cache 37cd4cbb-1090-4a15-a6d0-97c24e8061c9.npz
2026-07-24 16:36:53,564 | INFO | 02_preprocess_pupil | Session 164/721 | CSP023 | 37cd4cbb-1090-4a15-a6d0-97c24e8061c9 | trace cache written | size=5.3 MB
2026-07-24 16:36:53,566 | INFO | 02_preprocess_pupil | Session 164/721 | CSP023 | 37cd4cbb-1090-4a15-a6d0-97c24e8061c9 | extracting trial-level pupil features
2026-07-24 16:36:54,291 | INFO | 02_preprocess_pupil | Session 164/721 | CSP023 | 37cd4cbb-1090-4a15-a6d0-97c24e8061c9 | feature extraction complete | stimulus windows valid=77.4% | feedback windows valid=82.2%
2026-07-24 16:36:54,292 | INFO | 02_preprocess_pupil | Session 164/721 complete | status=success | source=one | usable=True | missing=6.2% | session time=31s | cumulative trials=107516/472728 | usable=133 | rejected=11 | failed=20 | elapsed=44m 45s | ETA=2h 32m 01s
2026-07-24 16:36:54,292 | INFO | 02_preprocess_pupil | Session 165/721 | CSHL059 | 37e96d0b-5b4b-4c6e-9b29-7edbdc94bbd0 | trials=630 | expected source=ONE | starting
2026-07-24 16:36:54,293 | INFO | 02_preprocess_pupil | Session 165/721 | CSHL059 | 37e96d0b-5b4b-4c6e-9b29-7edbdc94bbd0 | cache miss; fetching trace from ONE
2026-07-24 16:36:54,293 | INFO | 02_preprocess_pupil | Session 165/721 | CSHL059 | 37e96d0b-5b4b-4c6e-9b29-7edbdc94bbd0 | listing camera datasets
2026-07-24 16:36:56,536 | INFO | 02_preprocess_pupil | Session 165/721 | CSHL059 | 37e96d0b-5b4b-4c6e-9b29-7edbdc94bbd0 | camera dataset listing complete | matches=8
2026-07-24 16:36:56,537 | INFO | 02_preprocess_pupil | Session 165/721 | CSHL059 | 37e96d0b-5b4b-4c6e-9b29-7edbdc94bbd0 | loading DLC dataset alf/_ibl_leftCamera.dlc.pqt
2026-07-24 16:36:56,741 | INFO | 02_preprocess_pupil | Session 165/721 | CSHL059 | 37e96d0b-5b4b-4c6e-9b29-7edbdc94bbd0 | DLC loaded | rows=260353 | columns=33
2026-07-24 16:36:56,741 | INFO | 02_preprocess_pupil | Session 165/721 | CSHL059 | 37e96d0b-5b4b-4c6e-9b29-7edbdc94bbd0 | loading timestamp dataset alf/#2023-04-20#/_ibl_leftCamera.times.npy
2026-07-24 16:36:56,853 | INFO | 02_preprocess_pupil | Session 165/721 | CSHL059 | 37e96d0b-5b4b-4c6e-9b29-7edbdc94bbd0 | timestamps loaded | samples=260353 | duration=1h 12m 16s
2026-07-24 16:36:56,853 | INFO | 02_preprocess_pupil | Session 165/721 | CSHL059 | 37e96d0b-5b4b-4c6e-9b29-7edbdc94bbd0 | thresholding DLC likelihoods
2026-07-24 16:36:56,881 | INFO | 02_preprocess_pupil | Session 165/721 | CSHL059 | 37e96d0b-5b4b-4c6e-9b29-7edbdc94bbd0 | estimating raw pupil diameter
2026-07-24 16:36:56,972 | INFO | 02_preprocess_pupil | Session 165/721 | CSHL059 | 37e96d0b-5b4b-4c6e-9b29-7edbdc94bbd0 | raw pupil diameter ready | samples=260353 | missing=4.7%
2026-07-24 16:36:56,972 | INFO | 02_preprocess_pupil | Session 165/721 | CSHL059 | 37e96d0b-5b4b-4c6e-9b29-7edbdc94bbd0 | smoothing pupil diameter
2026-07-24 16:37:24,963 | INFO | 02_preprocess_pupil | Session 165/721 | CSHL059 | 37e96d0b-5b4b-4c6e-9b29-7edbdc94bbd0 | smoothing complete | missing=0.0%
2026-07-24 16:37:24,963 | INFO | 02_preprocess_pupil | Session 165/721 | CSHL059 | 37e96d0b-5b4b-4c6e-9b29-7edbdc94bbd0 | masking blink and velocity artifacts
2026-07-24 16:37:24,984 | INFO | 02_preprocess_pupil | Session 165/721 | CSHL059 | 37e96d0b-5b4b-4c6e-9b29-7edbdc94bbd0 | trace cleaning complete | cleaned missing=4.8% | artifact fraction=4.8%
2026-07-24 16:37:24,984 | INFO | 02_preprocess_pupil | Session 165/721 | CSHL059 | 37e96d0b-5b4b-4c6e-9b29-7edbdc94bbd0 | writing trace cache 37e96d0b-5b4b-4c6e-9b29-7edbdc94bbd0.npz
2026-07-24 16:37:25,177 | INFO | 02_preprocess_pupil | Session 165/721 | CSHL059 | 37e96d0b-5b4b-4c6e-9b29-7edbdc94bbd0 | trace cache written | size=4.6 MB
2026-07-24 16:37:25,178 | INFO | 02_preprocess_pupil | Session 165/721 | CSHL059 | 37e96d0b-5b4b-4c6e-9b29-7edbdc94bbd0 | extracting trial-level pupil features
2026-07-24 16:37:25,723 | INFO | 02_preprocess_pupil | Session 165/721 | CSHL059 | 37e96d0b-5b4b-4c6e-9b29-7edbdc94bbd0 | feature extraction complete | stimulus windows valid=76.3% | feedback windows valid=77.0%
2026-07-24 16:37:25,723 | INFO | 02_preprocess_pupil | Session 165/721 complete | status=success | source=one | usable=True | missing=4.8% | session time=31s | cumulative trials=108146/472728 | usable=134 | rejected=11 | failed=20 | elapsed=45m 17s | ETA=2h 32m 35s
2026-07-24 16:37:25,724 | INFO | 02_preprocess_pupil | Session 166/721 | ZFM-04083 | 386b0b66-bb44-48b1-8b34-9e1a378fd7c6 | trials=548 | expected source=ONE | starting
2026-07-24 16:37:25,724 | INFO | 02_preprocess_pupil | Session 166/721 | ZFM-04083 | 386b0b66-bb44-48b1-8b34-9e1a378fd7c6 | cache miss; fetching trace from ONE
2026-07-24 16:37:25,725 | INFO | 02_preprocess_pupil | Session 166/721 | ZFM-04083 | 386b0b66-bb44-48b1-8b34-9e1a378fd7c6 | listing camera datasets
2026-07-24 16:37:26,284 | INFO | 02_preprocess_pupil | Session 166/721 | ZFM-04083 | 386b0b66-bb44-48b1-8b34-9e1a378fd7c6 | camera dataset listing complete | matches=5
2026-07-24 16:37:26,285 | INFO | 02_preprocess_pupil | Session 166/721 | ZFM-04083 | 386b0b66-bb44-48b1-8b34-9e1a378fd7c6 | loading DLC dataset alf/_ibl_leftCamera.dlc.pqt
2026-07-24 16:37:32,125 | INFO | 02_preprocess_pupil | Session 166/721 | ZFM-04083 | 386b0b66-bb44-48b1-8b34-9e1a378fd7c6 | DLC loaded | rows=175890 | columns=33
2026-07-24 16:37:32,126 | INFO | 02_preprocess_pupil | Session 166/721 | ZFM-04083 | 386b0b66-bb44-48b1-8b34-9e1a378fd7c6 | loading timestamp dataset alf/_ibl_leftCamera.times.npy
2026-07-24 16:37:33,396 | INFO | 02_preprocess_pupil | Session 166/721 | ZFM-04083 | 386b0b66-bb44-48b1-8b34-9e1a378fd7c6 | timestamps loaded | samples=175890 | duration=48m 47s
2026-07-24 16:37:33,396 | INFO | 02_preprocess_pupil | Session 166/721 | ZFM-04083 | 386b0b66-bb44-48b1-8b34-9e1a378fd7c6 | thresholding DLC likelihoods
2026-07-24 16:37:33,419 | INFO | 02_preprocess_pupil | Session 166/721 | ZFM-04083 | 386b0b66-bb44-48b1-8b34-9e1a378fd7c6 | estimating raw pupil diameter
2026-07-24 16:37:33,494 | INFO | 02_preprocess_pupil | Session 166/721 | ZFM-04083 | 386b0b66-bb44-48b1-8b34-9e1a378fd7c6 | raw pupil diameter ready | samples=175890 | missing=15.9%
2026-07-24 16:37:33,494 | INFO | 02_preprocess_pupil | Session 166/721 | ZFM-04083 | 386b0b66-bb44-48b1-8b34-9e1a378fd7c6 | smoothing pupil diameter
2026-07-24 16:37:49,999 | INFO | 02_preprocess_pupil | Session 166/721 | ZFM-04083 | 386b0b66-bb44-48b1-8b34-9e1a378fd7c6 | smoothing complete | missing=2.3%
2026-07-24 16:37:50,000 | INFO | 02_preprocess_pupil | Session 166/721 | ZFM-04083 | 386b0b66-bb44-48b1-8b34-9e1a378fd7c6 | masking blink and velocity artifacts
2026-07-24 16:37:50,015 | INFO | 02_preprocess_pupil | Session 166/721 | ZFM-04083 | 386b0b66-bb44-48b1-8b34-9e1a378fd7c6 | trace cleaning complete | cleaned missing=7.5% | artifact fraction=7.5%
2026-07-24 16:37:50,015 | INFO | 02_preprocess_pupil | Session 166/721 | ZFM-04083 | 386b0b66-bb44-48b1-8b34-9e1a378fd7c6 | writing trace cache 386b0b66-bb44-48b1-8b34-9e1a378fd7c6.npz
2026-07-24 16:37:50,136 | INFO | 02_preprocess_pupil | Session 166/721 | ZFM-04083 | 386b0b66-bb44-48b1-8b34-9e1a378fd7c6 | trace cache written | size=3.0 MB
2026-07-24 16:37:50,137 | INFO | 02_preprocess_pupil | Session 166/721 | ZFM-04083 | 386b0b66-bb44-48b1-8b34-9e1a378fd7c6 | extracting trial-level pupil features
2026-07-24 16:37:50,476 | INFO | 02_preprocess_pupil | Session 166/721 | ZFM-04083 | 386b0b66-bb44-48b1-8b34-9e1a378fd7c6 | feature extraction complete | stimulus windows valid=78.6% | feedback windows valid=78.3%
2026-07-24 16:37:50,476 | INFO | 02_preprocess_pupil | Session 166/721 complete | status=success | source=one | usable=True | missing=7.5% | session time=25s | cumulative trials=108694/472728 | usable=135 | rejected=11 | failed=20 | elapsed=45m 42s | ETA=2h 32m 46s
2026-07-24 16:37:50,477 | INFO | 02_preprocess_pupil | Session 167/721 | ZFM-04811 | 3a06738c-bd9f-4f5d-8309-85d2f617dd5b | trials=525 | expected source=ONE | starting
2026-07-24 16:37:50,478 | INFO | 02_preprocess_pupil | Session 167/721 | ZFM-04811 | 3a06738c-bd9f-4f5d-8309-85d2f617dd5b | cache miss; fetching trace from ONE
2026-07-24 16:37:50,478 | INFO | 02_preprocess_pupil | Session 167/721 | ZFM-04811 | 3a06738c-bd9f-4f5d-8309-85d2f617dd5b | listing camera datasets
2026-07-24 16:37:51,024 | INFO | 02_preprocess_pupil | Session 167/721 | ZFM-04811 | 3a06738c-bd9f-4f5d-8309-85d2f617dd5b | camera dataset listing complete | matches=5
2026-07-24 16:37:51,024 | INFO | 02_preprocess_pupil | Session 167/721 | ZFM-04811 | 3a06738c-bd9f-4f5d-8309-85d2f617dd5b | loading DLC dataset alf/_ibl_leftCamera.dlc.pqt
2026-07-24 16:37:56,028 | INFO | 02_preprocess_pupil | Session 167/721 | ZFM-04811 | 3a06738c-bd9f-4f5d-8309-85d2f617dd5b | DLC loaded | rows=158691 | columns=33
2026-07-24 16:37:56,029 | INFO | 02_preprocess_pupil | Session 167/721 | ZFM-04811 | 3a06738c-bd9f-4f5d-8309-85d2f617dd5b | loading timestamp dataset alf/_ibl_leftCamera.times.npy
2026-07-24 16:37:57,320 | INFO | 02_preprocess_pupil | Session 167/721 | ZFM-04811 | 3a06738c-bd9f-4f5d-8309-85d2f617dd5b | timestamps loaded | samples=158691 | duration=44m 01s
2026-07-24 16:37:57,320 | INFO | 02_preprocess_pupil | Session 167/721 | ZFM-04811 | 3a06738c-bd9f-4f5d-8309-85d2f617dd5b | thresholding DLC likelihoods
2026-07-24 16:37:57,343 | INFO | 02_preprocess_pupil | Session 167/721 | ZFM-04811 | 3a06738c-bd9f-4f5d-8309-85d2f617dd5b | estimating raw pupil diameter
2026-07-24 16:37:57,405 | INFO | 02_preprocess_pupil | Session 167/721 | ZFM-04811 | 3a06738c-bd9f-4f5d-8309-85d2f617dd5b | raw pupil diameter ready | samples=158691 | missing=9.1%
2026-07-24 16:37:57,405 | INFO | 02_preprocess_pupil | Session 167/721 | ZFM-04811 | 3a06738c-bd9f-4f5d-8309-85d2f617dd5b | smoothing pupil diameter
2026-07-24 16:38:13,858 | INFO | 02_preprocess_pupil | Session 167/721 | ZFM-04811 | 3a06738c-bd9f-4f5d-8309-85d2f617dd5b | smoothing complete | missing=0.7%
2026-07-24 16:38:13,859 | INFO | 02_preprocess_pupil | Session 167/721 | ZFM-04811 | 3a06738c-bd9f-4f5d-8309-85d2f617dd5b | masking blink and velocity artifacts
2026-07-24 16:38:13,873 | INFO | 02_preprocess_pupil | Session 167/721 | ZFM-04811 | 3a06738c-bd9f-4f5d-8309-85d2f617dd5b | trace cleaning complete | cleaned missing=12.0% | artifact fraction=12.0%
2026-07-24 16:38:13,873 | INFO | 02_preprocess_pupil | Session 167/721 | ZFM-04811 | 3a06738c-bd9f-4f5d-8309-85d2f617dd5b | writing trace cache 3a06738c-bd9f-4f5d-8309-85d2f617dd5b.npz
2026-07-24 16:38:13,985 | INFO | 02_preprocess_pupil | Session 167/721 | ZFM-04811 | 3a06738c-bd9f-4f5d-8309-85d2f617dd5b | trace cache written | size=2.7 MB
2026-07-24 16:38:13,987 | INFO | 02_preprocess_pupil | Session 167/721 | ZFM-04811 | 3a06738c-bd9f-4f5d-8309-85d2f617dd5b | extracting trial-level pupil features
2026-07-24 16:38:14,276 | INFO | 02_preprocess_pupil | Session 167/721 | ZFM-04811 | 3a06738c-bd9f-4f5d-8309-85d2f617dd5b | feature extraction complete | stimulus windows valid=64.0% | feedback windows valid=63.2%
2026-07-24 16:38:14,277 | INFO | 02_preprocess_pupil | Session 167/721 complete | status=success | source=one | usable=True | missing=12.0% | session time=24s | cumulative trials=109219/472728 | usable=136 | rejected=11 | failed=20 | elapsed=46m 05s | ETA=2h 32m 54s
2026-07-24 16:38:14,277 | INFO | 02_preprocess_pupil | Session 168/721 | NR_0029 | 3a3ea015-b5f4-4e8b-b189-9364d1fc7435 | trials=401 | expected source=ONE | starting
2026-07-24 16:38:14,278 | INFO | 02_preprocess_pupil | Session 168/721 | NR_0029 | 3a3ea015-b5f4-4e8b-b189-9364d1fc7435 | cache miss; fetching trace from ONE
2026-07-24 16:38:14,278 | INFO | 02_preprocess_pupil | Session 168/721 | NR_0029 | 3a3ea015-b5f4-4e8b-b189-9364d1fc7435 | listing camera datasets
2026-07-24 16:38:15,929 | INFO | 02_preprocess_pupil | Session 168/721 | NR_0029 | 3a3ea015-b5f4-4e8b-b189-9364d1fc7435 | camera dataset listing complete | matches=8
2026-07-24 16:38:15,929 | INFO | 02_preprocess_pupil | Session 168/721 | NR_0029 | 3a3ea015-b5f4-4e8b-b189-9364d1fc7435 | loading DLC dataset alf/_ibl_leftCamera.dlc.pqt
2026-07-24 16:38:16,178 | INFO | 02_preprocess_pupil | Session 168/721 | NR_0029 | 3a3ea015-b5f4-4e8b-b189-9364d1fc7435 | DLC loaded | rows=296162 | columns=33
2026-07-24 16:38:16,179 | INFO | 02_preprocess_pupil | Session 168/721 | NR_0029 | 3a3ea015-b5f4-4e8b-b189-9364d1fc7435 | loading timestamp dataset alf/_ibl_leftCamera.times.npy
2026-07-24 16:38:16,322 | INFO | 02_preprocess_pupil | Session 168/721 | NR_0029 | 3a3ea015-b5f4-4e8b-b189-9364d1fc7435 | timestamps loaded | samples=296162 | duration=1h 22m 10s
2026-07-24 16:38:16,322 | INFO | 02_preprocess_pupil | Session 168/721 | NR_0029 | 3a3ea015-b5f4-4e8b-b189-9364d1fc7435 | thresholding DLC likelihoods
2026-07-24 16:38:16,365 | INFO | 02_preprocess_pupil | Session 168/721 | NR_0029 | 3a3ea015-b5f4-4e8b-b189-9364d1fc7435 | estimating raw pupil diameter
2026-07-24 16:38:16,464 | INFO | 02_preprocess_pupil | Session 168/721 | NR_0029 | 3a3ea015-b5f4-4e8b-b189-9364d1fc7435 | raw pupil diameter ready | samples=296162 | missing=2.1%
2026-07-24 16:38:16,464 | INFO | 02_preprocess_pupil | Session 168/721 | NR_0029 | 3a3ea015-b5f4-4e8b-b189-9364d1fc7435 | smoothing pupil diameter
2026-07-24 16:38:49,514 | INFO | 02_preprocess_pupil | Session 168/721 | NR_0029 | 3a3ea015-b5f4-4e8b-b189-9364d1fc7435 | smoothing complete | missing=1.2%
2026-07-24 16:38:49,514 | INFO | 02_preprocess_pupil | Session 168/721 | NR_0029 | 3a3ea015-b5f4-4e8b-b189-9364d1fc7435 | masking blink and velocity artifacts
2026-07-24 16:38:49,539 | INFO | 02_preprocess_pupil | Session 168/721 | NR_0029 | 3a3ea015-b5f4-4e8b-b189-9364d1fc7435 | trace cleaning complete | cleaned missing=9.7% | artifact fraction=9.7%
2026-07-24 16:38:49,540 | INFO | 02_preprocess_pupil | Session 168/721 | NR_0029 | 3a3ea015-b5f4-4e8b-b189-9364d1fc7435 | writing trace cache 3a3ea015-b5f4-4e8b-b189-9364d1fc7435.npz
2026-07-24 16:38:49,770 | INFO | 02_preprocess_pupil | Session 168/721 | NR_0029 | 3a3ea015-b5f4-4e8b-b189-9364d1fc7435 | trace cache written | size=5.5 MB
2026-07-24 16:38:49,772 | INFO | 02_preprocess_pupil | Session 168/721 | NR_0029 | 3a3ea015-b5f4-4e8b-b189-9364d1fc7435 | extracting trial-level pupil features
2026-07-24 16:38:50,170 | INFO | 02_preprocess_pupil | Session 168/721 | NR_0029 | 3a3ea015-b5f4-4e8b-b189-9364d1fc7435 | feature extraction complete | stimulus windows valid=62.3% | feedback windows valid=56.9%
2026-07-24 16:38:50,171 | INFO | 02_preprocess_pupil | Session 168/721 complete | status=success | source=one | usable=True | missing=9.7% | session time=36s | cumulative trials=109620/472728 | usable=137 | rejected=11 | failed=20 | elapsed=46m 41s | ETA=2h 33m 41s
2026-07-24 16:38:50,171 | INFO | 02_preprocess_pupil | Session 169/721 | PL034 | 3bb54985-77b2-421d-9d1f-46185be51216 | trials=755 | expected source=ONE | starting
2026-07-24 16:38:50,172 | INFO | 02_preprocess_pupil | Session 169/721 | PL034 | 3bb54985-77b2-421d-9d1f-46185be51216 | cache miss; fetching trace from ONE
2026-07-24 16:38:50,172 | INFO | 02_preprocess_pupil | Session 169/721 | PL034 | 3bb54985-77b2-421d-9d1f-46185be51216 | listing camera datasets
2026-07-24 16:38:51,904 | INFO | 02_preprocess_pupil | Session 169/721 | PL034 | 3bb54985-77b2-421d-9d1f-46185be51216 | camera dataset listing complete | matches=8
2026-07-24 16:38:51,904 | INFO | 02_preprocess_pupil | Session 169/721 | PL034 | 3bb54985-77b2-421d-9d1f-46185be51216 | loading DLC dataset alf/_ibl_leftCamera.dlc.pqt
2026-07-24 16:38:52,143 | INFO | 02_preprocess_pupil | Session 169/721 | PL034 | 3bb54985-77b2-421d-9d1f-46185be51216 | DLC loaded | rows=265351 | columns=33
2026-07-24 16:38:52,143 | INFO | 02_preprocess_pupil | Session 169/721 | PL034 | 3bb54985-77b2-421d-9d1f-46185be51216 | loading timestamp dataset alf/_ibl_leftCamera.times.npy
2026-07-24 16:38:52,278 | INFO | 02_preprocess_pupil | Session 169/721 | PL034 | 3bb54985-77b2-421d-9d1f-46185be51216 | timestamps loaded | samples=265351 | duration=1h 13m 39s
2026-07-24 16:38:52,278 | INFO | 02_preprocess_pupil | Session 169/721 | PL034 | 3bb54985-77b2-421d-9d1f-46185be51216 | thresholding DLC likelihoods
2026-07-24 16:38:52,315 | INFO | 02_preprocess_pupil | Session 169/721 | PL034 | 3bb54985-77b2-421d-9d1f-46185be51216 | estimating raw pupil diameter
2026-07-24 16:38:52,412 | INFO | 02_preprocess_pupil | Session 169/721 | PL034 | 3bb54985-77b2-421d-9d1f-46185be51216 | raw pupil diameter ready | samples=265351 | missing=7.1%
2026-07-24 16:38:52,412 | INFO | 02_preprocess_pupil | Session 169/721 | PL034 | 3bb54985-77b2-421d-9d1f-46185be51216 | smoothing pupil diameter
2026-07-24 16:39:21,217 | INFO | 02_preprocess_pupil | Session 169/721 | PL034 | 3bb54985-77b2-421d-9d1f-46185be51216 | smoothing complete | missing=0.0%
2026-07-24 16:39:21,217 | INFO | 02_preprocess_pupil | Session 169/721 | PL034 | 3bb54985-77b2-421d-9d1f-46185be51216 | masking blink and velocity artifacts
2026-07-24 16:39:21,240 | INFO | 02_preprocess_pupil | Session 169/721 | PL034 | 3bb54985-77b2-421d-9d1f-46185be51216 | trace cleaning complete | cleaned missing=8.2% | artifact fraction=8.2%
2026-07-24 16:39:21,241 | INFO | 02_preprocess_pupil | Session 169/721 | PL034 | 3bb54985-77b2-421d-9d1f-46185be51216 | writing trace cache 3bb54985-77b2-421d-9d1f-46185be51216.npz
2026-07-24 16:39:21,464 | INFO | 02_preprocess_pupil | Session 169/721 | PL034 | 3bb54985-77b2-421d-9d1f-46185be51216 | trace cache written | size=4.9 MB
2026-07-24 16:39:21,466 | INFO | 02_preprocess_pupil | Session 169/721 | PL034 | 3bb54985-77b2-421d-9d1f-46185be51216 | extracting trial-level pupil features
2026-07-24 16:39:22,136 | INFO | 02_preprocess_pupil | Session 169/721 | PL034 | 3bb54985-77b2-421d-9d1f-46185be51216 | feature extraction complete | stimulus windows valid=76.6% | feedback windows valid=78.4%
2026-07-24 16:39:22,136 | INFO | 02_preprocess_pupil | Session 169/721 complete | status=success | source=one | usable=True | missing=8.2% | session time=32s | cumulative trials=110375/472728 | usable=138 | rejected=11 | failed=20 | elapsed=47m 13s | ETA=2h 34m 14s
2026-07-24 16:39:22,137 | INFO | 02_preprocess_pupil | Session 170/721 | NR_0024 | 3bcb81b4-d9ca-4fc9-a1cd-353a966239ca | trials=664 | expected source=ONE | starting
2026-07-24 16:39:22,137 | INFO | 02_preprocess_pupil | Session 170/721 | NR_0024 | 3bcb81b4-d9ca-4fc9-a1cd-353a966239ca | cache miss; fetching trace from ONE
2026-07-24 16:39:22,137 | INFO | 02_preprocess_pupil | Session 170/721 | NR_0024 | 3bcb81b4-d9ca-4fc9-a1cd-353a966239ca | listing camera datasets
2026-07-24 16:39:24,922 | INFO | 02_preprocess_pupil | Session 170/721 | NR_0024 | 3bcb81b4-d9ca-4fc9-a1cd-353a966239ca | camera dataset listing complete | matches=9
2026-07-24 16:39:24,922 | INFO | 02_preprocess_pupil | Session 170/721 | NR_0024 | 3bcb81b4-d9ca-4fc9-a1cd-353a966239ca | loading DLC dataset alf/_ibl_leftCamera.dlc.pqt
2026-07-24 16:39:25,167 | INFO | 02_preprocess_pupil | Session 170/721 | NR_0024 | 3bcb81b4-d9ca-4fc9-a1cd-353a966239ca | DLC loaded | rows=392513 | columns=33
2026-07-24 16:39:25,167 | INFO | 02_preprocess_pupil | Session 170/721 | NR_0024 | 3bcb81b4-d9ca-4fc9-a1cd-353a966239ca | loading timestamp dataset alf/_ibl_leftCamera.times.npy
2026-07-24 16:39:25,321 | INFO | 02_preprocess_pupil | Session 170/721 | NR_0024 | 3bcb81b4-d9ca-4fc9-a1cd-353a966239ca | timestamps loaded | samples=392513 | duration=1h 48m 57s
2026-07-24 16:39:25,321 | INFO | 02_preprocess_pupil | Session 170/721 | NR_0024 | 3bcb81b4-d9ca-4fc9-a1cd-353a966239ca | thresholding DLC likelihoods
2026-07-24 16:39:25,368 | INFO | 02_preprocess_pupil | Session 170/721 | NR_0024 | 3bcb81b4-d9ca-4fc9-a1cd-353a966239ca | estimating raw pupil diameter
2026-07-24 16:39:25,558 | INFO | 02_preprocess_pupil | Session 170/721 | NR_0024 | 3bcb81b4-d9ca-4fc9-a1cd-353a966239ca | raw pupil diameter ready | samples=392513 | missing=12.6%
2026-07-24 16:39:25,559 | INFO | 02_preprocess_pupil | Session 170/721 | NR_0024 | 3bcb81b4-d9ca-4fc9-a1cd-353a966239ca | smoothing pupil diameter
2026-07-24 16:40:06,557 | INFO | 02_preprocess_pupil | Session 170/721 | NR_0024 | 3bcb81b4-d9ca-4fc9-a1cd-353a966239ca | smoothing complete | missing=1.5%
2026-07-24 16:40:06,557 | INFO | 02_preprocess_pupil | Session 170/721 | NR_0024 | 3bcb81b4-d9ca-4fc9-a1cd-353a966239ca | masking blink and velocity artifacts
2026-07-24 16:40:06,589 | INFO | 02_preprocess_pupil | Session 170/721 | NR_0024 | 3bcb81b4-d9ca-4fc9-a1cd-353a966239ca | trace cleaning complete | cleaned missing=8.0% | artifact fraction=8.0%
2026-07-24 16:40:06,590 | INFO | 02_preprocess_pupil | Session 170/721 | NR_0024 | 3bcb81b4-d9ca-4fc9-a1cd-353a966239ca | writing trace cache 3bcb81b4-d9ca-4fc9-a1cd-353a966239ca.npz
2026-07-24 16:40:06,876 | INFO | 02_preprocess_pupil | Session 170/721 | NR_0024 | 3bcb81b4-d9ca-4fc9-a1cd-353a966239ca | trace cache written | size=7.2 MB
2026-07-24 16:40:06,878 | INFO | 02_preprocess_pupil | Session 170/721 | NR_0024 | 3bcb81b4-d9ca-4fc9-a1cd-353a966239ca | extracting trial-level pupil features
2026-07-24 16:40:07,754 | INFO | 02_preprocess_pupil | Session 170/721 | NR_0024 | 3bcb81b4-d9ca-4fc9-a1cd-353a966239ca | feature extraction complete | stimulus windows valid=88.3% | feedback windows valid=95.2%
2026-07-24 16:40:07,755 | INFO | 02_preprocess_pupil | Session 170/721 complete | status=success | source=one | usable=True | missing=8.0% | session time=46s | cumulative trials=111039/472728 | usable=139 | rejected=11 | failed=20 | elapsed=47m 59s | ETA=2h 35m 31s
2026-07-24 16:40:07,756 | INFO | 02_preprocess_pupil | Session 171/721 | NYU-44 | 3c1ac3fc-b81f-4109-90a9-5e305fb48a1b | trials=295 | expected source=ONE | starting
2026-07-24 16:40:07,756 | INFO | 02_preprocess_pupil | Session 171/721 | NYU-44 | 3c1ac3fc-b81f-4109-90a9-5e305fb48a1b | cache miss; fetching trace from ONE
2026-07-24 16:40:07,756 | INFO | 02_preprocess_pupil | Session 171/721 | NYU-44 | 3c1ac3fc-b81f-4109-90a9-5e305fb48a1b | listing camera datasets
2026-07-24 16:40:10,271 | INFO | 02_preprocess_pupil | Session 171/721 | NYU-44 | 3c1ac3fc-b81f-4109-90a9-5e305fb48a1b | camera dataset listing complete | matches=5
2026-07-24 16:40:10,271 | INFO | 02_preprocess_pupil | Session 171/721 | NYU-44 | 3c1ac3fc-b81f-4109-90a9-5e305fb48a1b | loading DLC dataset alf/_ibl_leftCamera.dlc.pqt
2026-07-24 16:40:10,513 | INFO | 02_preprocess_pupil | Session 171/721 | NYU-44 | 3c1ac3fc-b81f-4109-90a9-5e305fb48a1b | DLC loaded | rows=271814 | columns=33
2026-07-24 16:40:10,513 | INFO | 02_preprocess_pupil | Session 171/721 | NYU-44 | 3c1ac3fc-b81f-4109-90a9-5e305fb48a1b | loading timestamp dataset alf/_ibl_leftCamera.times.npy
2026-07-24 16:40:10,630 | INFO | 02_preprocess_pupil | Session 171/721 | NYU-44 | 3c1ac3fc-b81f-4109-90a9-5e305fb48a1b | timestamps loaded | samples=271814 | duration=1h 15m 27s
2026-07-24 16:40:10,630 | INFO | 02_preprocess_pupil | Session 171/721 | NYU-44 | 3c1ac3fc-b81f-4109-90a9-5e305fb48a1b | thresholding DLC likelihoods
2026-07-24 16:40:10,662 | INFO | 02_preprocess_pupil | Session 171/721 | NYU-44 | 3c1ac3fc-b81f-4109-90a9-5e305fb48a1b | estimating raw pupil diameter
2026-07-24 16:40:10,795 | INFO | 02_preprocess_pupil | Session 171/721 | NYU-44 | 3c1ac3fc-b81f-4109-90a9-5e305fb48a1b | raw pupil diameter ready | samples=271814 | missing=20.3%
2026-07-24 16:40:10,795 | INFO | 02_preprocess_pupil | Session 171/721 | NYU-44 | 3c1ac3fc-b81f-4109-90a9-5e305fb48a1b | smoothing pupil diameter
2026-07-24 16:40:35,688 | INFO | 02_preprocess_pupil | Session 171/721 | NYU-44 | 3c1ac3fc-b81f-4109-90a9-5e305fb48a1b | smoothing complete | missing=5.8%
2026-07-24 16:40:35,688 | INFO | 02_preprocess_pupil | Session 171/721 | NYU-44 | 3c1ac3fc-b81f-4109-90a9-5e305fb48a1b | masking blink and velocity artifacts
2026-07-24 16:40:35,708 | INFO | 02_preprocess_pupil | Session 171/721 | NYU-44 | 3c1ac3fc-b81f-4109-90a9-5e305fb48a1b | trace cleaning complete | cleaned missing=14.5% | artifact fraction=14.5%
2026-07-24 16:40:35,709 | INFO | 02_preprocess_pupil | Session 171/721 | NYU-44 | 3c1ac3fc-b81f-4109-90a9-5e305fb48a1b | writing trace cache 3c1ac3fc-b81f-4109-90a9-5e305fb48a1b.npz
2026-07-24 16:40:35,903 | INFO | 02_preprocess_pupil | Session 171/721 | NYU-44 | 3c1ac3fc-b81f-4109-90a9-5e305fb48a1b | trace cache written | size=4.7 MB
2026-07-24 16:40:35,904 | INFO | 02_preprocess_pupil | Session 171/721 | NYU-44 | 3c1ac3fc-b81f-4109-90a9-5e305fb48a1b | extracting trial-level pupil features
2026-07-24 16:40:36,182 | INFO | 02_preprocess_pupil | Session 171/721 | NYU-44 | 3c1ac3fc-b81f-4109-90a9-5e305fb48a1b | feature extraction complete | stimulus windows valid=64.7% | feedback windows valid=65.8%
2026-07-24 16:40:36,182 | INFO | 02_preprocess_pupil | Session 171/721 complete | status=success | source=one | usable=True | missing=14.5% | session time=28s | cumulative trials=111334/472728 | usable=140 | rejected=11 | failed=20 | elapsed=48m 27s | ETA=2h 35m 51s
2026-07-24 16:40:36,183 | INFO | 02_preprocess_pupil | Session 172/721 | DY_009 | 3c851386-e92d-4533-8d55-89a46f0e7384 | trials=403 | expected source=ONE | starting
2026-07-24 16:40:36,184 | INFO | 02_preprocess_pupil | Session 172/721 | DY_009 | 3c851386-e92d-4533-8d55-89a46f0e7384 | cache miss; fetching trace from ONE
2026-07-24 16:40:36,184 | INFO | 02_preprocess_pupil | Session 172/721 | DY_009 | 3c851386-e92d-4533-8d55-89a46f0e7384 | listing camera datasets
2026-07-24 16:40:38,275 | INFO | 02_preprocess_pupil | Session 172/721 | DY_009 | 3c851386-e92d-4533-8d55-89a46f0e7384 | camera dataset listing complete | matches=8
2026-07-24 16:40:38,275 | INFO | 02_preprocess_pupil | Session 172/721 | DY_009 | 3c851386-e92d-4533-8d55-89a46f0e7384 | loading DLC dataset alf/_ibl_leftCamera.dlc.pqt
2026-07-24 16:41:36,189 | INFO | 02_preprocess_pupil | Session 172/721 | DY_009 | 3c851386-e92d-4533-8d55-89a46f0e7384 | still working | step=loading DLC dataset alf/_ibl_leftCamera.dlc.pqt | session elapsed=1m 00s
2026-07-24 16:41:45,347 | INFO | 02_preprocess_pupil | Session 172/721 | DY_009 | 3c851386-e92d-4533-8d55-89a46f0e7384 | DLC loaded | rows=235206 | columns=33
2026-07-24 16:41:45,347 | INFO | 02_preprocess_pupil | Session 172/721 | DY_009 | 3c851386-e92d-4533-8d55-89a46f0e7384 | loading timestamp dataset alf/#2023-04-20#/_ibl_leftCamera.times.npy
2026-07-24 16:41:48,659 | INFO | 02_preprocess_pupil | Session 172/721 | DY_009 | 3c851386-e92d-4533-8d55-89a46f0e7384 | timestamps loaded | samples=235206 | duration=1h 05m 16s
2026-07-24 16:41:48,659 | INFO | 02_preprocess_pupil | Session 172/721 | DY_009 | 3c851386-e92d-4533-8d55-89a46f0e7384 | thresholding DLC likelihoods
2026-07-24 16:41:48,684 | INFO | 02_preprocess_pupil | Session 172/721 | DY_009 | 3c851386-e92d-4533-8d55-89a46f0e7384 | estimating raw pupil diameter
2026-07-24 16:41:48,767 | INFO | 02_preprocess_pupil | Session 172/721 | DY_009 | 3c851386-e92d-4533-8d55-89a46f0e7384 | raw pupil diameter ready | samples=235206 | missing=0.1%
2026-07-24 16:41:48,767 | INFO | 02_preprocess_pupil | Session 172/721 | DY_009 | 3c851386-e92d-4533-8d55-89a46f0e7384 | smoothing pupil diameter
2026-07-24 16:42:15,582 | INFO | 02_preprocess_pupil | Session 172/721 | DY_009 | 3c851386-e92d-4533-8d55-89a46f0e7384 | smoothing complete | missing=0.0%
2026-07-24 16:42:15,582 | INFO | 02_preprocess_pupil | Session 172/721 | DY_009 | 3c851386-e92d-4533-8d55-89a46f0e7384 | masking blink and velocity artifacts
2026-07-24 16:42:15,601 | INFO | 02_preprocess_pupil | Session 172/721 | DY_009 | 3c851386-e92d-4533-8d55-89a46f0e7384 | trace cleaning complete | cleaned missing=2.8% | artifact fraction=2.8%
2026-07-24 16:42:15,602 | INFO | 02_preprocess_pupil | Session 172/721 | DY_009 | 3c851386-e92d-4533-8d55-89a46f0e7384 | writing trace cache 3c851386-e92d-4533-8d55-89a46f0e7384.npz
2026-07-24 16:42:15,801 | INFO | 02_preprocess_pupil | Session 172/721 | DY_009 | 3c851386-e92d-4533-8d55-89a46f0e7384 | trace cache written | size=4.5 MB
2026-07-24 16:42:15,802 | INFO | 02_preprocess_pupil | Session 172/721 | DY_009 | 3c851386-e92d-4533-8d55-89a46f0e7384 | extracting trial-level pupil features
2026-07-24 16:42:16,120 | INFO | 02_preprocess_pupil | Session 172/721 | DY_009 | 3c851386-e92d-4533-8d55-89a46f0e7384 | feature extraction complete | stimulus windows valid=87.1% | feedback windows valid=86.1%
2026-07-24 16:42:16,121 | INFO | 02_preprocess_pupil | Session 172/721 complete | status=success | source=one | usable=True | missing=2.8% | session time=1m 40s | cumulative trials=111737/472728 | usable=141 | rejected=11 | failed=20 | elapsed=50m 07s | ETA=2h 39m 59s
2026-07-24 16:42:16,121 | INFO | 02_preprocess_pupil | Session 173/721 | FMR024 | 3ce6bd7c-7fc7-47df-8257-31d2a5994b13 | trials=557 | expected source=ONE | starting
2026-07-24 16:42:16,122 | INFO | 02_preprocess_pupil | Session 173/721 | FMR024 | 3ce6bd7c-7fc7-47df-8257-31d2a5994b13 | cache miss; fetching trace from ONE
2026-07-24 16:42:16,122 | INFO | 02_preprocess_pupil | Session 173/721 | FMR024 | 3ce6bd7c-7fc7-47df-8257-31d2a5994b13 | listing camera datasets
2026-07-24 16:42:17,720 | INFO | 02_preprocess_pupil | Session 173/721 | FMR024 | 3ce6bd7c-7fc7-47df-8257-31d2a5994b13 | camera dataset listing complete | matches=5
2026-07-24 16:42:17,720 | INFO | 02_preprocess_pupil | Session 173/721 | FMR024 | 3ce6bd7c-7fc7-47df-8257-31d2a5994b13 | loading DLC dataset alf/_ibl_leftCamera.dlc.pqt
2026-07-24 16:42:17,966 | INFO | 02_preprocess_pupil | Session 173/721 | FMR024 | 3ce6bd7c-7fc7-47df-8257-31d2a5994b13 | DLC loaded | rows=316893 | columns=33
2026-07-24 16:42:17,966 | INFO | 02_preprocess_pupil | Session 173/721 | FMR024 | 3ce6bd7c-7fc7-47df-8257-31d2a5994b13 | loading timestamp dataset alf/_ibl_leftCamera.times.npy
2026-07-24 16:42:18,092 | INFO | 02_preprocess_pupil | Session 173/721 | FMR024 | 3ce6bd7c-7fc7-47df-8257-31d2a5994b13 | timestamps loaded | samples=316893 | duration=1h 27m 58s
2026-07-24 16:42:18,092 | INFO | 02_preprocess_pupil | Session 173/721 | FMR024 | 3ce6bd7c-7fc7-47df-8257-31d2a5994b13 | thresholding DLC likelihoods
2026-07-24 16:42:18,142 | INFO | 02_preprocess_pupil | Session 173/721 | FMR024 | 3ce6bd7c-7fc7-47df-8257-31d2a5994b13 | estimating raw pupil diameter
2026-07-24 16:42:18,292 | INFO | 02_preprocess_pupil | Session 173/721 | FMR024 | 3ce6bd7c-7fc7-47df-8257-31d2a5994b13 | raw pupil diameter ready | samples=316893 | missing=20.4%
2026-07-24 16:42:18,293 | INFO | 02_preprocess_pupil | Session 173/721 | FMR024 | 3ce6bd7c-7fc7-47df-8257-31d2a5994b13 | smoothing pupil diameter
2026-07-24 16:42:47,151 | INFO | 02_preprocess_pupil | Session 173/721 | FMR024 | 3ce6bd7c-7fc7-47df-8257-31d2a5994b13 | smoothing complete | missing=0.0%
2026-07-24 16:42:47,151 | INFO | 02_preprocess_pupil | Session 173/721 | FMR024 | 3ce6bd7c-7fc7-47df-8257-31d2a5994b13 | masking blink and velocity artifacts
2026-07-24 16:42:47,176 | INFO | 02_preprocess_pupil | Session 173/721 | FMR024 | 3ce6bd7c-7fc7-47df-8257-31d2a5994b13 | trace cleaning complete | cleaned missing=9.6% | artifact fraction=9.6%
2026-07-24 16:42:47,177 | INFO | 02_preprocess_pupil | Session 173/721 | FMR024 | 3ce6bd7c-7fc7-47df-8257-31d2a5994b13 | writing trace cache 3ce6bd7c-7fc7-47df-8257-31d2a5994b13.npz
2026-07-24 16:42:47,400 | INFO | 02_preprocess_pupil | Session 173/721 | FMR024 | 3ce6bd7c-7fc7-47df-8257-31d2a5994b13 | trace cache written | size=5.6 MB
2026-07-24 16:42:47,402 | INFO | 02_preprocess_pupil | Session 173/721 | FMR024 | 3ce6bd7c-7fc7-47df-8257-31d2a5994b13 | extracting trial-level pupil features
2026-07-24 16:42:47,969 | INFO | 02_preprocess_pupil | Session 173/721 | FMR024 | 3ce6bd7c-7fc7-47df-8257-31d2a5994b13 | feature extraction complete | stimulus windows valid=39.9% | feedback windows valid=46.7%
2026-07-24 16:42:47,969 | INFO | 02_preprocess_pupil | Session 173/721 complete | status=success | source=one | usable=True | missing=9.6% | session time=32s | cumulative trials=112294/472728 | usable=142 | rejected=11 | failed=20 | elapsed=50m 39s | ETA=2h 40m 27s
2026-07-24 16:42:47,970 | INFO | 02_preprocess_pupil | Session 174/721 | ZFM-04122 | 3d2499db-1947-4c3b-917c-80bc2a1bac3a | trials=530 | expected source=ONE | starting
2026-07-24 16:42:47,970 | INFO | 02_preprocess_pupil | Session 174/721 | ZFM-04122 | 3d2499db-1947-4c3b-917c-80bc2a1bac3a | cache miss; fetching trace from ONE
2026-07-24 16:42:47,970 | INFO | 02_preprocess_pupil | Session 174/721 | ZFM-04122 | 3d2499db-1947-4c3b-917c-80bc2a1bac3a | listing camera datasets
2026-07-24 16:42:48,786 | INFO | 02_preprocess_pupil | Session 174/721 | ZFM-04122 | 3d2499db-1947-4c3b-917c-80bc2a1bac3a | camera dataset listing complete | matches=5
2026-07-24 16:42:48,786 | INFO | 02_preprocess_pupil | Session 174/721 | ZFM-04122 | 3d2499db-1947-4c3b-917c-80bc2a1bac3a | loading DLC dataset alf/_ibl_leftCamera.dlc.pqt
2026-07-24 16:43:47,970 | INFO | 02_preprocess_pupil | Session 174/721 | ZFM-04122 | 3d2499db-1947-4c3b-917c-80bc2a1bac3a | still working | step=loading DLC dataset alf/_ibl_leftCamera.dlc.pqt | session elapsed=1m 00s
2026-07-24 16:43:54,612 | INFO | 02_preprocess_pupil | Session 174/721 | ZFM-04122 | 3d2499db-1947-4c3b-917c-80bc2a1bac3a | DLC loaded | rows=166494 | columns=33
2026-07-24 16:43:54,612 | INFO | 02_preprocess_pupil | Session 174/721 | ZFM-04122 | 3d2499db-1947-4c3b-917c-80bc2a1bac3a | loading timestamp dataset alf/_ibl_leftCamera.times.npy
2026-07-24 16:44:03,800 | INFO | 02_preprocess_pupil | Session 174/721 | ZFM-04122 | 3d2499db-1947-4c3b-917c-80bc2a1bac3a | timestamps loaded | samples=166494 | duration=46m 11s
2026-07-24 16:44:03,800 | INFO | 02_preprocess_pupil | Session 174/721 | ZFM-04122 | 3d2499db-1947-4c3b-917c-80bc2a1bac3a | thresholding DLC likelihoods
2026-07-24 16:44:03,823 | INFO | 02_preprocess_pupil | Session 174/721 | ZFM-04122 | 3d2499db-1947-4c3b-917c-80bc2a1bac3a | estimating raw pupil diameter
2026-07-24 16:44:03,929 | INFO | 02_preprocess_pupil | Session 174/721 | ZFM-04122 | 3d2499db-1947-4c3b-917c-80bc2a1bac3a | raw pupil diameter ready | samples=166494 | missing=35.1%
2026-07-24 16:44:03,929 | INFO | 02_preprocess_pupil | Session 174/721 | ZFM-04122 | 3d2499db-1947-4c3b-917c-80bc2a1bac3a | smoothing pupil diameter
2026-07-24 16:44:15,996 | INFO | 02_preprocess_pupil | Session 174/721 | ZFM-04122 | 3d2499db-1947-4c3b-917c-80bc2a1bac3a | smoothing complete | missing=7.3%
2026-07-24 16:44:15,996 | INFO | 02_preprocess_pupil | Session 174/721 | ZFM-04122 | 3d2499db-1947-4c3b-917c-80bc2a1bac3a | masking blink and velocity artifacts
2026-07-24 16:44:16,011 | INFO | 02_preprocess_pupil | Session 174/721 | ZFM-04122 | 3d2499db-1947-4c3b-917c-80bc2a1bac3a | trace cleaning complete | cleaned missing=19.6% | artifact fraction=19.6%
2026-07-24 16:44:16,011 | INFO | 02_preprocess_pupil | Session 174/721 | ZFM-04122 | 3d2499db-1947-4c3b-917c-80bc2a1bac3a | writing trace cache 3d2499db-1947-4c3b-917c-80bc2a1bac3a.npz
2026-07-24 16:44:16,111 | INFO | 02_preprocess_pupil | Session 174/721 | ZFM-04122 | 3d2499db-1947-4c3b-917c-80bc2a1bac3a | trace cache written | size=2.4 MB
2026-07-24 16:44:16,113 | INFO | 02_preprocess_pupil | Session 174/721 | ZFM-04122 | 3d2499db-1947-4c3b-917c-80bc2a1bac3a | extracting trial-level pupil features
2026-07-24 16:44:16,411 | INFO | 02_preprocess_pupil | Session 174/721 | ZFM-04122 | 3d2499db-1947-4c3b-917c-80bc2a1bac3a | feature extraction complete | stimulus windows valid=55.8% | feedback windows valid=47.9%
2026-07-24 16:44:16,412 | INFO | 02_preprocess_pupil | Session 174/721 complete | status=success | source=one | usable=True | missing=19.6% | session time=1m 28s | cumulative trials=112824/472728 | usable=143 | rejected=11 | failed=20 | elapsed=52m 08s | ETA=2h 43m 52s
2026-07-24 16:44:16,412 | INFO | 02_preprocess_pupil | Session 175/721 | NYU-48 | 3d59aa1a-b4ba-47fe-b9cf-741b5fdb0c7b | trials=709 | expected source=ONE | starting
2026-07-24 16:44:16,413 | INFO | 02_preprocess_pupil | Session 175/721 | NYU-48 | 3d59aa1a-b4ba-47fe-b9cf-741b5fdb0c7b | cache miss; fetching trace from ONE
2026-07-24 16:44:16,413 | INFO | 02_preprocess_pupil | Session 175/721 | NYU-48 | 3d59aa1a-b4ba-47fe-b9cf-741b5fdb0c7b | listing camera datasets
2026-07-24 16:44:19,305 | INFO | 02_preprocess_pupil | Session 175/721 | NYU-48 | 3d59aa1a-b4ba-47fe-b9cf-741b5fdb0c7b | camera dataset listing complete | matches=8
2026-07-24 16:44:19,305 | INFO | 02_preprocess_pupil | Session 175/721 | NYU-48 | 3d59aa1a-b4ba-47fe-b9cf-741b5fdb0c7b | loading DLC dataset alf/_ibl_leftCamera.dlc.pqt
2026-07-24 16:44:19,533 | INFO | 02_preprocess_pupil | Session 175/721 | NYU-48 | 3d59aa1a-b4ba-47fe-b9cf-741b5fdb0c7b | DLC loaded | rows=295186 | columns=33
2026-07-24 16:44:19,534 | INFO | 02_preprocess_pupil | Session 175/721 | NYU-48 | 3d59aa1a-b4ba-47fe-b9cf-741b5fdb0c7b | loading timestamp dataset alf/_ibl_leftCamera.times.npy
2026-07-24 16:44:19,682 | INFO | 02_preprocess_pupil | Session 175/721 | NYU-48 | 3d59aa1a-b4ba-47fe-b9cf-741b5fdb0c7b | timestamps loaded | samples=295186 | duration=1h 21m 56s
2026-07-24 16:44:19,682 | INFO | 02_preprocess_pupil | Session 175/721 | NYU-48 | 3d59aa1a-b4ba-47fe-b9cf-741b5fdb0c7b | thresholding DLC likelihoods
2026-07-24 16:44:19,714 | INFO | 02_preprocess_pupil | Session 175/721 | NYU-48 | 3d59aa1a-b4ba-47fe-b9cf-741b5fdb0c7b | estimating raw pupil diameter
2026-07-24 16:44:19,816 | INFO | 02_preprocess_pupil | Session 175/721 | NYU-48 | 3d59aa1a-b4ba-47fe-b9cf-741b5fdb0c7b | raw pupil diameter ready | samples=295186 | missing=6.0%
2026-07-24 16:44:19,816 | INFO | 02_preprocess_pupil | Session 175/721 | NYU-48 | 3d59aa1a-b4ba-47fe-b9cf-741b5fdb0c7b | smoothing pupil diameter
2026-07-24 16:44:51,035 | INFO | 02_preprocess_pupil | Session 175/721 | NYU-48 | 3d59aa1a-b4ba-47fe-b9cf-741b5fdb0c7b | smoothing complete | missing=0.6%
2026-07-24 16:44:51,035 | INFO | 02_preprocess_pupil | Session 175/721 | NYU-48 | 3d59aa1a-b4ba-47fe-b9cf-741b5fdb0c7b | masking blink and velocity artifacts
2026-07-24 16:44:51,059 | INFO | 02_preprocess_pupil | Session 175/721 | NYU-48 | 3d59aa1a-b4ba-47fe-b9cf-741b5fdb0c7b | trace cleaning complete | cleaned missing=6.2% | artifact fraction=6.2%
2026-07-24 16:44:51,060 | INFO | 02_preprocess_pupil | Session 175/721 | NYU-48 | 3d59aa1a-b4ba-47fe-b9cf-741b5fdb0c7b | writing trace cache 3d59aa1a-b4ba-47fe-b9cf-741b5fdb0c7b.npz
2026-07-24 16:44:51,289 | INFO | 02_preprocess_pupil | Session 175/721 | NYU-48 | 3d59aa1a-b4ba-47fe-b9cf-741b5fdb0c7b | trace cache written | size=5.5 MB
2026-07-24 16:44:51,291 | INFO | 02_preprocess_pupil | Session 175/721 | NYU-48 | 3d59aa1a-b4ba-47fe-b9cf-741b5fdb0c7b | extracting trial-level pupil features
2026-07-24 16:44:52,009 | INFO | 02_preprocess_pupil | Session 175/721 | NYU-48 | 3d59aa1a-b4ba-47fe-b9cf-741b5fdb0c7b | feature extraction complete | stimulus windows valid=92.9% | feedback windows valid=94.4%
2026-07-24 16:44:52,010 | INFO | 02_preprocess_pupil | Session 175/721 complete | status=success | source=one | usable=True | missing=6.2% | session time=36s | cumulative trials=113533/472728 | usable=144 | rejected=11 | failed=20 | elapsed=52m 43s | ETA=2h 44m 29s
2026-07-24 16:44:52,010 | INFO | 02_preprocess_pupil | Session 176/721 | FMR031 | 3da15f76-b31b-4ca7-a25c-c46cb8e40a06 | trials=658 | expected source=ONE | starting
2026-07-24 16:44:52,011 | INFO | 02_preprocess_pupil | Session 176/721 | FMR031 | 3da15f76-b31b-4ca7-a25c-c46cb8e40a06 | cache miss; fetching trace from ONE
2026-07-24 16:44:52,011 | INFO | 02_preprocess_pupil | Session 176/721 | FMR031 | 3da15f76-b31b-4ca7-a25c-c46cb8e40a06 | listing camera datasets
2026-07-24 16:44:54,610 | INFO | 02_preprocess_pupil | Session 176/721 | FMR031 | 3da15f76-b31b-4ca7-a25c-c46cb8e40a06 | camera dataset listing complete | matches=5
2026-07-24 16:44:54,610 | INFO | 02_preprocess_pupil | Session 176/721 | FMR031 | 3da15f76-b31b-4ca7-a25c-c46cb8e40a06 | loading DLC dataset alf/_ibl_leftCamera.dlc.pqt
2026-07-24 16:44:54,847 | INFO | 02_preprocess_pupil | Session 176/721 | FMR031 | 3da15f76-b31b-4ca7-a25c-c46cb8e40a06 | DLC loaded | rows=324198 | columns=33
2026-07-24 16:44:54,848 | INFO | 02_preprocess_pupil | Session 176/721 | FMR031 | 3da15f76-b31b-4ca7-a25c-c46cb8e40a06 | loading timestamp dataset alf/_ibl_leftCamera.times.npy
2026-07-24 16:44:54,999 | INFO | 02_preprocess_pupil | Session 176/721 | FMR031 | 3da15f76-b31b-4ca7-a25c-c46cb8e40a06 | timestamps loaded | samples=324198 | duration=1h 29m 59s
2026-07-24 16:44:55,000 | INFO | 02_preprocess_pupil | Session 176/721 | FMR031 | 3da15f76-b31b-4ca7-a25c-c46cb8e40a06 | thresholding DLC likelihoods
2026-07-24 16:44:55,036 | INFO | 02_preprocess_pupil | Session 176/721 | FMR031 | 3da15f76-b31b-4ca7-a25c-c46cb8e40a06 | estimating raw pupil diameter
2026-07-24 16:44:55,188 | INFO | 02_preprocess_pupil | Session 176/721 | FMR031 | 3da15f76-b31b-4ca7-a25c-c46cb8e40a06 | raw pupil diameter ready | samples=324198 | missing=17.7%
2026-07-24 16:44:55,188 | INFO | 02_preprocess_pupil | Session 176/721 | FMR031 | 3da15f76-b31b-4ca7-a25c-c46cb8e40a06 | smoothing pupil diameter
2026-07-24 16:45:25,481 | INFO | 02_preprocess_pupil | Session 176/721 | FMR031 | 3da15f76-b31b-4ca7-a25c-c46cb8e40a06 | smoothing complete | missing=2.6%
2026-07-24 16:45:25,481 | INFO | 02_preprocess_pupil | Session 176/721 | FMR031 | 3da15f76-b31b-4ca7-a25c-c46cb8e40a06 | masking blink and velocity artifacts
2026-07-24 16:45:25,508 | INFO | 02_preprocess_pupil | Session 176/721 | FMR031 | 3da15f76-b31b-4ca7-a25c-c46cb8e40a06 | trace cleaning complete | cleaned missing=17.9% | artifact fraction=17.9%
2026-07-24 16:45:25,509 | INFO | 02_preprocess_pupil | Session 176/721 | FMR031 | 3da15f76-b31b-4ca7-a25c-c46cb8e40a06 | writing trace cache 3da15f76-b31b-4ca7-a25c-c46cb8e40a06.npz
2026-07-24 16:45:25,736 | INFO | 02_preprocess_pupil | Session 176/721 | FMR031 | 3da15f76-b31b-4ca7-a25c-c46cb8e40a06 | trace cache written | size=5.6 MB
2026-07-24 16:45:25,738 | INFO | 02_preprocess_pupil | Session 176/721 | FMR031 | 3da15f76-b31b-4ca7-a25c-c46cb8e40a06 | extracting trial-level pupil features
2026-07-24 16:45:26,405 | INFO | 02_preprocess_pupil | Session 176/721 | FMR031 | 3da15f76-b31b-4ca7-a25c-c46cb8e40a06 | feature extraction complete | stimulus windows valid=66.1% | feedback windows valid=50.2%
2026-07-24 16:45:26,406 | INFO | 02_preprocess_pupil | Session 176/721 complete | status=success | source=one | usable=True | missing=17.9% | session time=34s | cumulative trials=114191/472728 | usable=145 | rejected=11 | failed=20 | elapsed=53m 18s | ETA=2h 45m 01s
2026-07-24 16:45:26,407 | INFO | 02_preprocess_pupil | Session 177/721 | NYU-49 | 3dad6235-17ae-4eb3-bcb8-8fb6f69876e0 | trials=506 | expected source=ONE | starting
2026-07-24 16:45:26,407 | INFO | 02_preprocess_pupil | Session 177/721 | NYU-49 | 3dad6235-17ae-4eb3-bcb8-8fb6f69876e0 | cache miss; fetching trace from ONE
2026-07-24 16:45:26,407 | INFO | 02_preprocess_pupil | Session 177/721 | NYU-49 | 3dad6235-17ae-4eb3-bcb8-8fb6f69876e0 | listing camera datasets
2026-07-24 16:45:28,902 | INFO | 02_preprocess_pupil | Session 177/721 | NYU-49 | 3dad6235-17ae-4eb3-bcb8-8fb6f69876e0 | camera dataset listing complete | matches=4
2026-07-24 16:45:28,902 | INFO | 02_preprocess_pupil | Session 177/721 | NYU-49 | 3dad6235-17ae-4eb3-bcb8-8fb6f69876e0 | loading DLC dataset alf/_ibl_leftCamera.dlc.pqt
2026-07-24 16:45:29,134 | INFO | 02_preprocess_pupil | Session 177/721 | NYU-49 | 3dad6235-17ae-4eb3-bcb8-8fb6f69876e0 | DLC loaded | rows=204813 | columns=33
2026-07-24 16:45:29,134 | INFO | 02_preprocess_pupil | Session 177/721 | NYU-49 | 3dad6235-17ae-4eb3-bcb8-8fb6f69876e0 | loading timestamp dataset alf/_ibl_leftCamera.times.npy
2026-07-24 16:45:29,263 | INFO | 02_preprocess_pupil | Session 177/721 | NYU-49 | 3dad6235-17ae-4eb3-bcb8-8fb6f69876e0 | timestamps loaded | samples=204813 | duration=56m 51s
2026-07-24 16:45:29,263 | INFO | 02_preprocess_pupil | Session 177/721 | NYU-49 | 3dad6235-17ae-4eb3-bcb8-8fb6f69876e0 | thresholding DLC likelihoods
2026-07-24 16:45:29,299 | INFO | 02_preprocess_pupil | Session 177/721 | NYU-49 | 3dad6235-17ae-4eb3-bcb8-8fb6f69876e0 | estimating raw pupil diameter
2026-07-24 16:45:29,428 | INFO | 02_preprocess_pupil | Session 177/721 | NYU-49 | 3dad6235-17ae-4eb3-bcb8-8fb6f69876e0 | raw pupil diameter ready | samples=204813 | missing=42.9%
2026-07-24 16:45:29,429 | INFO | 02_preprocess_pupil | Session 177/721 | NYU-49 | 3dad6235-17ae-4eb3-bcb8-8fb6f69876e0 | smoothing pupil diameter
2026-07-24 16:45:42,849 | INFO | 02_preprocess_pupil | Session 177/721 | NYU-49 | 3dad6235-17ae-4eb3-bcb8-8fb6f69876e0 | smoothing complete | missing=27.0%
2026-07-24 16:45:42,850 | INFO | 02_preprocess_pupil | Session 177/721 | NYU-49 | 3dad6235-17ae-4eb3-bcb8-8fb6f69876e0 | masking blink and velocity artifacts
2026-07-24 16:45:42,866 | INFO | 02_preprocess_pupil | Session 177/721 | NYU-49 | 3dad6235-17ae-4eb3-bcb8-8fb6f69876e0 | trace cleaning complete | cleaned missing=34.0% | artifact fraction=34.0%
2026-07-24 16:45:42,867 | INFO | 02_preprocess_pupil | Session 177/721 | NYU-49 | 3dad6235-17ae-4eb3-bcb8-8fb6f69876e0 | writing trace cache 3dad6235-17ae-4eb3-bcb8-8fb6f69876e0.npz
2026-07-24 16:45:42,998 | INFO | 02_preprocess_pupil | Session 177/721 | NYU-49 | 3dad6235-17ae-4eb3-bcb8-8fb6f69876e0 | trace cache written | size=2.9 MB
2026-07-24 16:45:43,001 | INFO | 02_preprocess_pupil | Session 177/721 | NYU-49 | 3dad6235-17ae-4eb3-bcb8-8fb6f69876e0 | trace rejected by cleaned-missingness QC | threshold=30.0%
2026-07-24 16:45:43,002 | INFO | 02_preprocess_pupil | Session 177/721 complete | status=rejected_missingness | source=one | usable=False | missing=34.0% | session time=17s | cumulative trials=114697/472728 | usable=145 | rejected=12 | failed=20 | elapsed=53m 34s | ETA=2h 44m 38s
2026-07-24 16:45:43,002 | INFO | 02_preprocess_pupil | Session 178/721 | DY_009 | 3dd347df-f14e-40d5-9ff2-9c49f84d2157 | trials=401 | expected source=ONE | starting
2026-07-24 16:45:43,003 | INFO | 02_preprocess_pupil | Session 178/721 | DY_009 | 3dd347df-f14e-40d5-9ff2-9c49f84d2157 | cache miss; fetching trace from ONE
2026-07-24 16:45:43,003 | INFO | 02_preprocess_pupil | Session 178/721 | DY_009 | 3dd347df-f14e-40d5-9ff2-9c49f84d2157 | listing camera datasets
2026-07-24 16:45:44,762 | INFO | 02_preprocess_pupil | Session 178/721 | DY_009 | 3dd347df-f14e-40d5-9ff2-9c49f84d2157 | camera dataset listing complete | matches=8
2026-07-24 16:45:44,762 | INFO | 02_preprocess_pupil | Session 178/721 | DY_009 | 3dd347df-f14e-40d5-9ff2-9c49f84d2157 | loading DLC dataset alf/_ibl_leftCamera.dlc.pqt
2026-07-24 16:46:43,002 | INFO | 02_preprocess_pupil | Session 178/721 | DY_009 | 3dd347df-f14e-40d5-9ff2-9c49f84d2157 | still working | step=loading DLC dataset alf/_ibl_leftCamera.dlc.pqt | session elapsed=1m 00s
2026-07-24 16:47:05,791 | INFO | 02_preprocess_pupil | Session 178/721 | DY_009 | 3dd347df-f14e-40d5-9ff2-9c49f84d2157 | DLC loaded | rows=286402 | columns=33
2026-07-24 16:47:05,791 | INFO | 02_preprocess_pupil | Session 178/721 | DY_009 | 3dd347df-f14e-40d5-9ff2-9c49f84d2157 | loading timestamp dataset alf/#2023-04-20#/_ibl_leftCamera.times.npy
2026-07-24 16:47:09,539 | INFO | 02_preprocess_pupil | Session 178/721 | DY_009 | 3dd347df-f14e-40d5-9ff2-9c49f84d2157 | timestamps loaded | samples=286402 | duration=1h 19m 28s
2026-07-24 16:47:09,539 | INFO | 02_preprocess_pupil | Session 178/721 | DY_009 | 3dd347df-f14e-40d5-9ff2-9c49f84d2157 | thresholding DLC likelihoods
2026-07-24 16:47:09,573 | INFO | 02_preprocess_pupil | Session 178/721 | DY_009 | 3dd347df-f14e-40d5-9ff2-9c49f84d2157 | estimating raw pupil diameter
2026-07-24 16:47:09,682 | INFO | 02_preprocess_pupil | Session 178/721 | DY_009 | 3dd347df-f14e-40d5-9ff2-9c49f84d2157 | raw pupil diameter ready | samples=286402 | missing=0.1%
2026-07-24 16:47:09,682 | INFO | 02_preprocess_pupil | Session 178/721 | DY_009 | 3dd347df-f14e-40d5-9ff2-9c49f84d2157 | smoothing pupil diameter
2026-07-24 16:47:42,088 | INFO | 02_preprocess_pupil | Session 178/721 | DY_009 | 3dd347df-f14e-40d5-9ff2-9c49f84d2157 | smoothing complete | missing=0.0%
2026-07-24 16:47:42,088 | INFO | 02_preprocess_pupil | Session 178/721 | DY_009 | 3dd347df-f14e-40d5-9ff2-9c49f84d2157 | masking blink and velocity artifacts
2026-07-24 16:47:42,114 | INFO | 02_preprocess_pupil | Session 178/721 | DY_009 | 3dd347df-f14e-40d5-9ff2-9c49f84d2157 | trace cleaning complete | cleaned missing=2.7% | artifact fraction=2.7%
2026-07-24 16:47:42,115 | INFO | 02_preprocess_pupil | Session 178/721 | DY_009 | 3dd347df-f14e-40d5-9ff2-9c49f84d2157 | writing trace cache 3dd347df-f14e-40d5-9ff2-9c49f84d2157.npz
2026-07-24 16:47:42,360 | INFO | 02_preprocess_pupil | Session 178/721 | DY_009 | 3dd347df-f14e-40d5-9ff2-9c49f84d2157 | trace cache written | size=5.5 MB
2026-07-24 16:47:42,361 | INFO | 02_preprocess_pupil | Session 178/721 | DY_009 | 3dd347df-f14e-40d5-9ff2-9c49f84d2157 | extracting trial-level pupil features
2026-07-24 16:47:42,742 | INFO | 02_preprocess_pupil | Session 178/721 | DY_009 | 3dd347df-f14e-40d5-9ff2-9c49f84d2157 | feature extraction complete | stimulus windows valid=75.6% | feedback windows valid=81.0%
2026-07-24 16:47:42,742 | INFO | 02_preprocess_pupil | Session 178/721 complete | status=success | source=one | usable=True | missing=2.7% | session time=2m 00s | cumulative trials=115098/472728 | usable=146 | rejected=12 | failed=20 | elapsed=55m 34s | ETA=2h 49m 30s
2026-07-24 16:47:42,743 | INFO | 02_preprocess_pupil | Session 179/721 | NR_0020 | 3e6a97d3-3991-49e2-b346-6948cb4580fb | trials=525 | expected source=ONE | starting
2026-07-24 16:47:42,743 | INFO | 02_preprocess_pupil | Session 179/721 | NR_0020 | 3e6a97d3-3991-49e2-b346-6948cb4580fb | cache miss; fetching trace from ONE
2026-07-24 16:47:42,744 | INFO | 02_preprocess_pupil | Session 179/721 | NR_0020 | 3e6a97d3-3991-49e2-b346-6948cb4580fb | listing camera datasets
2026-07-24 16:47:45,352 | INFO | 02_preprocess_pupil | Session 179/721 | NR_0020 | 3e6a97d3-3991-49e2-b346-6948cb4580fb | camera dataset listing complete | matches=9
2026-07-24 16:47:45,352 | INFO | 02_preprocess_pupil | Session 179/721 | NR_0020 | 3e6a97d3-3991-49e2-b346-6948cb4580fb | loading DLC dataset alf/_ibl_leftCamera.dlc.pqt
2026-07-24 16:47:45,600 | INFO | 02_preprocess_pupil | Session 179/721 | NR_0020 | 3e6a97d3-3991-49e2-b346-6948cb4580fb | DLC loaded | rows=229012 | columns=33
2026-07-24 16:47:45,600 | INFO | 02_preprocess_pupil | Session 179/721 | NR_0020 | 3e6a97d3-3991-49e2-b346-6948cb4580fb | loading timestamp dataset alf/_ibl_leftCamera.times.npy
2026-07-24 16:47:45,739 | INFO | 02_preprocess_pupil | Session 179/721 | NR_0020 | 3e6a97d3-3991-49e2-b346-6948cb4580fb | timestamps loaded | samples=229012 | duration=1h 03m 34s
2026-07-24 16:47:45,740 | INFO | 02_preprocess_pupil | Session 179/721 | NR_0020 | 3e6a97d3-3991-49e2-b346-6948cb4580fb | thresholding DLC likelihoods
2026-07-24 16:47:45,776 | INFO | 02_preprocess_pupil | Session 179/721 | NR_0020 | 3e6a97d3-3991-49e2-b346-6948cb4580fb | estimating raw pupil diameter
2026-07-24 16:47:45,886 | INFO | 02_preprocess_pupil | Session 179/721 | NR_0020 | 3e6a97d3-3991-49e2-b346-6948cb4580fb | raw pupil diameter ready | samples=229012 | missing=22.5%
2026-07-24 16:47:45,886 | INFO | 02_preprocess_pupil | Session 179/721 | NR_0020 | 3e6a97d3-3991-49e2-b346-6948cb4580fb | smoothing pupil diameter
2026-07-24 16:48:06,210 | INFO | 02_preprocess_pupil | Session 179/721 | NR_0020 | 3e6a97d3-3991-49e2-b346-6948cb4580fb | smoothing complete | missing=0.0%
2026-07-24 16:48:06,210 | INFO | 02_preprocess_pupil | Session 179/721 | NR_0020 | 3e6a97d3-3991-49e2-b346-6948cb4580fb | masking blink and velocity artifacts
2026-07-24 16:48:06,230 | INFO | 02_preprocess_pupil | Session 179/721 | NR_0020 | 3e6a97d3-3991-49e2-b346-6948cb4580fb | trace cleaning complete | cleaned missing=4.3% | artifact fraction=4.3%
2026-07-24 16:48:06,231 | INFO | 02_preprocess_pupil | Session 179/721 | NR_0020 | 3e6a97d3-3991-49e2-b346-6948cb4580fb | writing trace cache 3e6a97d3-3991-49e2-b346-6948cb4580fb.npz
2026-07-24 16:48:06,394 | INFO | 02_preprocess_pupil | Session 179/721 | NR_0020 | 3e6a97d3-3991-49e2-b346-6948cb4580fb | trace cache written | size=4.1 MB
2026-07-24 16:48:06,395 | INFO | 02_preprocess_pupil | Session 179/721 | NR_0020 | 3e6a97d3-3991-49e2-b346-6948cb4580fb | extracting trial-level pupil features
2026-07-24 16:48:06,786 | INFO | 02_preprocess_pupil | Session 179/721 | NR_0020 | 3e6a97d3-3991-49e2-b346-6948cb4580fb | feature extraction complete | stimulus windows valid=84.4% | feedback windows valid=86.9%
2026-07-24 16:48:06,786 | INFO | 02_preprocess_pupil | Session 179/721 complete | status=success | source=one | usable=True | missing=4.3% | session time=24s | cumulative trials=115623/472728 | usable=147 | rejected=12 | failed=20 | elapsed=55m 58s | ETA=2h 49m 28s
2026-07-24 16:48:06,787 | INFO | 02_preprocess_pupil | Session 180/721 | ZFM-04122 | 3e752e1d-54d9-411d-b238-b4f975eeb660 | trials=748 | expected source=ONE | starting
2026-07-24 16:48:06,787 | INFO | 02_preprocess_pupil | Session 180/721 | ZFM-04122 | 3e752e1d-54d9-411d-b238-b4f975eeb660 | cache miss; fetching trace from ONE
2026-07-24 16:48:06,787 | INFO | 02_preprocess_pupil | Session 180/721 | ZFM-04122 | 3e752e1d-54d9-411d-b238-b4f975eeb660 | listing camera datasets
2026-07-24 16:48:07,601 | INFO | 02_preprocess_pupil | Session 180/721 | ZFM-04122 | 3e752e1d-54d9-411d-b238-b4f975eeb660 | camera dataset listing complete | matches=5
2026-07-24 16:48:07,601 | INFO | 02_preprocess_pupil | Session 180/721 | ZFM-04122 | 3e752e1d-54d9-411d-b238-b4f975eeb660 | loading DLC dataset alf/_ibl_leftCamera.dlc.pqt
2026-07-24 16:49:06,791 | INFO | 02_preprocess_pupil | Session 180/721 | ZFM-04122 | 3e752e1d-54d9-411d-b238-b4f975eeb660 | still working | step=loading DLC dataset alf/_ibl_leftCamera.dlc.pqt | session elapsed=1m 00s
2026-07-24 16:49:43,233 | INFO | 02_preprocess_pupil | Session 180/721 | ZFM-04122 | 3e752e1d-54d9-411d-b238-b4f975eeb660 | DLC loaded | rows=323911 | columns=33
2026-07-24 16:49:43,234 | INFO | 02_preprocess_pupil | Session 180/721 | ZFM-04122 | 3e752e1d-54d9-411d-b238-b4f975eeb660 | loading timestamp dataset alf/_ibl_leftCamera.times.npy
2026-07-24 16:50:05,653 | INFO | 02_preprocess_pupil | Session 180/721 | ZFM-04122 | 3e752e1d-54d9-411d-b238-b4f975eeb660 | timestamps loaded | samples=323911 | duration=1h 29m 50s
2026-07-24 16:50:05,653 | INFO | 02_preprocess_pupil | Session 180/721 | ZFM-04122 | 3e752e1d-54d9-411d-b238-b4f975eeb660 | thresholding DLC likelihoods
2026-07-24 16:50:05,696 | INFO | 02_preprocess_pupil | Session 180/721 | ZFM-04122 | 3e752e1d-54d9-411d-b238-b4f975eeb660 | estimating raw pupil diameter
2026-07-24 16:50:05,939 | INFO | 02_preprocess_pupil | Session 180/721 | ZFM-04122 | 3e752e1d-54d9-411d-b238-b4f975eeb660 | raw pupil diameter ready | samples=323911 | missing=48.0%
2026-07-24 16:50:05,940 | INFO | 02_preprocess_pupil | Session 180/721 | ZFM-04122 | 3e752e1d-54d9-411d-b238-b4f975eeb660 | smoothing pupil diameter
2026-07-24 16:50:06,817 | INFO | 02_preprocess_pupil | Session 180/721 | ZFM-04122 | 3e752e1d-54d9-411d-b238-b4f975eeb660 | still working | step=smoothing pupil diameter | session elapsed=2m 00s
2026-07-24 16:50:25,555 | INFO | 02_preprocess_pupil | Session 180/721 | ZFM-04122 | 3e752e1d-54d9-411d-b238-b4f975eeb660 | smoothing complete | missing=17.1%
2026-07-24 16:50:25,555 | INFO | 02_preprocess_pupil | Session 180/721 | ZFM-04122 | 3e752e1d-54d9-411d-b238-b4f975eeb660 | masking blink and velocity artifacts
2026-07-24 16:50:25,580 | INFO | 02_preprocess_pupil | Session 180/721 | ZFM-04122 | 3e752e1d-54d9-411d-b238-b4f975eeb660 | trace cleaning complete | cleaned missing=26.4% | artifact fraction=26.4%
2026-07-24 16:50:25,581 | INFO | 02_preprocess_pupil | Session 180/721 | ZFM-04122 | 3e752e1d-54d9-411d-b238-b4f975eeb660 | writing trace cache 3e752e1d-54d9-411d-b238-b4f975eeb660.npz
2026-07-24 16:50:25,778 | INFO | 02_preprocess_pupil | Session 180/721 | ZFM-04122 | 3e752e1d-54d9-411d-b238-b4f975eeb660 | trace cache written | size=4.3 MB
2026-07-24 16:50:25,780 | INFO | 02_preprocess_pupil | Session 180/721 | ZFM-04122 | 3e752e1d-54d9-411d-b238-b4f975eeb660 | extracting trial-level pupil features
2026-07-24 16:50:26,572 | INFO | 02_preprocess_pupil | Session 180/721 | ZFM-04122 | 3e752e1d-54d9-411d-b238-b4f975eeb660 | feature extraction complete | stimulus windows valid=49.7% | feedback windows valid=43.3%
2026-07-24 16:50:26,573 | INFO | 02_preprocess_pupil | Session 180/721 complete | status=success | source=one | usable=True | missing=26.4% | session time=2m 20s | cumulative trials=116371/472728 | usable=148 | rejected=12 | failed=20 | elapsed=58m 18s | ETA=2h 55m 13s
2026-07-24 16:50:26,574 | INFO | 02_preprocess_pupil | Session 181/721 | ZFM-01936 | 3f6e25ae-c007-4dc3-aa77-450fd5705046 | trials=401 | expected source=ONE | starting
2026-07-24 16:50:26,575 | INFO | 02_preprocess_pupil | Session 181/721 | ZFM-01936 | 3f6e25ae-c007-4dc3-aa77-450fd5705046 | cache miss; fetching trace from ONE
2026-07-24 16:50:26,575 | INFO | 02_preprocess_pupil | Session 181/721 | ZFM-01936 | 3f6e25ae-c007-4dc3-aa77-450fd5705046 | listing camera datasets
2026-07-24 16:50:29,024 | INFO | 02_preprocess_pupil | Session 181/721 | ZFM-01936 | 3f6e25ae-c007-4dc3-aa77-450fd5705046 | camera dataset listing complete | matches=8
2026-07-24 16:50:29,025 | INFO | 02_preprocess_pupil | Session 181/721 | ZFM-01936 | 3f6e25ae-c007-4dc3-aa77-450fd5705046 | loading DLC dataset alf/_ibl_leftCamera.dlc.pqt
2026-07-24 16:50:29,246 | INFO | 02_preprocess_pupil | Session 181/721 | ZFM-01936 | 3f6e25ae-c007-4dc3-aa77-450fd5705046 | DLC loaded | rows=192873 | columns=33
2026-07-24 16:50:29,247 | INFO | 02_preprocess_pupil | Session 181/721 | ZFM-01936 | 3f6e25ae-c007-4dc3-aa77-450fd5705046 | loading timestamp dataset alf/_ibl_leftCamera.times.npy
2026-07-24 16:50:29,379 | INFO | 02_preprocess_pupil | Session 181/721 | ZFM-01936 | 3f6e25ae-c007-4dc3-aa77-450fd5705046 | timestamps loaded | samples=192873 | duration=53m 30s
2026-07-24 16:50:29,380 | INFO | 02_preprocess_pupil | Session 181/721 | ZFM-01936 | 3f6e25ae-c007-4dc3-aa77-450fd5705046 | thresholding DLC likelihoods
2026-07-24 16:50:29,404 | INFO | 02_preprocess_pupil | Session 181/721 | ZFM-01936 | 3f6e25ae-c007-4dc3-aa77-450fd5705046 | estimating raw pupil diameter
2026-07-24 16:50:29,468 | INFO | 02_preprocess_pupil | Session 181/721 | ZFM-01936 | 3f6e25ae-c007-4dc3-aa77-450fd5705046 | raw pupil diameter ready | samples=192873 | missing=4.8%
2026-07-24 16:50:29,468 | INFO | 02_preprocess_pupil | Session 181/721 | ZFM-01936 | 3f6e25ae-c007-4dc3-aa77-450fd5705046 | smoothing pupil diameter
2026-07-24 16:50:50,492 | INFO | 02_preprocess_pupil | Session 181/721 | ZFM-01936 | 3f6e25ae-c007-4dc3-aa77-450fd5705046 | smoothing complete | missing=1.3%
2026-07-24 16:50:50,492 | INFO | 02_preprocess_pupil | Session 181/721 | ZFM-01936 | 3f6e25ae-c007-4dc3-aa77-450fd5705046 | masking blink and velocity artifacts
2026-07-24 16:50:50,508 | INFO | 02_preprocess_pupil | Session 181/721 | ZFM-01936 | 3f6e25ae-c007-4dc3-aa77-450fd5705046 | trace cleaning complete | cleaned missing=13.5% | artifact fraction=13.5%
2026-07-24 16:50:50,509 | INFO | 02_preprocess_pupil | Session 181/721 | ZFM-01936 | 3f6e25ae-c007-4dc3-aa77-450fd5705046 | writing trace cache 3f6e25ae-c007-4dc3-aa77-450fd5705046.npz
2026-07-24 16:50:50,652 | INFO | 02_preprocess_pupil | Session 181/721 | ZFM-01936 | 3f6e25ae-c007-4dc3-aa77-450fd5705046 | trace cache written | size=3.5 MB
2026-07-24 16:50:50,654 | INFO | 02_preprocess_pupil | Session 181/721 | ZFM-01936 | 3f6e25ae-c007-4dc3-aa77-450fd5705046 | extracting trial-level pupil features
2026-07-24 16:50:50,917 | INFO | 02_preprocess_pupil | Session 181/721 | ZFM-01936 | 3f6e25ae-c007-4dc3-aa77-450fd5705046 | feature extraction complete | stimulus windows valid=71.6% | feedback windows valid=70.3%
2026-07-24 16:50:50,918 | INFO | 02_preprocess_pupil | Session 181/721 complete | status=success | source=one | usable=True | missing=13.5% | session time=24s | cumulative trials=116772/472728 | usable=149 | rejected=12 | failed=20 | elapsed=58m 42s | ETA=2h 55m 08s
2026-07-24 16:50:50,918 | INFO | 02_preprocess_pupil | Session 182/721 | MFD_06 | 3f71aa98-08c6-4e79-b4c8-00eae4f03eff | trials=672 | expected source=ONE | starting
2026-07-24 16:50:50,919 | INFO | 02_preprocess_pupil | Session 182/721 | MFD_06 | 3f71aa98-08c6-4e79-b4c8-00eae4f03eff | cache miss; fetching trace from ONE
2026-07-24 16:50:50,919 | INFO | 02_preprocess_pupil | Session 182/721 | MFD_06 | 3f71aa98-08c6-4e79-b4c8-00eae4f03eff | listing camera datasets
2026-07-24 16:50:53,242 | INFO | 02_preprocess_pupil | Session 182/721 | MFD_06 | 3f71aa98-08c6-4e79-b4c8-00eae4f03eff | camera dataset listing complete | matches=8
2026-07-24 16:50:53,242 | INFO | 02_preprocess_pupil | Session 182/721 | MFD_06 | 3f71aa98-08c6-4e79-b4c8-00eae4f03eff | loading DLC dataset alf/_ibl_leftCamera.dlc.pqt
2026-07-24 16:50:53,456 | INFO | 02_preprocess_pupil | Session 182/721 | MFD_06 | 3f71aa98-08c6-4e79-b4c8-00eae4f03eff | DLC loaded | rows=264209 | columns=33
2026-07-24 16:50:53,456 | INFO | 02_preprocess_pupil | Session 182/721 | MFD_06 | 3f71aa98-08c6-4e79-b4c8-00eae4f03eff | loading timestamp dataset alf/_ibl_leftCamera.times.npy
2026-07-24 16:50:53,575 | INFO | 02_preprocess_pupil | Session 182/721 | MFD_06 | 3f71aa98-08c6-4e79-b4c8-00eae4f03eff | timestamps loaded | samples=264209 | duration=1h 12m 14s
2026-07-24 16:50:53,575 | INFO | 02_preprocess_pupil | Session 182/721 | MFD_06 | 3f71aa98-08c6-4e79-b4c8-00eae4f03eff | thresholding DLC likelihoods
2026-07-24 16:50:53,603 | INFO | 02_preprocess_pupil | Session 182/721 | MFD_06 | 3f71aa98-08c6-4e79-b4c8-00eae4f03eff | estimating raw pupil diameter
2026-07-24 16:50:53,683 | INFO | 02_preprocess_pupil | Session 182/721 | MFD_06 | 3f71aa98-08c6-4e79-b4c8-00eae4f03eff | raw pupil diameter ready | samples=264209 | missing=0.2%
2026-07-24 16:50:53,683 | INFO | 02_preprocess_pupil | Session 182/721 | MFD_06 | 3f71aa98-08c6-4e79-b4c8-00eae4f03eff | smoothing pupil diameter
2026-07-24 16:51:23,942 | INFO | 02_preprocess_pupil | Session 182/721 | MFD_06 | 3f71aa98-08c6-4e79-b4c8-00eae4f03eff | smoothing complete | missing=0.0%
2026-07-24 16:51:23,942 | INFO | 02_preprocess_pupil | Session 182/721 | MFD_06 | 3f71aa98-08c6-4e79-b4c8-00eae4f03eff | masking blink and velocity artifacts
2026-07-24 16:51:23,967 | INFO | 02_preprocess_pupil | Session 182/721 | MFD_06 | 3f71aa98-08c6-4e79-b4c8-00eae4f03eff | trace cleaning complete | cleaned missing=3.7% | artifact fraction=3.7%
2026-07-24 16:51:23,967 | INFO | 02_preprocess_pupil | Session 182/721 | MFD_06 | 3f71aa98-08c6-4e79-b4c8-00eae4f03eff | writing trace cache 3f71aa98-08c6-4e79-b4c8-00eae4f03eff.npz
2026-07-24 16:51:24,171 | INFO | 02_preprocess_pupil | Session 182/721 | MFD_06 | 3f71aa98-08c6-4e79-b4c8-00eae4f03eff | trace cache written | size=5.1 MB
2026-07-24 16:51:24,172 | INFO | 02_preprocess_pupil | Session 182/721 | MFD_06 | 3f71aa98-08c6-4e79-b4c8-00eae4f03eff | extracting trial-level pupil features
2026-07-24 16:51:24,748 | INFO | 02_preprocess_pupil | Session 182/721 | MFD_06 | 3f71aa98-08c6-4e79-b4c8-00eae4f03eff | feature extraction complete | stimulus windows valid=80.4% | feedback windows valid=85.1%
2026-07-24 16:51:24,749 | INFO | 02_preprocess_pupil | Session 182/721 complete | status=success | source=one | usable=True | missing=3.7% | session time=34s | cumulative trials=117444/472728 | usable=150 | rejected=12 | failed=20 | elapsed=59m 16s | ETA=2h 55m 31s
2026-07-24 16:51:24,749 | INFO | 02_preprocess_pupil | Session 183/721 | KS094 | 3f859b5c-e73a-4044-b49e-34bb81e96715 | trials=490 | expected source=ONE | starting
2026-07-24 16:51:24,750 | INFO | 02_preprocess_pupil | Session 183/721 | KS094 | 3f859b5c-e73a-4044-b49e-34bb81e96715 | cache miss; fetching trace from ONE
2026-07-24 16:51:24,750 | INFO | 02_preprocess_pupil | Session 183/721 | KS094 | 3f859b5c-e73a-4044-b49e-34bb81e96715 | listing camera datasets
2026-07-24 16:51:28,990 | INFO | 02_preprocess_pupil | Session 183/721 | KS094 | 3f859b5c-e73a-4044-b49e-34bb81e96715 | camera dataset listing complete | matches=10
2026-07-24 16:51:28,990 | INFO | 02_preprocess_pupil | Session 183/721 | KS094 | 3f859b5c-e73a-4044-b49e-34bb81e96715 | loading DLC dataset alf/_ibl_leftCamera.dlc.pqt
2026-07-24 16:51:29,247 | INFO | 02_preprocess_pupil | Session 183/721 | KS094 | 3f859b5c-e73a-4044-b49e-34bb81e96715 | DLC loaded | rows=249366 | columns=33
2026-07-24 16:51:29,247 | INFO | 02_preprocess_pupil | Session 183/721 | KS094 | 3f859b5c-e73a-4044-b49e-34bb81e96715 | loading timestamp dataset alf/_ibl_leftCamera.times.npy
2026-07-24 16:51:29,384 | INFO | 02_preprocess_pupil | Session 183/721 | KS094 | 3f859b5c-e73a-4044-b49e-34bb81e96715 | timestamps loaded | samples=249366 | duration=1h 09m 12s
2026-07-24 16:51:29,384 | INFO | 02_preprocess_pupil | Session 183/721 | KS094 | 3f859b5c-e73a-4044-b49e-34bb81e96715 | thresholding DLC likelihoods
2026-07-24 16:51:29,414 | INFO | 02_preprocess_pupil | Session 183/721 | KS094 | 3f859b5c-e73a-4044-b49e-34bb81e96715 | estimating raw pupil diameter
2026-07-24 16:51:29,493 | INFO | 02_preprocess_pupil | Session 183/721 | KS094 | 3f859b5c-e73a-4044-b49e-34bb81e96715 | raw pupil diameter ready | samples=249366 | missing=3.5%
2026-07-24 16:51:29,493 | INFO | 02_preprocess_pupil | Session 183/721 | KS094 | 3f859b5c-e73a-4044-b49e-34bb81e96715 | smoothing pupil diameter
2026-07-24 16:51:56,958 | INFO | 02_preprocess_pupil | Session 183/721 | KS094 | 3f859b5c-e73a-4044-b49e-34bb81e96715 | smoothing complete | missing=0.0%
2026-07-24 16:51:56,959 | INFO | 02_preprocess_pupil | Session 183/721 | KS094 | 3f859b5c-e73a-4044-b49e-34bb81e96715 | masking blink and velocity artifacts
2026-07-24 16:51:56,981 | INFO | 02_preprocess_pupil | Session 183/721 | KS094 | 3f859b5c-e73a-4044-b49e-34bb81e96715 | trace cleaning complete | cleaned missing=3.8% | artifact fraction=3.8%
2026-07-24 16:51:56,981 | INFO | 02_preprocess_pupil | Session 183/721 | KS094 | 3f859b5c-e73a-4044-b49e-34bb81e96715 | writing trace cache 3f859b5c-e73a-4044-b49e-34bb81e96715.npz
2026-07-24 16:51:57,175 | INFO | 02_preprocess_pupil | Session 183/721 | KS094 | 3f859b5c-e73a-4044-b49e-34bb81e96715 | trace cache written | size=4.8 MB
2026-07-24 16:51:57,177 | INFO | 02_preprocess_pupil | Session 183/721 | KS094 | 3f859b5c-e73a-4044-b49e-34bb81e96715 | extracting trial-level pupil features
2026-07-24 16:51:57,594 | INFO | 02_preprocess_pupil | Session 183/721 | KS094 | 3f859b5c-e73a-4044-b49e-34bb81e96715 | feature extraction complete | stimulus windows valid=78.6% | feedback windows valid=85.9%
2026-07-24 16:51:57,595 | INFO | 02_preprocess_pupil | Session 183/721 complete | status=success | source=one | usable=True | missing=3.8% | session time=33s | cumulative trials=117934/472728 | usable=151 | rejected=12 | failed=20 | elapsed=59m 49s | ETA=2h 55m 50s
2026-07-24 16:51:57,595 | INFO | 02_preprocess_pupil | Session 184/721 | ZFM-05170 | 401dc15a-96d1-47a9-81f5-bebdfcd2465d | trials=447 | expected source=ONE | starting
2026-07-24 16:51:57,596 | INFO | 02_preprocess_pupil | Session 184/721 | ZFM-05170 | 401dc15a-96d1-47a9-81f5-bebdfcd2465d | cache miss; fetching trace from ONE
2026-07-24 16:51:57,596 | INFO | 02_preprocess_pupil | Session 184/721 | ZFM-05170 | 401dc15a-96d1-47a9-81f5-bebdfcd2465d | listing camera datasets
2026-07-24 16:52:00,537 | INFO | 02_preprocess_pupil | Session 184/721 | ZFM-05170 | 401dc15a-96d1-47a9-81f5-bebdfcd2465d | camera dataset listing complete | matches=5
2026-07-24 16:52:00,537 | INFO | 02_preprocess_pupil | Session 184/721 | ZFM-05170 | 401dc15a-96d1-47a9-81f5-bebdfcd2465d | loading DLC dataset alf/_ibl_leftCamera.dlc.pqt
2026-07-24 16:52:00,726 | INFO | 02_preprocess_pupil | Session 184/721 | ZFM-05170 | 401dc15a-96d1-47a9-81f5-bebdfcd2465d | DLC loaded | rows=195134 | columns=33
2026-07-24 16:52:00,726 | INFO | 02_preprocess_pupil | Session 184/721 | ZFM-05170 | 401dc15a-96d1-47a9-81f5-bebdfcd2465d | loading timestamp dataset alf/_ibl_leftCamera.times.npy
2026-07-24 16:52:00,861 | INFO | 02_preprocess_pupil | Session 184/721 | ZFM-05170 | 401dc15a-96d1-47a9-81f5-bebdfcd2465d | timestamps loaded | samples=195134 | duration=54m 06s
2026-07-24 16:52:00,861 | INFO | 02_preprocess_pupil | Session 184/721 | ZFM-05170 | 401dc15a-96d1-47a9-81f5-bebdfcd2465d | thresholding DLC likelihoods
2026-07-24 16:52:00,887 | INFO | 02_preprocess_pupil | Session 184/721 | ZFM-05170 | 401dc15a-96d1-47a9-81f5-bebdfcd2465d | estimating raw pupil diameter
2026-07-24 16:52:00,962 | INFO | 02_preprocess_pupil | Session 184/721 | ZFM-05170 | 401dc15a-96d1-47a9-81f5-bebdfcd2465d | raw pupil diameter ready | samples=195134 | missing=7.4%
2026-07-24 16:52:00,962 | INFO | 02_preprocess_pupil | Session 184/721 | ZFM-05170 | 401dc15a-96d1-47a9-81f5-bebdfcd2465d | smoothing pupil diameter
2026-07-24 16:52:21,465 | INFO | 02_preprocess_pupil | Session 184/721 | ZFM-05170 | 401dc15a-96d1-47a9-81f5-bebdfcd2465d | smoothing complete | missing=0.4%
2026-07-24 16:52:21,465 | INFO | 02_preprocess_pupil | Session 184/721 | ZFM-05170 | 401dc15a-96d1-47a9-81f5-bebdfcd2465d | masking blink and velocity artifacts
2026-07-24 16:52:21,482 | INFO | 02_preprocess_pupil | Session 184/721 | ZFM-05170 | 401dc15a-96d1-47a9-81f5-bebdfcd2465d | trace cleaning complete | cleaned missing=3.3% | artifact fraction=3.3%
2026-07-24 16:52:21,483 | INFO | 02_preprocess_pupil | Session 184/721 | ZFM-05170 | 401dc15a-96d1-47a9-81f5-bebdfcd2465d | writing trace cache 401dc15a-96d1-47a9-81f5-bebdfcd2465d.npz
2026-07-24 16:52:21,625 | INFO | 02_preprocess_pupil | Session 184/721 | ZFM-05170 | 401dc15a-96d1-47a9-81f5-bebdfcd2465d | trace cache written | size=3.7 MB
2026-07-24 16:52:21,626 | INFO | 02_preprocess_pupil | Session 184/721 | ZFM-05170 | 401dc15a-96d1-47a9-81f5-bebdfcd2465d | extracting trial-level pupil features
2026-07-24 16:52:21,925 | INFO | 02_preprocess_pupil | Session 184/721 | ZFM-05170 | 401dc15a-96d1-47a9-81f5-bebdfcd2465d | feature extraction complete | stimulus windows valid=81.0% | feedback windows valid=88.4%
2026-07-24 16:52:21,926 | INFO | 02_preprocess_pupil | Session 184/721 complete | status=success | source=one | usable=True | missing=3.3% | session time=24s | cumulative trials=118381/472728 | usable=152 | rejected=12 | failed=20 | elapsed=1h 00m 13s | ETA=2h 55m 45s
2026-07-24 16:52:21,927 | INFO | 02_preprocess_pupil | Session 185/721 | FMR015 | 4056ff6d-c882-46c0-af06-a5e53f67b54a | trials=573 | expected source=ONE | starting
2026-07-24 16:52:21,927 | INFO | 02_preprocess_pupil | Session 185/721 | FMR015 | 4056ff6d-c882-46c0-af06-a5e53f67b54a | cache miss; fetching trace from ONE
2026-07-24 16:52:21,927 | INFO | 02_preprocess_pupil | Session 185/721 | FMR015 | 4056ff6d-c882-46c0-af06-a5e53f67b54a | listing camera datasets
2026-07-24 16:52:23,824 | INFO | 02_preprocess_pupil | Session 185/721 | FMR015 | 4056ff6d-c882-46c0-af06-a5e53f67b54a | camera dataset listing complete | matches=4
2026-07-24 16:52:23,824 | INFO | 02_preprocess_pupil | Session 185/721 | FMR015 | 4056ff6d-c882-46c0-af06-a5e53f67b54a | loading DLC dataset alf/_ibl_leftCamera.dlc.pqt
2026-07-24 16:52:24,075 | INFO | 02_preprocess_pupil | Session 185/721 | FMR015 | 4056ff6d-c882-46c0-af06-a5e53f67b54a | DLC loaded | rows=350761 | columns=33
2026-07-24 16:52:24,075 | INFO | 02_preprocess_pupil | Session 185/721 | FMR015 | 4056ff6d-c882-46c0-af06-a5e53f67b54a | loading timestamp dataset alf/_ibl_leftCamera.times.npy
2026-07-24 16:52:24,206 | INFO | 02_preprocess_pupil | Session 185/721 | FMR015 | 4056ff6d-c882-46c0-af06-a5e53f67b54a | timestamps loaded | samples=350761 | duration=1h 37m 22s
2026-07-24 16:52:24,207 | INFO | 02_preprocess_pupil | Session 185/721 | FMR015 | 4056ff6d-c882-46c0-af06-a5e53f67b54a | thresholding DLC likelihoods
2026-07-24 16:52:24,258 | INFO | 02_preprocess_pupil | Session 185/721 | FMR015 | 4056ff6d-c882-46c0-af06-a5e53f67b54a | estimating raw pupil diameter
2026-07-24 16:52:24,611 | INFO | 02_preprocess_pupil | Session 185/721 | FMR015 | 4056ff6d-c882-46c0-af06-a5e53f67b54a | raw pupil diameter ready | samples=350761 | missing=96.7%
2026-07-24 16:52:24,611 | INFO | 02_preprocess_pupil | Session 185/721 | FMR015 | 4056ff6d-c882-46c0-af06-a5e53f67b54a | smoothing pupil diameter
2026-07-24 16:52:24,612 | WARNING | 02_preprocess_pupil | Session 185/721 failed | subject=FMR015 | eid=4056ff6d-c882-46c0-af06-a5e53f67b54a | session elapsed=3s | error=ValueError: Raw pupil diameter for left is too often NaN, cannot smooth.
2026-07-24 16:52:24,615 | INFO | 02_preprocess_pupil | Session 185/721 complete | status=failed | source=none | usable=False | missing=n/a | session time=3s | cumulative trials=118954/472728 | usable=152 | rejected=12 | failed=21 | elapsed=1h 00m 16s | ETA=2h 54m 36s
2026-07-24 16:52:24,616 | INFO | 02_preprocess_pupil | Session 186/721 | FMR020 | 40a048d7-4612-40a4-80ab-41c9d1341d66 | trials=775 | expected source=ONE | starting
2026-07-24 16:52:24,617 | INFO | 02_preprocess_pupil | Session 186/721 | FMR020 | 40a048d7-4612-40a4-80ab-41c9d1341d66 | cache miss; fetching trace from ONE
2026-07-24 16:52:24,617 | INFO | 02_preprocess_pupil | Session 186/721 | FMR020 | 40a048d7-4612-40a4-80ab-41c9d1341d66 | listing camera datasets
2026-07-24 16:52:26,995 | INFO | 02_preprocess_pupil | Session 186/721 | FMR020 | 40a048d7-4612-40a4-80ab-41c9d1341d66 | camera dataset listing complete | matches=5
2026-07-24 16:52:26,995 | INFO | 02_preprocess_pupil | Session 186/721 | FMR020 | 40a048d7-4612-40a4-80ab-41c9d1341d66 | loading DLC dataset alf/_ibl_leftCamera.dlc.pqt
2026-07-24 16:52:27,215 | INFO | 02_preprocess_pupil | Session 186/721 | FMR020 | 40a048d7-4612-40a4-80ab-41c9d1341d66 | DLC loaded | rows=254223 | columns=33
2026-07-24 16:52:27,216 | INFO | 02_preprocess_pupil | Session 186/721 | FMR020 | 40a048d7-4612-40a4-80ab-41c9d1341d66 | loading timestamp dataset alf/_ibl_leftCamera.times.npy
2026-07-24 16:52:27,338 | INFO | 02_preprocess_pupil | Session 186/721 | FMR020 | 40a048d7-4612-40a4-80ab-41c9d1341d66 | timestamps loaded | samples=254223 | duration=1h 10m 34s
2026-07-24 16:52:27,338 | INFO | 02_preprocess_pupil | Session 186/721 | FMR020 | 40a048d7-4612-40a4-80ab-41c9d1341d66 | thresholding DLC likelihoods
2026-07-24 16:52:27,373 | INFO | 02_preprocess_pupil | Session 186/721 | FMR020 | 40a048d7-4612-40a4-80ab-41c9d1341d66 | estimating raw pupil diameter
2026-07-24 16:52:27,513 | INFO | 02_preprocess_pupil | Session 186/721 | FMR020 | 40a048d7-4612-40a4-80ab-41c9d1341d66 | raw pupil diameter ready | samples=254223 | missing=34.1%
2026-07-24 16:52:27,514 | INFO | 02_preprocess_pupil | Session 186/721 | FMR020 | 40a048d7-4612-40a4-80ab-41c9d1341d66 | smoothing pupil diameter
2026-07-24 16:52:46,806 | INFO | 02_preprocess_pupil | Session 186/721 | FMR020 | 40a048d7-4612-40a4-80ab-41c9d1341d66 | smoothing complete | missing=12.7%
2026-07-24 16:52:46,807 | INFO | 02_preprocess_pupil | Session 186/721 | FMR020 | 40a048d7-4612-40a4-80ab-41c9d1341d66 | masking blink and velocity artifacts
2026-07-24 16:52:46,827 | INFO | 02_preprocess_pupil | Session 186/721 | FMR020 | 40a048d7-4612-40a4-80ab-41c9d1341d66 | trace cleaning complete | cleaned missing=18.7% | artifact fraction=18.7%
2026-07-24 16:52:46,827 | INFO | 02_preprocess_pupil | Session 186/721 | FMR020 | 40a048d7-4612-40a4-80ab-41c9d1341d66 | writing trace cache 40a048d7-4612-40a4-80ab-41c9d1341d66.npz
2026-07-24 16:52:46,988 | INFO | 02_preprocess_pupil | Session 186/721 | FMR020 | 40a048d7-4612-40a4-80ab-41c9d1341d66 | trace cache written | size=4.1 MB
2026-07-24 16:52:46,989 | INFO | 02_preprocess_pupil | Session 186/721 | FMR020 | 40a048d7-4612-40a4-80ab-41c9d1341d66 | extracting trial-level pupil features
2026-07-24 16:52:47,641 | INFO | 02_preprocess_pupil | Session 186/721 | FMR020 | 40a048d7-4612-40a4-80ab-41c9d1341d66 | feature extraction complete | stimulus windows valid=63.4% | feedback windows valid=55.5%
2026-07-24 16:52:47,641 | INFO | 02_preprocess_pupil | Session 186/721 complete | status=success | source=one | usable=True | missing=18.7% | session time=23s | cumulative trials=119729/472728 | usable=153 | rejected=12 | failed=21 | elapsed=1h 00m 39s | ETA=2h 54m 26s
2026-07-24 16:52:47,642 | INFO | 02_preprocess_pupil | Session 187/721 | ZFM-04080 | 40b82e4e-4df4-4638-8c06-1d7ce0a58015 | trials=768 | expected source=ONE | starting
2026-07-24 16:52:47,642 | INFO | 02_preprocess_pupil | Session 187/721 | ZFM-04080 | 40b82e4e-4df4-4638-8c06-1d7ce0a58015 | cache miss; fetching trace from ONE
2026-07-24 16:52:47,643 | INFO | 02_preprocess_pupil | Session 187/721 | ZFM-04080 | 40b82e4e-4df4-4638-8c06-1d7ce0a58015 | listing camera datasets
2026-07-24 16:52:49,162 | INFO | 02_preprocess_pupil | Session 187/721 | ZFM-04080 | 40b82e4e-4df4-4638-8c06-1d7ce0a58015 | camera dataset listing complete | matches=5
2026-07-24 16:52:49,162 | INFO | 02_preprocess_pupil | Session 187/721 | ZFM-04080 | 40b82e4e-4df4-4638-8c06-1d7ce0a58015 | loading DLC dataset alf/_ibl_leftCamera.dlc.pqt
2026-07-24 16:52:49,376 | INFO | 02_preprocess_pupil | Session 187/721 | ZFM-04080 | 40b82e4e-4df4-4638-8c06-1d7ce0a58015 | DLC loaded | rows=276523 | columns=33
2026-07-24 16:52:49,377 | INFO | 02_preprocess_pupil | Session 187/721 | ZFM-04080 | 40b82e4e-4df4-4638-8c06-1d7ce0a58015 | loading timestamp dataset alf/_ibl_leftCamera.times.npy
2026-07-24 16:52:49,522 | INFO | 02_preprocess_pupil | Session 187/721 | ZFM-04080 | 40b82e4e-4df4-4638-8c06-1d7ce0a58015 | timestamps loaded | samples=276523 | duration=1h 16m 42s
2026-07-24 16:52:49,522 | INFO | 02_preprocess_pupil | Session 187/721 | ZFM-04080 | 40b82e4e-4df4-4638-8c06-1d7ce0a58015 | thresholding DLC likelihoods
2026-07-24 16:52:49,563 | INFO | 02_preprocess_pupil | Session 187/721 | ZFM-04080 | 40b82e4e-4df4-4638-8c06-1d7ce0a58015 | estimating raw pupil diameter
2026-07-24 16:52:49,680 | INFO | 02_preprocess_pupil | Session 187/721 | ZFM-04080 | 40b82e4e-4df4-4638-8c06-1d7ce0a58015 | raw pupil diameter ready | samples=276523 | missing=3.8%
2026-07-24 16:52:49,681 | INFO | 02_preprocess_pupil | Session 187/721 | ZFM-04080 | 40b82e4e-4df4-4638-8c06-1d7ce0a58015 | smoothing pupil diameter
2026-07-24 16:53:20,508 | INFO | 02_preprocess_pupil | Session 187/721 | ZFM-04080 | 40b82e4e-4df4-4638-8c06-1d7ce0a58015 | smoothing complete | missing=1.5%
2026-07-24 16:53:20,508 | INFO | 02_preprocess_pupil | Session 187/721 | ZFM-04080 | 40b82e4e-4df4-4638-8c06-1d7ce0a58015 | masking blink and velocity artifacts
2026-07-24 16:53:20,531 | INFO | 02_preprocess_pupil | Session 187/721 | ZFM-04080 | 40b82e4e-4df4-4638-8c06-1d7ce0a58015 | trace cleaning complete | cleaned missing=8.4% | artifact fraction=8.4%
2026-07-24 16:53:20,532 | INFO | 02_preprocess_pupil | Session 187/721 | ZFM-04080 | 40b82e4e-4df4-4638-8c06-1d7ce0a58015 | writing trace cache 40b82e4e-4df4-4638-8c06-1d7ce0a58015.npz
2026-07-24 16:53:20,747 | INFO | 02_preprocess_pupil | Session 187/721 | ZFM-04080 | 40b82e4e-4df4-4638-8c06-1d7ce0a58015 | trace cache written | size=5.2 MB
2026-07-24 16:53:20,749 | INFO | 02_preprocess_pupil | Session 187/721 | ZFM-04080 | 40b82e4e-4df4-4638-8c06-1d7ce0a58015 | extracting trial-level pupil features
2026-07-24 16:53:21,462 | INFO | 02_preprocess_pupil | Session 187/721 | ZFM-04080 | 40b82e4e-4df4-4638-8c06-1d7ce0a58015 | feature extraction complete | stimulus windows valid=70.2% | feedback windows valid=71.5%
2026-07-24 16:53:21,462 | INFO | 02_preprocess_pupil | Session 187/721 complete | status=success | source=one | usable=True | missing=8.4% | session time=34s | cumulative trials=120497/472728 | usable=154 | rejected=12 | failed=21 | elapsed=1h 01m 13s | ETA=2h 54m 48s
2026-07-24 16:53:21,463 | INFO | 02_preprocess_pupil | Session 188/721 | ZFM-02601 | 40d3fa8b-3c47-4146-ad7a-c38dc7323e4e | trials=208 | expected source=ONE | starting
2026-07-24 16:53:21,464 | INFO | 02_preprocess_pupil | Session 188/721 | ZFM-02601 | 40d3fa8b-3c47-4146-ad7a-c38dc7323e4e | cache miss; fetching trace from ONE
2026-07-24 16:53:21,464 | INFO | 02_preprocess_pupil | Session 188/721 | ZFM-02601 | 40d3fa8b-3c47-4146-ad7a-c38dc7323e4e | listing camera datasets
2026-07-24 16:53:22,971 | INFO | 02_preprocess_pupil | Session 188/721 | ZFM-02601 | 40d3fa8b-3c47-4146-ad7a-c38dc7323e4e | camera dataset listing complete | matches=5
2026-07-24 16:53:22,972 | INFO | 02_preprocess_pupil | Session 188/721 | ZFM-02601 | 40d3fa8b-3c47-4146-ad7a-c38dc7323e4e | loading DLC dataset alf/_ibl_leftCamera.dlc.pqt
2026-07-24 16:53:23,206 | INFO | 02_preprocess_pupil | Session 188/721 | ZFM-02601 | 40d3fa8b-3c47-4146-ad7a-c38dc7323e4e | DLC loaded | rows=197359 | columns=33
2026-07-24 16:53:23,207 | INFO | 02_preprocess_pupil | Session 188/721 | ZFM-02601 | 40d3fa8b-3c47-4146-ad7a-c38dc7323e4e | loading timestamp dataset alf/_ibl_leftCamera.times.npy
2026-07-24 16:53:23,337 | INFO | 02_preprocess_pupil | Session 188/721 | ZFM-02601 | 40d3fa8b-3c47-4146-ad7a-c38dc7323e4e | timestamps loaded | samples=197359 | duration=54m 44s
2026-07-24 16:53:23,337 | INFO | 02_preprocess_pupil | Session 188/721 | ZFM-02601 | 40d3fa8b-3c47-4146-ad7a-c38dc7323e4e | thresholding DLC likelihoods
2026-07-24 16:53:23,362 | INFO | 02_preprocess_pupil | Session 188/721 | ZFM-02601 | 40d3fa8b-3c47-4146-ad7a-c38dc7323e4e | estimating raw pupil diameter
2026-07-24 16:53:23,450 | INFO | 02_preprocess_pupil | Session 188/721 | ZFM-02601 | 40d3fa8b-3c47-4146-ad7a-c38dc7323e4e | raw pupil diameter ready | samples=197359 | missing=6.6%
2026-07-24 16:53:23,451 | INFO | 02_preprocess_pupil | Session 188/721 | ZFM-02601 | 40d3fa8b-3c47-4146-ad7a-c38dc7323e4e | smoothing pupil diameter
2026-07-24 16:53:44,755 | INFO | 02_preprocess_pupil | Session 188/721 | ZFM-02601 | 40d3fa8b-3c47-4146-ad7a-c38dc7323e4e | smoothing complete | missing=1.6%
2026-07-24 16:53:44,755 | INFO | 02_preprocess_pupil | Session 188/721 | ZFM-02601 | 40d3fa8b-3c47-4146-ad7a-c38dc7323e4e | masking blink and velocity artifacts
2026-07-24 16:53:44,771 | INFO | 02_preprocess_pupil | Session 188/721 | ZFM-02601 | 40d3fa8b-3c47-4146-ad7a-c38dc7323e4e | trace cleaning complete | cleaned missing=10.9% | artifact fraction=10.9%
2026-07-24 16:53:44,772 | INFO | 02_preprocess_pupil | Session 188/721 | ZFM-02601 | 40d3fa8b-3c47-4146-ad7a-c38dc7323e4e | writing trace cache 40d3fa8b-3c47-4146-ad7a-c38dc7323e4e.npz
2026-07-24 16:53:44,914 | INFO | 02_preprocess_pupil | Session 188/721 | ZFM-02601 | 40d3fa8b-3c47-4146-ad7a-c38dc7323e4e | trace cache written | size=3.7 MB
2026-07-24 16:53:44,916 | INFO | 02_preprocess_pupil | Session 188/721 | ZFM-02601 | 40d3fa8b-3c47-4146-ad7a-c38dc7323e4e | extracting trial-level pupil features
2026-07-24 16:53:45,060 | INFO | 02_preprocess_pupil | Session 188/721 | ZFM-02601 | 40d3fa8b-3c47-4146-ad7a-c38dc7323e4e | feature extraction complete | stimulus windows valid=66.8% | feedback windows valid=75.5%
2026-07-24 16:53:45,061 | INFO | 02_preprocess_pupil | Session 188/721 complete | status=success | source=one | usable=True | missing=10.9% | session time=24s | cumulative trials=120705/472728 | usable=155 | rejected=12 | failed=21 | elapsed=1h 01m 36s | ETA=2h 54m 39s
2026-07-24 16:53:45,061 | INFO | 02_preprocess_pupil | Session 189/721 | DY_009 | 413a6825-2144-4a50-b3fc-cf38ddd6fd1a | trials=456 | expected source=ONE | starting
2026-07-24 16:53:45,062 | INFO | 02_preprocess_pupil | Session 189/721 | DY_009 | 413a6825-2144-4a50-b3fc-cf38ddd6fd1a | cache miss; fetching trace from ONE
2026-07-24 16:53:45,062 | INFO | 02_preprocess_pupil | Session 189/721 | DY_009 | 413a6825-2144-4a50-b3fc-cf38ddd6fd1a | listing camera datasets
2026-07-24 16:53:47,189 | INFO | 02_preprocess_pupil | Session 189/721 | DY_009 | 413a6825-2144-4a50-b3fc-cf38ddd6fd1a | camera dataset listing complete | matches=10
2026-07-24 16:53:47,189 | INFO | 02_preprocess_pupil | Session 189/721 | DY_009 | 413a6825-2144-4a50-b3fc-cf38ddd6fd1a | loading DLC dataset alf/_ibl_leftCamera.dlc.pqt
2026-07-24 16:53:47,395 | INFO | 02_preprocess_pupil | Session 189/721 | DY_009 | 413a6825-2144-4a50-b3fc-cf38ddd6fd1a | DLC loaded | rows=218558 | columns=33
2026-07-24 16:53:47,395 | INFO | 02_preprocess_pupil | Session 189/721 | DY_009 | 413a6825-2144-4a50-b3fc-cf38ddd6fd1a | loading timestamp dataset alf/#2023-04-20#/_ibl_leftCamera.times.npy
2026-07-24 16:53:47,536 | INFO | 02_preprocess_pupil | Session 189/721 | DY_009 | 413a6825-2144-4a50-b3fc-cf38ddd6fd1a | timestamps loaded | samples=218558 | duration=1h 00m 39s
2026-07-24 16:53:47,536 | INFO | 02_preprocess_pupil | Session 189/721 | DY_009 | 413a6825-2144-4a50-b3fc-cf38ddd6fd1a | thresholding DLC likelihoods
2026-07-24 16:53:47,568 | INFO | 02_preprocess_pupil | Session 189/721 | DY_009 | 413a6825-2144-4a50-b3fc-cf38ddd6fd1a | estimating raw pupil diameter
2026-07-24 16:53:47,669 | INFO | 02_preprocess_pupil | Session 189/721 | DY_009 | 413a6825-2144-4a50-b3fc-cf38ddd6fd1a | raw pupil diameter ready | samples=218558 | missing=15.2%
2026-07-24 16:53:47,669 | INFO | 02_preprocess_pupil | Session 189/721 | DY_009 | 413a6825-2144-4a50-b3fc-cf38ddd6fd1a | smoothing pupil diameter
2026-07-24 16:54:09,372 | INFO | 02_preprocess_pupil | Session 189/721 | DY_009 | 413a6825-2144-4a50-b3fc-cf38ddd6fd1a | smoothing complete | missing=1.8%
2026-07-24 16:54:09,373 | INFO | 02_preprocess_pupil | Session 189/721 | DY_009 | 413a6825-2144-4a50-b3fc-cf38ddd6fd1a | masking blink and velocity artifacts
2026-07-24 16:54:09,392 | INFO | 02_preprocess_pupil | Session 189/721 | DY_009 | 413a6825-2144-4a50-b3fc-cf38ddd6fd1a | trace cleaning complete | cleaned missing=7.4% | artifact fraction=7.4%
2026-07-24 16:54:09,393 | INFO | 02_preprocess_pupil | Session 189/721 | DY_009 | 413a6825-2144-4a50-b3fc-cf38ddd6fd1a | writing trace cache 413a6825-2144-4a50-b3fc-cf38ddd6fd1a.npz
2026-07-24 16:54:09,561 | INFO | 02_preprocess_pupil | Session 189/721 | DY_009 | 413a6825-2144-4a50-b3fc-cf38ddd6fd1a | trace cache written | size=3.9 MB
2026-07-24 16:54:09,562 | INFO | 02_preprocess_pupil | Session 189/721 | DY_009 | 413a6825-2144-4a50-b3fc-cf38ddd6fd1a | extracting trial-level pupil features
2026-07-24 16:54:09,915 | INFO | 02_preprocess_pupil | Session 189/721 | DY_009 | 413a6825-2144-4a50-b3fc-cf38ddd6fd1a | feature extraction complete | stimulus windows valid=89.5% | feedback windows valid=89.9%
2026-07-24 16:54:09,916 | INFO | 02_preprocess_pupil | Session 189/721 complete | status=success | source=one | usable=True | missing=7.4% | session time=25s | cumulative trials=121161/472728 | usable=156 | rejected=12 | failed=21 | elapsed=1h 02m 01s | ETA=2h 54m 34s
2026-07-24 16:54:09,916 | INFO | 02_preprocess_pupil | Session 190/721 | CSH_ZAD_022 | 41431f53-69fd-4e3b-80ce-ea62e03bf9c7 | trials=570 | expected source=ONE | starting
2026-07-24 16:54:09,917 | INFO | 02_preprocess_pupil | Session 190/721 | CSH_ZAD_022 | 41431f53-69fd-4e3b-80ce-ea62e03bf9c7 | cache miss; fetching trace from ONE
2026-07-24 16:54:09,917 | INFO | 02_preprocess_pupil | Session 190/721 | CSH_ZAD_022 | 41431f53-69fd-4e3b-80ce-ea62e03bf9c7 | listing camera datasets
2026-07-24 16:54:14,385 | INFO | 02_preprocess_pupil | Session 190/721 | CSH_ZAD_022 | 41431f53-69fd-4e3b-80ce-ea62e03bf9c7 | camera dataset listing complete | matches=8
2026-07-24 16:54:14,385 | INFO | 02_preprocess_pupil | Session 190/721 | CSH_ZAD_022 | 41431f53-69fd-4e3b-80ce-ea62e03bf9c7 | loading DLC dataset alf/_ibl_leftCamera.dlc.pqt
2026-07-24 16:55:09,920 | INFO | 02_preprocess_pupil | Session 190/721 | CSH_ZAD_022 | 41431f53-69fd-4e3b-80ce-ea62e03bf9c7 | still working | step=loading DLC dataset alf/_ibl_leftCamera.dlc.pqt | session elapsed=1m 00s
2026-07-24 16:55:56,536 | INFO | 02_preprocess_pupil | Session 190/721 | CSH_ZAD_022 | 41431f53-69fd-4e3b-80ce-ea62e03bf9c7 | DLC loaded | rows=317056 | columns=33
2026-07-24 16:55:56,536 | INFO | 02_preprocess_pupil | Session 190/721 | CSH_ZAD_022 | 41431f53-69fd-4e3b-80ce-ea62e03bf9c7 | loading timestamp dataset alf/#2023-04-20#/_ibl_leftCamera.times.npy
2026-07-24 16:56:09,926 | INFO | 02_preprocess_pupil | Session 190/721 | CSH_ZAD_022 | 41431f53-69fd-4e3b-80ce-ea62e03bf9c7 | still working | step=loading timestamp dataset alf/#2023-04-20#/_ibl_leftCamera.times.npy | session elapsed=2m 00s
2026-07-24 16:56:28,416 | INFO | 02_preprocess_pupil | Session 190/721 | CSH_ZAD_022 | 41431f53-69fd-4e3b-80ce-ea62e03bf9c7 | timestamps loaded | samples=317056 | duration=1h 27m 38s
2026-07-24 16:56:28,416 | INFO | 02_preprocess_pupil | Session 190/721 | CSH_ZAD_022 | 41431f53-69fd-4e3b-80ce-ea62e03bf9c7 | thresholding DLC likelihoods
2026-07-24 16:56:28,459 | INFO | 02_preprocess_pupil | Session 190/721 | CSH_ZAD_022 | 41431f53-69fd-4e3b-80ce-ea62e03bf9c7 | estimating raw pupil diameter
2026-07-24 16:56:28,642 | INFO | 02_preprocess_pupil | Session 190/721 | CSH_ZAD_022 | 41431f53-69fd-4e3b-80ce-ea62e03bf9c7 | raw pupil diameter ready | samples=317056 | missing=27.3%
2026-07-24 16:56:28,643 | INFO | 02_preprocess_pupil | Session 190/721 | CSH_ZAD_022 | 41431f53-69fd-4e3b-80ce-ea62e03bf9c7 | smoothing pupil diameter
2026-07-24 16:56:55,098 | INFO | 02_preprocess_pupil | Session 190/721 | CSH_ZAD_022 | 41431f53-69fd-4e3b-80ce-ea62e03bf9c7 | smoothing complete | missing=0.0%
2026-07-24 16:56:55,098 | INFO | 02_preprocess_pupil | Session 190/721 | CSH_ZAD_022 | 41431f53-69fd-4e3b-80ce-ea62e03bf9c7 | masking blink and velocity artifacts
2026-07-24 16:56:55,133 | INFO | 02_preprocess_pupil | Session 190/721 | CSH_ZAD_022 | 41431f53-69fd-4e3b-80ce-ea62e03bf9c7 | trace cleaning complete | cleaned missing=8.3% | artifact fraction=8.3%
2026-07-24 16:56:55,134 | INFO | 02_preprocess_pupil | Session 190/721 | CSH_ZAD_022 | 41431f53-69fd-4e3b-80ce-ea62e03bf9c7 | writing trace cache 41431f53-69fd-4e3b-80ce-ea62e03bf9c7.npz
2026-07-24 16:56:55,361 | INFO | 02_preprocess_pupil | Session 190/721 | CSH_ZAD_022 | 41431f53-69fd-4e3b-80ce-ea62e03bf9c7 | trace cache written | size=5.5 MB
2026-07-24 16:56:55,363 | INFO | 02_preprocess_pupil | Session 190/721 | CSH_ZAD_022 | 41431f53-69fd-4e3b-80ce-ea62e03bf9c7 | extracting trial-level pupil features
2026-07-24 16:56:55,979 | INFO | 02_preprocess_pupil | Session 190/721 | CSH_ZAD_022 | 41431f53-69fd-4e3b-80ce-ea62e03bf9c7 | feature extraction complete | stimulus windows valid=63.7% | feedback windows valid=65.3%
2026-07-24 16:56:55,980 | INFO | 02_preprocess_pupil | Session 190/721 complete | status=success | source=one | usable=True | missing=8.3% | session time=2m 46s | cumulative trials=121731/472728 | usable=157 | rejected=12 | failed=21 | elapsed=1h 04m 47s | ETA=3h 01m 03s
2026-07-24 16:56:55,981 | INFO | 02_preprocess_pupil | Session 191/721 | NYU-58 | 4159f6c6-b93a-45fb-acfa-9d4a58a7cabf | trials=709 | expected source=ONE | starting
2026-07-24 16:56:55,981 | INFO | 02_preprocess_pupil | Session 191/721 | NYU-58 | 4159f6c6-b93a-45fb-acfa-9d4a58a7cabf | cache miss; fetching trace from ONE
2026-07-24 16:56:55,982 | INFO | 02_preprocess_pupil | Session 191/721 | NYU-58 | 4159f6c6-b93a-45fb-acfa-9d4a58a7cabf | listing camera datasets
2026-07-24 16:56:57,636 | INFO | 02_preprocess_pupil | Session 191/721 | NYU-58 | 4159f6c6-b93a-45fb-acfa-9d4a58a7cabf | camera dataset listing complete | matches=5
2026-07-24 16:56:57,636 | INFO | 02_preprocess_pupil | Session 191/721 | NYU-58 | 4159f6c6-b93a-45fb-acfa-9d4a58a7cabf | loading DLC dataset alf/_ibl_leftCamera.dlc.pqt
2026-07-24 16:56:57,869 | INFO | 02_preprocess_pupil | Session 191/721 | NYU-58 | 4159f6c6-b93a-45fb-acfa-9d4a58a7cabf | DLC loaded | rows=324462 | columns=33
2026-07-24 16:56:57,869 | INFO | 02_preprocess_pupil | Session 191/721 | NYU-58 | 4159f6c6-b93a-45fb-acfa-9d4a58a7cabf | loading timestamp dataset alf/_ibl_leftCamera.times.npy
2026-07-24 16:56:58,019 | INFO | 02_preprocess_pupil | Session 191/721 | NYU-58 | 4159f6c6-b93a-45fb-acfa-9d4a58a7cabf | timestamps loaded | samples=324462 | duration=1h 30m 04s
2026-07-24 16:56:58,019 | INFO | 02_preprocess_pupil | Session 191/721 | NYU-58 | 4159f6c6-b93a-45fb-acfa-9d4a58a7cabf | thresholding DLC likelihoods
2026-07-24 16:56:58,064 | INFO | 02_preprocess_pupil | Session 191/721 | NYU-58 | 4159f6c6-b93a-45fb-acfa-9d4a58a7cabf | estimating raw pupil diameter
2026-07-24 16:56:58,202 | INFO | 02_preprocess_pupil | Session 191/721 | NYU-58 | 4159f6c6-b93a-45fb-acfa-9d4a58a7cabf | raw pupil diameter ready | samples=324462 | missing=6.9%
2026-07-24 16:56:58,202 | INFO | 02_preprocess_pupil | Session 191/721 | NYU-58 | 4159f6c6-b93a-45fb-acfa-9d4a58a7cabf | smoothing pupil diameter
2026-07-24 16:57:33,212 | INFO | 02_preprocess_pupil | Session 191/721 | NYU-58 | 4159f6c6-b93a-45fb-acfa-9d4a58a7cabf | smoothing complete | missing=0.1%
2026-07-24 16:57:33,213 | INFO | 02_preprocess_pupil | Session 191/721 | NYU-58 | 4159f6c6-b93a-45fb-acfa-9d4a58a7cabf | masking blink and velocity artifacts
2026-07-24 16:57:33,240 | INFO | 02_preprocess_pupil | Session 191/721 | NYU-58 | 4159f6c6-b93a-45fb-acfa-9d4a58a7cabf | trace cleaning complete | cleaned missing=7.3% | artifact fraction=7.3%
2026-07-24 16:57:33,241 | INFO | 02_preprocess_pupil | Session 191/721 | NYU-58 | 4159f6c6-b93a-45fb-acfa-9d4a58a7cabf | writing trace cache 4159f6c6-b93a-45fb-acfa-9d4a58a7cabf.npz
2026-07-24 16:57:33,495 | INFO | 02_preprocess_pupil | Session 191/721 | NYU-58 | 4159f6c6-b93a-45fb-acfa-9d4a58a7cabf | trace cache written | size=6.1 MB
2026-07-24 16:57:33,497 | INFO | 02_preprocess_pupil | Session 191/721 | NYU-58 | 4159f6c6-b93a-45fb-acfa-9d4a58a7cabf | extracting trial-level pupil features
2026-07-24 16:57:34,274 | INFO | 02_preprocess_pupil | Session 191/721 | NYU-58 | 4159f6c6-b93a-45fb-acfa-9d4a58a7cabf | feature extraction complete | stimulus windows valid=67.4% | feedback windows valid=73.8%
2026-07-24 16:57:34,275 | INFO | 02_preprocess_pupil | Session 191/721 complete | status=success | source=one | usable=True | missing=7.3% | session time=38s | cumulative trials=122440/472728 | usable=158 | rejected=12 | failed=21 | elapsed=1h 05m 25s | ETA=3h 01m 32s
2026-07-24 16:57:34,275 | INFO | 02_preprocess_pupil | Session 192/721 | SWC_038 | 41872d7f-75cb-4445-bb1a-132b354c44f0 | trials=512 | expected source=ONE | starting
2026-07-24 16:57:34,276 | INFO | 02_preprocess_pupil | Session 192/721 | SWC_038 | 41872d7f-75cb-4445-bb1a-132b354c44f0 | cache miss; fetching trace from ONE
2026-07-24 16:57:34,276 | INFO | 02_preprocess_pupil | Session 192/721 | SWC_038 | 41872d7f-75cb-4445-bb1a-132b354c44f0 | listing camera datasets
2026-07-24 16:57:35,967 | INFO | 02_preprocess_pupil | Session 192/721 | SWC_038 | 41872d7f-75cb-4445-bb1a-132b354c44f0 | camera dataset listing complete | matches=6
2026-07-24 16:57:35,967 | INFO | 02_preprocess_pupil | Session 192/721 | SWC_038 | 41872d7f-75cb-4445-bb1a-132b354c44f0 | loading DLC dataset alf/_ibl_leftCamera.dlc.pqt
2026-07-24 16:57:36,200 | INFO | 02_preprocess_pupil | Session 192/721 | SWC_038 | 41872d7f-75cb-4445-bb1a-132b354c44f0 | DLC loaded | rows=203053 | columns=33
2026-07-24 16:57:36,200 | INFO | 02_preprocess_pupil | Session 192/721 | SWC_038 | 41872d7f-75cb-4445-bb1a-132b354c44f0 | loading timestamp dataset alf/_ibl_leftCamera.times.npy
2026-07-24 16:57:36,328 | INFO | 02_preprocess_pupil | Session 192/721 | SWC_038 | 41872d7f-75cb-4445-bb1a-132b354c44f0 | timestamps loaded | samples=203053 | duration=56m 37s
2026-07-24 16:57:36,328 | INFO | 02_preprocess_pupil | Session 192/721 | SWC_038 | 41872d7f-75cb-4445-bb1a-132b354c44f0 | thresholding DLC likelihoods
2026-07-24 16:57:36,355 | INFO | 02_preprocess_pupil | Session 192/721 | SWC_038 | 41872d7f-75cb-4445-bb1a-132b354c44f0 | estimating raw pupil diameter
2026-07-24 16:57:36,485 | INFO | 02_preprocess_pupil | Session 192/721 | SWC_038 | 41872d7f-75cb-4445-bb1a-132b354c44f0 | raw pupil diameter ready | samples=203053 | missing=30.9%
2026-07-24 16:57:36,485 | INFO | 02_preprocess_pupil | Session 192/721 | SWC_038 | 41872d7f-75cb-4445-bb1a-132b354c44f0 | smoothing pupil diameter
2026-07-24 16:57:52,843 | INFO | 02_preprocess_pupil | Session 192/721 | SWC_038 | 41872d7f-75cb-4445-bb1a-132b354c44f0 | smoothing complete | missing=0.0%
2026-07-24 16:57:52,844 | INFO | 02_preprocess_pupil | Session 192/721 | SWC_038 | 41872d7f-75cb-4445-bb1a-132b354c44f0 | masking blink and velocity artifacts
2026-07-24 16:57:52,861 | INFO | 02_preprocess_pupil | Session 192/721 | SWC_038 | 41872d7f-75cb-4445-bb1a-132b354c44f0 | trace cleaning complete | cleaned missing=12.6% | artifact fraction=12.6%
2026-07-24 16:57:52,861 | INFO | 02_preprocess_pupil | Session 192/721 | SWC_038 | 41872d7f-75cb-4445-bb1a-132b354c44f0 | writing trace cache 41872d7f-75cb-4445-bb1a-132b354c44f0.npz
2026-07-24 16:57:53,018 | INFO | 02_preprocess_pupil | Session 192/721 | SWC_038 | 41872d7f-75cb-4445-bb1a-132b354c44f0 | trace cache written | size=3.4 MB
2026-07-24 16:57:53,020 | INFO | 02_preprocess_pupil | Session 192/721 | SWC_038 | 41872d7f-75cb-4445-bb1a-132b354c44f0 | extracting trial-level pupil features
2026-07-24 16:57:53,384 | INFO | 02_preprocess_pupil | Session 192/721 | SWC_038 | 41872d7f-75cb-4445-bb1a-132b354c44f0 | feature extraction complete | stimulus windows valid=67.8% | feedback windows valid=67.8%
2026-07-24 16:57:53,385 | INFO | 02_preprocess_pupil | Session 192/721 complete | status=success | source=one | usable=True | missing=12.6% | session time=19s | cumulative trials=122952/472728 | usable=159 | rejected=12 | failed=21 | elapsed=1h 05m 45s | ETA=3h 01m 08s
2026-07-24 16:57:53,386 | INFO | 02_preprocess_pupil | Session 193/721 | ZFM-02601 | 41ef4156-b899-4fb1-92e1-623a0834683d | trials=521 | expected source=ONE | starting
2026-07-24 16:57:53,387 | INFO | 02_preprocess_pupil | Session 193/721 | ZFM-02601 | 41ef4156-b899-4fb1-92e1-623a0834683d | cache miss; fetching trace from ONE
2026-07-24 16:57:53,387 | INFO | 02_preprocess_pupil | Session 193/721 | ZFM-02601 | 41ef4156-b899-4fb1-92e1-623a0834683d | listing camera datasets
2026-07-24 16:57:54,093 | INFO | 02_preprocess_pupil | Session 193/721 | ZFM-02601 | 41ef4156-b899-4fb1-92e1-623a0834683d | camera dataset listing complete | matches=4
2026-07-24 16:57:54,094 | INFO | 02_preprocess_pupil | Session 193/721 | ZFM-02601 | 41ef4156-b899-4fb1-92e1-623a0834683d | loading DLC dataset alf/_ibl_leftCamera.dlc.pqt
2026-07-24 16:58:53,399 | INFO | 02_preprocess_pupil | Session 193/721 | ZFM-02601 | 41ef4156-b899-4fb1-92e1-623a0834683d | still working | step=loading DLC dataset alf/_ibl_leftCamera.dlc.pqt | session elapsed=1m 00s
2026-07-24 16:59:24,361 | INFO | 02_preprocess_pupil | Session 193/721 | ZFM-02601 | 41ef4156-b899-4fb1-92e1-623a0834683d | DLC loaded | rows=223245 | columns=33
2026-07-24 16:59:24,361 | INFO | 02_preprocess_pupil | Session 193/721 | ZFM-02601 | 41ef4156-b899-4fb1-92e1-623a0834683d | loading timestamp dataset alf/_ibl_leftCamera.times.npy
2026-07-24 16:59:31,431 | INFO | 02_preprocess_pupil | Session 193/721 | ZFM-02601 | 41ef4156-b899-4fb1-92e1-623a0834683d | timestamps loaded | samples=223245 | duration=1h 01m 55s
2026-07-24 16:59:31,431 | INFO | 02_preprocess_pupil | Session 193/721 | ZFM-02601 | 41ef4156-b899-4fb1-92e1-623a0834683d | thresholding DLC likelihoods
2026-07-24 16:59:31,462 | INFO | 02_preprocess_pupil | Session 193/721 | ZFM-02601 | 41ef4156-b899-4fb1-92e1-623a0834683d | estimating raw pupil diameter
2026-07-24 16:59:31,564 | INFO | 02_preprocess_pupil | Session 193/721 | ZFM-02601 | 41ef4156-b899-4fb1-92e1-623a0834683d | raw pupil diameter ready | samples=223245 | missing=6.8%
2026-07-24 16:59:31,565 | INFO | 02_preprocess_pupil | Session 193/721 | ZFM-02601 | 41ef4156-b899-4fb1-92e1-623a0834683d | smoothing pupil diameter
2026-07-24 16:59:53,416 | INFO | 02_preprocess_pupil | Session 193/721 | ZFM-02601 | 41ef4156-b899-4fb1-92e1-623a0834683d | still working | step=smoothing pupil diameter | session elapsed=2m 00s
2026-07-24 16:59:55,503 | INFO | 02_preprocess_pupil | Session 193/721 | ZFM-02601 | 41ef4156-b899-4fb1-92e1-623a0834683d | smoothing complete | missing=1.2%
2026-07-24 16:59:55,504 | INFO | 02_preprocess_pupil | Session 193/721 | ZFM-02601 | 41ef4156-b899-4fb1-92e1-623a0834683d | masking blink and velocity artifacts
2026-07-24 16:59:55,526 | INFO | 02_preprocess_pupil | Session 193/721 | ZFM-02601 | 41ef4156-b899-4fb1-92e1-623a0834683d | trace cleaning complete | cleaned missing=5.6% | artifact fraction=5.6%
2026-07-24 16:59:55,526 | INFO | 02_preprocess_pupil | Session 193/721 | ZFM-02601 | 41ef4156-b899-4fb1-92e1-623a0834683d | writing trace cache 41ef4156-b899-4fb1-92e1-623a0834683d.npz
2026-07-24 16:59:55,682 | INFO | 02_preprocess_pupil | Session 193/721 | ZFM-02601 | 41ef4156-b899-4fb1-92e1-623a0834683d | trace cache written | size=3.9 MB
2026-07-24 16:59:55,684 | INFO | 02_preprocess_pupil | Session 193/721 | ZFM-02601 | 41ef4156-b899-4fb1-92e1-623a0834683d | extracting trial-level pupil features
2026-07-24 16:59:56,111 | INFO | 02_preprocess_pupil | Session 193/721 | ZFM-02601 | 41ef4156-b899-4fb1-92e1-623a0834683d | feature extraction complete | stimulus windows valid=82.1% | feedback windows valid=83.7%
2026-07-24 16:59:56,112 | INFO | 02_preprocess_pupil | Session 193/721 complete | status=success | source=one | usable=True | missing=5.6% | session time=2m 03s | cumulative trials=123473/472728 | usable=160 | rejected=12 | failed=21 | elapsed=1h 07m 47s | ETA=3h 05m 27s
2026-07-24 16:59:56,113 | INFO | 02_preprocess_pupil | Session 194/721 | ZFM-02601 | 42224df7-a48b-497f-841a-719078baac20 | trials=326 | expected source=ONE | starting
2026-07-24 16:59:56,113 | INFO | 02_preprocess_pupil | Session 194/721 | ZFM-02601 | 42224df7-a48b-497f-841a-719078baac20 | cache miss; fetching trace from ONE
2026-07-24 16:59:56,114 | INFO | 02_preprocess_pupil | Session 194/721 | ZFM-02601 | 42224df7-a48b-497f-841a-719078baac20 | listing camera datasets
2026-07-24 16:59:56,933 | INFO | 02_preprocess_pupil | Session 194/721 | ZFM-02601 | 42224df7-a48b-497f-841a-719078baac20 | camera dataset listing complete | matches=5
2026-07-24 16:59:56,933 | INFO | 02_preprocess_pupil | Session 194/721 | ZFM-02601 | 42224df7-a48b-497f-841a-719078baac20 | loading DLC dataset alf/_ibl_leftCamera.dlc.pqt
2026-07-24 17:00:56,112 | INFO | 02_preprocess_pupil | Session 194/721 | ZFM-02601 | 42224df7-a48b-497f-841a-719078baac20 | still working | step=loading DLC dataset alf/_ibl_leftCamera.dlc.pqt | session elapsed=1m 00s
2026-07-24 17:01:20,819 | INFO | 02_preprocess_pupil | Session 194/721 | ZFM-02601 | 42224df7-a48b-497f-841a-719078baac20 | DLC loaded | rows=220861 | columns=33
2026-07-24 17:01:20,820 | INFO | 02_preprocess_pupil | Session 194/721 | ZFM-02601 | 42224df7-a48b-497f-841a-719078baac20 | loading timestamp dataset alf/_ibl_leftCamera.times.npy
2026-07-24 17:01:36,258 | INFO | 02_preprocess_pupil | Session 194/721 | ZFM-02601 | 42224df7-a48b-497f-841a-719078baac20 | timestamps loaded | samples=220861 | duration=1h 01m 16s
2026-07-24 17:01:36,258 | INFO | 02_preprocess_pupil | Session 194/721 | ZFM-02601 | 42224df7-a48b-497f-841a-719078baac20 | thresholding DLC likelihoods
2026-07-24 17:01:36,288 | INFO | 02_preprocess_pupil | Session 194/721 | ZFM-02601 | 42224df7-a48b-497f-841a-719078baac20 | estimating raw pupil diameter
2026-07-24 17:01:36,407 | INFO | 02_preprocess_pupil | Session 194/721 | ZFM-02601 | 42224df7-a48b-497f-841a-719078baac20 | raw pupil diameter ready | samples=220861 | missing=17.6%
2026-07-24 17:01:36,407 | INFO | 02_preprocess_pupil | Session 194/721 | ZFM-02601 | 42224df7-a48b-497f-841a-719078baac20 | smoothing pupil diameter
2026-07-24 17:01:56,137 | INFO | 02_preprocess_pupil | Session 194/721 | ZFM-02601 | 42224df7-a48b-497f-841a-719078baac20 | still working | step=smoothing pupil diameter | session elapsed=2m 00s
2026-07-24 17:01:57,744 | INFO | 02_preprocess_pupil | Session 194/721 | ZFM-02601 | 42224df7-a48b-497f-841a-719078baac20 | smoothing complete | missing=6.0%
2026-07-24 17:01:57,744 | INFO | 02_preprocess_pupil | Session 194/721 | ZFM-02601 | 42224df7-a48b-497f-841a-719078baac20 | masking blink and velocity artifacts
2026-07-24 17:01:57,767 | INFO | 02_preprocess_pupil | Session 194/721 | ZFM-02601 | 42224df7-a48b-497f-841a-719078baac20 | trace cleaning complete | cleaned missing=12.9% | artifact fraction=12.9%
2026-07-24 17:01:57,768 | INFO | 02_preprocess_pupil | Session 194/721 | ZFM-02601 | 42224df7-a48b-497f-841a-719078baac20 | writing trace cache 42224df7-a48b-497f-841a-719078baac20.npz
2026-07-24 17:01:57,918 | INFO | 02_preprocess_pupil | Session 194/721 | ZFM-02601 | 42224df7-a48b-497f-841a-719078baac20 | trace cache written | size=3.6 MB
2026-07-24 17:01:57,920 | INFO | 02_preprocess_pupil | Session 194/721 | ZFM-02601 | 42224df7-a48b-497f-841a-719078baac20 | extracting trial-level pupil features
2026-07-24 17:01:58,166 | INFO | 02_preprocess_pupil | Session 194/721 | ZFM-02601 | 42224df7-a48b-497f-841a-719078baac20 | feature extraction complete | stimulus windows valid=67.8% | feedback windows valid=71.5%
2026-07-24 17:01:58,167 | INFO | 02_preprocess_pupil | Session 194/721 complete | status=success | source=one | usable=True | missing=12.9% | session time=2m 02s | cumulative trials=123799/472728 | usable=161 | rejected=12 | failed=21 | elapsed=1h 09m 49s | ETA=3h 09m 40s
2026-07-24 17:01:58,167 | INFO | 02_preprocess_pupil | Session 195/721 | NYU-57 | 431012c1-caa6-46aa-a417-44b4bc29121f | trials=573 | expected source=ONE | starting
2026-07-24 17:01:58,168 | INFO | 02_preprocess_pupil | Session 195/721 | NYU-57 | 431012c1-caa6-46aa-a417-44b4bc29121f | cache miss; fetching trace from ONE
2026-07-24 17:01:58,168 | INFO | 02_preprocess_pupil | Session 195/721 | NYU-57 | 431012c1-caa6-46aa-a417-44b4bc29121f | listing camera datasets
2026-07-24 17:02:00,439 | INFO | 02_preprocess_pupil | Session 195/721 | NYU-57 | 431012c1-caa6-46aa-a417-44b4bc29121f | camera dataset listing complete | matches=5
2026-07-24 17:02:00,439 | INFO | 02_preprocess_pupil | Session 195/721 | NYU-57 | 431012c1-caa6-46aa-a417-44b4bc29121f | loading DLC dataset alf/_ibl_leftCamera.dlc.pqt
2026-07-24 17:02:00,744 | INFO | 02_preprocess_pupil | Session 195/721 | NYU-57 | 431012c1-caa6-46aa-a417-44b4bc29121f | DLC loaded | rows=411760 | columns=33
2026-07-24 17:02:00,744 | INFO | 02_preprocess_pupil | Session 195/721 | NYU-57 | 431012c1-caa6-46aa-a417-44b4bc29121f | loading timestamp dataset alf/_ibl_leftCamera.times.npy
2026-07-24 17:02:00,888 | INFO | 02_preprocess_pupil | Session 195/721 | NYU-57 | 431012c1-caa6-46aa-a417-44b4bc29121f | timestamps loaded | samples=411760 | duration=1h 54m 18s
2026-07-24 17:02:00,888 | INFO | 02_preprocess_pupil | Session 195/721 | NYU-57 | 431012c1-caa6-46aa-a417-44b4bc29121f | thresholding DLC likelihoods
2026-07-24 17:02:00,950 | INFO | 02_preprocess_pupil | Session 195/721 | NYU-57 | 431012c1-caa6-46aa-a417-44b4bc29121f | estimating raw pupil diameter
2026-07-24 17:02:01,242 | INFO | 02_preprocess_pupil | Session 195/721 | NYU-57 | 431012c1-caa6-46aa-a417-44b4bc29121f | raw pupil diameter ready | samples=411760 | missing=44.8%
2026-07-24 17:02:01,242 | INFO | 02_preprocess_pupil | Session 195/721 | NYU-57 | 431012c1-caa6-46aa-a417-44b4bc29121f | smoothing pupil diameter
2026-07-24 17:02:28,121 | INFO | 02_preprocess_pupil | Session 195/721 | NYU-57 | 431012c1-caa6-46aa-a417-44b4bc29121f | smoothing complete | missing=0.0%
2026-07-24 17:02:28,121 | INFO | 02_preprocess_pupil | Session 195/721 | NYU-57 | 431012c1-caa6-46aa-a417-44b4bc29121f | masking blink and velocity artifacts
2026-07-24 17:02:28,155 | INFO | 02_preprocess_pupil | Session 195/721 | NYU-57 | 431012c1-caa6-46aa-a417-44b4bc29121f | trace cleaning complete | cleaned missing=13.6% | artifact fraction=13.6%
2026-07-24 17:02:28,156 | INFO | 02_preprocess_pupil | Session 195/721 | NYU-57 | 431012c1-caa6-46aa-a417-44b4bc29121f | writing trace cache 431012c1-caa6-46aa-a417-44b4bc29121f.npz
2026-07-24 17:02:28,427 | INFO | 02_preprocess_pupil | Session 195/721 | NYU-57 | 431012c1-caa6-46aa-a417-44b4bc29121f | trace cache written | size=6.5 MB
2026-07-24 17:02:28,430 | INFO | 02_preprocess_pupil | Session 195/721 | NYU-57 | 431012c1-caa6-46aa-a417-44b4bc29121f | extracting trial-level pupil features
2026-07-24 17:02:29,218 | INFO | 02_preprocess_pupil | Session 195/721 | NYU-57 | 431012c1-caa6-46aa-a417-44b4bc29121f | feature extraction complete | stimulus windows valid=58.3% | feedback windows valid=56.5%
2026-07-24 17:02:29,219 | INFO | 02_preprocess_pupil | Session 195/721 complete | status=success | source=one | usable=True | missing=13.6% | session time=31s | cumulative trials=124372/472728 | usable=162 | rejected=12 | failed=21 | elapsed=1h 10m 20s | ETA=3h 09m 44s
2026-07-24 17:02:29,220 | INFO | 02_preprocess_pupil | Session 196/721 | NYU-12 | 4364a246-f8d7-4ce7-ba23-a098104b96e4 | trials=557 | expected source=ONE | starting
2026-07-24 17:02:29,220 | INFO | 02_preprocess_pupil | Session 196/721 | NYU-12 | 4364a246-f8d7-4ce7-ba23-a098104b96e4 | cache miss; fetching trace from ONE
2026-07-24 17:02:29,221 | INFO | 02_preprocess_pupil | Session 196/721 | NYU-12 | 4364a246-f8d7-4ce7-ba23-a098104b96e4 | listing camera datasets
2026-07-24 17:02:32,087 | INFO | 02_preprocess_pupil | Session 196/721 | NYU-12 | 4364a246-f8d7-4ce7-ba23-a098104b96e4 | camera dataset listing complete | matches=8
2026-07-24 17:02:32,087 | INFO | 02_preprocess_pupil | Session 196/721 | NYU-12 | 4364a246-f8d7-4ce7-ba23-a098104b96e4 | loading DLC dataset alf/_ibl_leftCamera.dlc.pqt
2026-07-24 17:02:32,338 | INFO | 02_preprocess_pupil | Session 196/721 | NYU-12 | 4364a246-f8d7-4ce7-ba23-a098104b96e4 | DLC loaded | rows=220635 | columns=33
2026-07-24 17:02:32,338 | INFO | 02_preprocess_pupil | Session 196/721 | NYU-12 | 4364a246-f8d7-4ce7-ba23-a098104b96e4 | loading timestamp dataset alf/_ibl_leftCamera.times.npy
2026-07-24 17:02:32,473 | INFO | 02_preprocess_pupil | Session 196/721 | NYU-12 | 4364a246-f8d7-4ce7-ba23-a098104b96e4 | timestamps loaded | samples=220635 | duration=1h 01m 13s
2026-07-24 17:02:32,473 | INFO | 02_preprocess_pupil | Session 196/721 | NYU-12 | 4364a246-f8d7-4ce7-ba23-a098104b96e4 | thresholding DLC likelihoods
2026-07-24 17:02:32,520 | INFO | 02_preprocess_pupil | Session 196/721 | NYU-12 | 4364a246-f8d7-4ce7-ba23-a098104b96e4 | estimating raw pupil diameter
2026-07-24 17:02:32,587 | INFO | 02_preprocess_pupil | Session 196/721 | NYU-12 | 4364a246-f8d7-4ce7-ba23-a098104b96e4 | raw pupil diameter ready | samples=220635 | missing=0.1%
2026-07-24 17:02:32,587 | INFO | 02_preprocess_pupil | Session 196/721 | NYU-12 | 4364a246-f8d7-4ce7-ba23-a098104b96e4 | smoothing pupil diameter
2026-07-24 17:02:58,347 | INFO | 02_preprocess_pupil | Session 196/721 | NYU-12 | 4364a246-f8d7-4ce7-ba23-a098104b96e4 | smoothing complete | missing=0.0%
2026-07-24 17:02:58,347 | INFO | 02_preprocess_pupil | Session 196/721 | NYU-12 | 4364a246-f8d7-4ce7-ba23-a098104b96e4 | masking blink and velocity artifacts
2026-07-24 17:02:58,365 | INFO | 02_preprocess_pupil | Session 196/721 | NYU-12 | 4364a246-f8d7-4ce7-ba23-a098104b96e4 | trace cleaning complete | cleaned missing=2.0% | artifact fraction=2.0%
2026-07-24 17:02:58,366 | INFO | 02_preprocess_pupil | Session 196/721 | NYU-12 | 4364a246-f8d7-4ce7-ba23-a098104b96e4 | writing trace cache 4364a246-f8d7-4ce7-ba23-a098104b96e4.npz
2026-07-24 17:02:58,556 | INFO | 02_preprocess_pupil | Session 196/721 | NYU-12 | 4364a246-f8d7-4ce7-ba23-a098104b96e4 | trace cache written | size=4.3 MB
2026-07-24 17:02:58,558 | INFO | 02_preprocess_pupil | Session 196/721 | NYU-12 | 4364a246-f8d7-4ce7-ba23-a098104b96e4 | extracting trial-level pupil features
2026-07-24 17:02:59,010 | INFO | 02_preprocess_pupil | Session 196/721 | NYU-12 | 4364a246-f8d7-4ce7-ba23-a098104b96e4 | feature extraction complete | stimulus windows valid=91.2% | feedback windows valid=95.2%
2026-07-24 17:02:59,011 | INFO | 02_preprocess_pupil | Session 196/721 complete | status=success | source=one | usable=True | missing=2.0% | session time=30s | cumulative trials=124929/472728 | usable=163 | rejected=12 | failed=21 | elapsed=1h 10m 50s | ETA=3h 09m 44s
2026-07-24 17:02:59,011 | INFO | 02_preprocess_pupil | Session 197/721 | FMR009 | 4386e497-eeac-4020-b8e8-73a05c10c472 | trials=819 | expected source=ONE | starting
2026-07-24 17:02:59,012 | INFO | 02_preprocess_pupil | Session 197/721 | FMR009 | 4386e497-eeac-4020-b8e8-73a05c10c472 | cache miss; fetching trace from ONE
2026-07-24 17:02:59,012 | INFO | 02_preprocess_pupil | Session 197/721 | FMR009 | 4386e497-eeac-4020-b8e8-73a05c10c472 | listing camera datasets
2026-07-24 17:03:01,494 | INFO | 02_preprocess_pupil | Session 197/721 | FMR009 | 4386e497-eeac-4020-b8e8-73a05c10c472 | camera dataset listing complete | matches=5
2026-07-24 17:03:01,495 | INFO | 02_preprocess_pupil | Session 197/721 | FMR009 | 4386e497-eeac-4020-b8e8-73a05c10c472 | loading DLC dataset alf/_ibl_leftCamera.dlc.pqt
2026-07-24 17:03:01,754 | INFO | 02_preprocess_pupil | Session 197/721 | FMR009 | 4386e497-eeac-4020-b8e8-73a05c10c472 | DLC loaded | rows=276124 | columns=33
2026-07-24 17:03:01,754 | INFO | 02_preprocess_pupil | Session 197/721 | FMR009 | 4386e497-eeac-4020-b8e8-73a05c10c472 | loading timestamp dataset alf/_ibl_leftCamera.times.npy
2026-07-24 17:03:01,908 | INFO | 02_preprocess_pupil | Session 197/721 | FMR009 | 4386e497-eeac-4020-b8e8-73a05c10c472 | timestamps loaded | samples=276124 | duration=1h 16m 39s
2026-07-24 17:03:01,909 | INFO | 02_preprocess_pupil | Session 197/721 | FMR009 | 4386e497-eeac-4020-b8e8-73a05c10c472 | thresholding DLC likelihoods
2026-07-24 17:03:01,971 | INFO | 02_preprocess_pupil | Session 197/721 | FMR009 | 4386e497-eeac-4020-b8e8-73a05c10c472 | estimating raw pupil diameter
2026-07-24 17:03:02,277 | INFO | 02_preprocess_pupil | Session 197/721 | FMR009 | 4386e497-eeac-4020-b8e8-73a05c10c472 | raw pupil diameter ready | samples=276124 | missing=99.4%
2026-07-24 17:03:02,277 | INFO | 02_preprocess_pupil | Session 197/721 | FMR009 | 4386e497-eeac-4020-b8e8-73a05c10c472 | smoothing pupil diameter
2026-07-24 17:03:02,278 | WARNING | 02_preprocess_pupil | Session 197/721 failed | subject=FMR009 | eid=4386e497-eeac-4020-b8e8-73a05c10c472 | session elapsed=3s | error=ValueError: Raw pupil diameter for left is too often NaN, cannot smooth.
2026-07-24 17:03:02,281 | INFO | 02_preprocess_pupil | Session 197/721 complete | status=failed | source=none | usable=False | missing=n/a | session time=3s | cumulative trials=125748/472728 | usable=163 | rejected=12 | failed=22 | elapsed=1h 10m 53s | ETA=3h 08m 34s
2026-07-24 17:03:02,281 | INFO | 02_preprocess_pupil | Session 198/721 | SH022 | 43f721be-5454-45f4-9b4a-e162291dcf3b | trials=700 | expected source=ONE | starting
2026-07-24 17:03:02,282 | INFO | 02_preprocess_pupil | Session 198/721 | SH022 | 43f721be-5454-45f4-9b4a-e162291dcf3b | cache miss; fetching trace from ONE
2026-07-24 17:03:02,282 | INFO | 02_preprocess_pupil | Session 198/721 | SH022 | 43f721be-5454-45f4-9b4a-e162291dcf3b | listing camera datasets
2026-07-24 17:03:04,166 | INFO | 02_preprocess_pupil | Session 198/721 | SH022 | 43f721be-5454-45f4-9b4a-e162291dcf3b | camera dataset listing complete | matches=4
2026-07-24 17:03:04,167 | INFO | 02_preprocess_pupil | Session 198/721 | SH022 | 43f721be-5454-45f4-9b4a-e162291dcf3b | loading DLC dataset alf/_ibl_leftCamera.dlc.pqt
2026-07-24 17:03:04,405 | INFO | 02_preprocess_pupil | Session 198/721 | SH022 | 43f721be-5454-45f4-9b4a-e162291dcf3b | DLC loaded | rows=267807 | columns=33
2026-07-24 17:03:04,406 | INFO | 02_preprocess_pupil | Session 198/721 | SH022 | 43f721be-5454-45f4-9b4a-e162291dcf3b | loading timestamp dataset alf/_ibl_leftCamera.times.npy
2026-07-24 17:03:04,542 | INFO | 02_preprocess_pupil | Session 198/721 | SH022 | 43f721be-5454-45f4-9b4a-e162291dcf3b | timestamps loaded | samples=267807 | duration=1h 14m 20s
2026-07-24 17:03:04,542 | INFO | 02_preprocess_pupil | Session 198/721 | SH022 | 43f721be-5454-45f4-9b4a-e162291dcf3b | thresholding DLC likelihoods
2026-07-24 17:03:04,592 | INFO | 02_preprocess_pupil | Session 198/721 | SH022 | 43f721be-5454-45f4-9b4a-e162291dcf3b | estimating raw pupil diameter
2026-07-24 17:03:04,885 | INFO | 02_preprocess_pupil | Session 198/721 | SH022 | 43f721be-5454-45f4-9b4a-e162291dcf3b | raw pupil diameter ready | samples=267807 | missing=99.7%
2026-07-24 17:03:04,885 | INFO | 02_preprocess_pupil | Session 198/721 | SH022 | 43f721be-5454-45f4-9b4a-e162291dcf3b | smoothing pupil diameter
2026-07-24 17:03:04,886 | WARNING | 02_preprocess_pupil | Session 198/721 failed | subject=SH022 | eid=43f721be-5454-45f4-9b4a-e162291dcf3b | session elapsed=3s | error=ValueError: Raw pupil diameter for left is too often NaN, cannot smooth.
2026-07-24 17:03:04,889 | INFO | 02_preprocess_pupil | Session 198/721 complete | status=failed | source=none | usable=False | missing=n/a | session time=3s | cumulative trials=126448/472728 | usable=163 | rejected=12 | failed=23 | elapsed=1h 10m 56s | ETA=3h 07m 22s
2026-07-24 17:03:04,890 | INFO | 02_preprocess_pupil | Session 199/721 | KS096 | 446f4724-1690-49f9-819a-2bd8e2ea88ce | trials=701 | expected source=ONE | starting
2026-07-24 17:03:04,891 | INFO | 02_preprocess_pupil | Session 199/721 | KS096 | 446f4724-1690-49f9-819a-2bd8e2ea88ce | cache miss; fetching trace from ONE
2026-07-24 17:03:04,891 | INFO | 02_preprocess_pupil | Session 199/721 | KS096 | 446f4724-1690-49f9-819a-2bd8e2ea88ce | listing camera datasets
2026-07-24 17:03:06,864 | INFO | 02_preprocess_pupil | Session 199/721 | KS096 | 446f4724-1690-49f9-819a-2bd8e2ea88ce | camera dataset listing complete | matches=8
2026-07-24 17:03:06,864 | INFO | 02_preprocess_pupil | Session 199/721 | KS096 | 446f4724-1690-49f9-819a-2bd8e2ea88ce | loading DLC dataset alf/_ibl_leftCamera.dlc.pqt
2026-07-24 17:03:07,098 | INFO | 02_preprocess_pupil | Session 199/721 | KS096 | 446f4724-1690-49f9-819a-2bd8e2ea88ce | DLC loaded | rows=255914 | columns=33
2026-07-24 17:03:07,099 | INFO | 02_preprocess_pupil | Session 199/721 | KS096 | 446f4724-1690-49f9-819a-2bd8e2ea88ce | loading timestamp dataset alf/_ibl_leftCamera.times.npy
2026-07-24 17:03:07,227 | INFO | 02_preprocess_pupil | Session 199/721 | KS096 | 446f4724-1690-49f9-819a-2bd8e2ea88ce | timestamps loaded | samples=255914 | duration=1h 11m 01s
2026-07-24 17:03:07,228 | INFO | 02_preprocess_pupil | Session 199/721 | KS096 | 446f4724-1690-49f9-819a-2bd8e2ea88ce | thresholding DLC likelihoods
2026-07-24 17:03:07,259 | INFO | 02_preprocess_pupil | Session 199/721 | KS096 | 446f4724-1690-49f9-819a-2bd8e2ea88ce | estimating raw pupil diameter
2026-07-24 17:03:07,379 | INFO | 02_preprocess_pupil | Session 199/721 | KS096 | 446f4724-1690-49f9-819a-2bd8e2ea88ce | raw pupil diameter ready | samples=255914 | missing=18.1%
2026-07-24 17:03:07,379 | INFO | 02_preprocess_pupil | Session 199/721 | KS096 | 446f4724-1690-49f9-819a-2bd8e2ea88ce | smoothing pupil diameter
2026-07-24 17:03:31,336 | INFO | 02_preprocess_pupil | Session 199/721 | KS096 | 446f4724-1690-49f9-819a-2bd8e2ea88ce | smoothing complete | missing=3.8%
2026-07-24 17:03:31,336 | INFO | 02_preprocess_pupil | Session 199/721 | KS096 | 446f4724-1690-49f9-819a-2bd8e2ea88ce | masking blink and velocity artifacts
2026-07-24 17:03:31,357 | INFO | 02_preprocess_pupil | Session 199/721 | KS096 | 446f4724-1690-49f9-819a-2bd8e2ea88ce | trace cleaning complete | cleaned missing=8.9% | artifact fraction=8.9%
2026-07-24 17:03:31,357 | INFO | 02_preprocess_pupil | Session 199/721 | KS096 | 446f4724-1690-49f9-819a-2bd8e2ea88ce | writing trace cache 446f4724-1690-49f9-819a-2bd8e2ea88ce.npz
2026-07-24 17:03:31,534 | INFO | 02_preprocess_pupil | Session 199/721 | KS096 | 446f4724-1690-49f9-819a-2bd8e2ea88ce | trace cache written | size=4.6 MB
2026-07-24 17:03:31,536 | INFO | 02_preprocess_pupil | Session 199/721 | KS096 | 446f4724-1690-49f9-819a-2bd8e2ea88ce | extracting trial-level pupil features
2026-07-24 17:03:32,159 | INFO | 02_preprocess_pupil | Session 199/721 | KS096 | 446f4724-1690-49f9-819a-2bd8e2ea88ce | feature extraction complete | stimulus windows valid=82.6% | feedback windows valid=83.7%
2026-07-24 17:03:32,160 | INFO | 02_preprocess_pupil | Session 199/721 complete | status=success | source=one | usable=True | missing=8.9% | session time=27s | cumulative trials=127149/472728 | usable=164 | rejected=12 | failed=23 | elapsed=1h 11m 23s | ETA=3h 07m 16s
2026-07-24 17:03:32,161 | INFO | 02_preprocess_pupil | Session 200/721 | SH015 | 44bcaf66-178f-45ac-8754-02e89d884c67 | trials=582 | expected source=ONE | starting
2026-07-24 17:03:32,161 | INFO | 02_preprocess_pupil | Session 200/721 | SH015 | 44bcaf66-178f-45ac-8754-02e89d884c67 | cache miss; fetching trace from ONE
2026-07-24 17:03:32,161 | INFO | 02_preprocess_pupil | Session 200/721 | SH015 | 44bcaf66-178f-45ac-8754-02e89d884c67 | listing camera datasets
2026-07-24 17:03:34,152 | INFO | 02_preprocess_pupil | Session 200/721 | SH015 | 44bcaf66-178f-45ac-8754-02e89d884c67 | camera dataset listing complete | matches=5
2026-07-24 17:03:34,152 | INFO | 02_preprocess_pupil | Session 200/721 | SH015 | 44bcaf66-178f-45ac-8754-02e89d884c67 | loading DLC dataset alf/_ibl_leftCamera.dlc.pqt
2026-07-24 17:03:34,395 | INFO | 02_preprocess_pupil | Session 200/721 | SH015 | 44bcaf66-178f-45ac-8754-02e89d884c67 | DLC loaded | rows=327733 | columns=33
2026-07-24 17:03:34,395 | INFO | 02_preprocess_pupil | Session 200/721 | SH015 | 44bcaf66-178f-45ac-8754-02e89d884c67 | loading timestamp dataset alf/_ibl_leftCamera.times.npy
2026-07-24 17:03:34,541 | INFO | 02_preprocess_pupil | Session 200/721 | SH015 | 44bcaf66-178f-45ac-8754-02e89d884c67 | timestamps loaded | samples=327733 | duration=1h 30m 56s
2026-07-24 17:03:34,541 | INFO | 02_preprocess_pupil | Session 200/721 | SH015 | 44bcaf66-178f-45ac-8754-02e89d884c67 | thresholding DLC likelihoods
2026-07-24 17:03:34,601 | INFO | 02_preprocess_pupil | Session 200/721 | SH015 | 44bcaf66-178f-45ac-8754-02e89d884c67 | estimating raw pupil diameter
2026-07-24 17:03:34,717 | INFO | 02_preprocess_pupil | Session 200/721 | SH015 | 44bcaf66-178f-45ac-8754-02e89d884c67 | raw pupil diameter ready | samples=327733 | missing=5.0%
2026-07-24 17:03:34,717 | INFO | 02_preprocess_pupil | Session 200/721 | SH015 | 44bcaf66-178f-45ac-8754-02e89d884c67 | smoothing pupil diameter
2026-07-24 17:04:10,237 | INFO | 02_preprocess_pupil | Session 200/721 | SH015 | 44bcaf66-178f-45ac-8754-02e89d884c67 | smoothing complete | missing=0.1%
2026-07-24 17:04:10,238 | INFO | 02_preprocess_pupil | Session 200/721 | SH015 | 44bcaf66-178f-45ac-8754-02e89d884c67 | masking blink and velocity artifacts
2026-07-24 17:04:10,266 | INFO | 02_preprocess_pupil | Session 200/721 | SH015 | 44bcaf66-178f-45ac-8754-02e89d884c67 | trace cleaning complete | cleaned missing=5.2% | artifact fraction=5.2%
2026-07-24 17:04:10,267 | INFO | 02_preprocess_pupil | Session 200/721 | SH015 | 44bcaf66-178f-45ac-8754-02e89d884c67 | writing trace cache 44bcaf66-178f-45ac-8754-02e89d884c67.npz
2026-07-24 17:04:10,529 | INFO | 02_preprocess_pupil | Session 200/721 | SH015 | 44bcaf66-178f-45ac-8754-02e89d884c67 | trace cache written | size=6.2 MB
2026-07-24 17:04:10,531 | INFO | 02_preprocess_pupil | Session 200/721 | SH015 | 44bcaf66-178f-45ac-8754-02e89d884c67 | extracting trial-level pupil features
2026-07-24 17:04:11,161 | INFO | 02_preprocess_pupil | Session 200/721 | SH015 | 44bcaf66-178f-45ac-8754-02e89d884c67 | feature extraction complete | stimulus windows valid=69.9% | feedback windows valid=76.5%
2026-07-24 17:04:11,161 | INFO | 02_preprocess_pupil | Session 200/721 complete | status=success | source=one | usable=True | missing=5.2% | session time=39s | cumulative trials=127731/472728 | usable=165 | rejected=12 | failed=23 | elapsed=1h 12m 02s | ETA=3h 07m 40s
2026-07-24 17:04:11,162 | INFO | 02_preprocess_pupil | Session 201/721 | PL033 | 4546cd60-fa2a-4d20-a9b6-d091e01d16f2 | trials=550 | expected source=ONE | starting
2026-07-24 17:04:11,163 | INFO | 02_preprocess_pupil | Session 201/721 | PL033 | 4546cd60-fa2a-4d20-a9b6-d091e01d16f2 | cache miss; fetching trace from ONE
2026-07-24 17:04:11,163 | INFO | 02_preprocess_pupil | Session 201/721 | PL033 | 4546cd60-fa2a-4d20-a9b6-d091e01d16f2 | listing camera datasets
2026-07-24 17:04:12,946 | INFO | 02_preprocess_pupil | Session 201/721 | PL033 | 4546cd60-fa2a-4d20-a9b6-d091e01d16f2 | camera dataset listing complete | matches=8
2026-07-24 17:04:12,946 | INFO | 02_preprocess_pupil | Session 201/721 | PL033 | 4546cd60-fa2a-4d20-a9b6-d091e01d16f2 | loading DLC dataset alf/_ibl_leftCamera.dlc.pqt
2026-07-24 17:05:11,170 | INFO | 02_preprocess_pupil | Session 201/721 | PL033 | 4546cd60-fa2a-4d20-a9b6-d091e01d16f2 | still working | step=loading DLC dataset alf/_ibl_leftCamera.dlc.pqt | session elapsed=1m 00s
2026-07-24 17:05:50,913 | INFO | 02_preprocess_pupil | Session 201/721 | PL033 | 4546cd60-fa2a-4d20-a9b6-d091e01d16f2 | DLC loaded | rows=240322 | columns=33
2026-07-24 17:05:50,913 | INFO | 02_preprocess_pupil | Session 201/721 | PL033 | 4546cd60-fa2a-4d20-a9b6-d091e01d16f2 | loading timestamp dataset alf/_ibl_leftCamera.times.npy
2026-07-24 17:06:09,135 | INFO | 02_preprocess_pupil | Session 201/721 | PL033 | 4546cd60-fa2a-4d20-a9b6-d091e01d16f2 | timestamps loaded | samples=240322 | duration=1h 06m 42s
2026-07-24 17:06:09,135 | INFO | 02_preprocess_pupil | Session 201/721 | PL033 | 4546cd60-fa2a-4d20-a9b6-d091e01d16f2 | thresholding DLC likelihoods
2026-07-24 17:06:09,171 | INFO | 02_preprocess_pupil | Session 201/721 | PL033 | 4546cd60-fa2a-4d20-a9b6-d091e01d16f2 | estimating raw pupil diameter
2026-07-24 17:06:09,324 | INFO | 02_preprocess_pupil | Session 201/721 | PL033 | 4546cd60-fa2a-4d20-a9b6-d091e01d16f2 | raw pupil diameter ready | samples=240322 | missing=21.9%
2026-07-24 17:06:09,324 | INFO | 02_preprocess_pupil | Session 201/721 | PL033 | 4546cd60-fa2a-4d20-a9b6-d091e01d16f2 | smoothing pupil diameter
2026-07-24 17:06:11,197 | INFO | 02_preprocess_pupil | Session 201/721 | PL033 | 4546cd60-fa2a-4d20-a9b6-d091e01d16f2 | still working | step=smoothing pupil diameter | session elapsed=2m 00s
2026-07-24 17:06:31,245 | INFO | 02_preprocess_pupil | Session 201/721 | PL033 | 4546cd60-fa2a-4d20-a9b6-d091e01d16f2 | smoothing complete | missing=4.9%
2026-07-24 17:06:31,245 | INFO | 02_preprocess_pupil | Session 201/721 | PL033 | 4546cd60-fa2a-4d20-a9b6-d091e01d16f2 | masking blink and velocity artifacts
2026-07-24 17:06:31,270 | INFO | 02_preprocess_pupil | Session 201/721 | PL033 | 4546cd60-fa2a-4d20-a9b6-d091e01d16f2 | trace cleaning complete | cleaned missing=12.3% | artifact fraction=12.3%
2026-07-24 17:06:31,271 | INFO | 02_preprocess_pupil | Session 201/721 | PL033 | 4546cd60-fa2a-4d20-a9b6-d091e01d16f2 | writing trace cache 4546cd60-fa2a-4d20-a9b6-d091e01d16f2.npz
2026-07-24 17:06:31,444 | INFO | 02_preprocess_pupil | Session 201/721 | PL033 | 4546cd60-fa2a-4d20-a9b6-d091e01d16f2 | trace cache written | size=4.2 MB
2026-07-24 17:06:31,446 | INFO | 02_preprocess_pupil | Session 201/721 | PL033 | 4546cd60-fa2a-4d20-a9b6-d091e01d16f2 | extracting trial-level pupil features
2026-07-24 17:06:31,925 | INFO | 02_preprocess_pupil | Session 201/721 | PL033 | 4546cd60-fa2a-4d20-a9b6-d091e01d16f2 | feature extraction complete | stimulus windows valid=83.3% | feedback windows valid=82.9%
2026-07-24 17:06:31,926 | INFO | 02_preprocess_pupil | Session 201/721 complete | status=success | source=one | usable=True | missing=12.3% | session time=2m 21s | cumulative trials=128281/472728 | usable=166 | rejected=12 | failed=23 | elapsed=1h 14m 23s | ETA=3h 12m 26s
2026-07-24 17:06:31,927 | INFO | 02_preprocess_pupil | Session 202/721 | SWC_052 | 45ef6691-7b80-4a43-bd1a-85fc00851ae8 | trials=645 | expected source=ONE | starting
2026-07-24 17:06:31,927 | INFO | 02_preprocess_pupil | Session 202/721 | SWC_052 | 45ef6691-7b80-4a43-bd1a-85fc00851ae8 | cache miss; fetching trace from ONE
2026-07-24 17:06:31,927 | INFO | 02_preprocess_pupil | Session 202/721 | SWC_052 | 45ef6691-7b80-4a43-bd1a-85fc00851ae8 | listing camera datasets
2026-07-24 17:06:34,836 | INFO | 02_preprocess_pupil | Session 202/721 | SWC_052 | 45ef6691-7b80-4a43-bd1a-85fc00851ae8 | camera dataset listing complete | matches=8
2026-07-24 17:06:34,836 | INFO | 02_preprocess_pupil | Session 202/721 | SWC_052 | 45ef6691-7b80-4a43-bd1a-85fc00851ae8 | loading DLC dataset alf/_ibl_leftCamera.dlc.pqt
2026-07-24 17:07:31,937 | INFO | 02_preprocess_pupil | Session 202/721 | SWC_052 | 45ef6691-7b80-4a43-bd1a-85fc00851ae8 | still working | step=loading DLC dataset alf/_ibl_leftCamera.dlc.pqt | session elapsed=1m 00s
2026-07-24 17:08:09,961 | INFO | 02_preprocess_pupil | Session 202/721 | SWC_052 | 45ef6691-7b80-4a43-bd1a-85fc00851ae8 | DLC loaded | rows=279852 | columns=33
2026-07-24 17:08:09,961 | INFO | 02_preprocess_pupil | Session 202/721 | SWC_052 | 45ef6691-7b80-4a43-bd1a-85fc00851ae8 | loading timestamp dataset alf/_ibl_leftCamera.times.npy
2026-07-24 17:08:16,910 | INFO | 02_preprocess_pupil | Session 202/721 | SWC_052 | 45ef6691-7b80-4a43-bd1a-85fc00851ae8 | timestamps loaded | samples=279852 | duration=1h 18m 02s
2026-07-24 17:08:16,911 | INFO | 02_preprocess_pupil | Session 202/721 | SWC_052 | 45ef6691-7b80-4a43-bd1a-85fc00851ae8 | thresholding DLC likelihoods
2026-07-24 17:08:16,942 | INFO | 02_preprocess_pupil | Session 202/721 | SWC_052 | 45ef6691-7b80-4a43-bd1a-85fc00851ae8 | estimating raw pupil diameter
2026-07-24 17:08:17,089 | INFO | 02_preprocess_pupil | Session 202/721 | SWC_052 | 45ef6691-7b80-4a43-bd1a-85fc00851ae8 | raw pupil diameter ready | samples=279852 | missing=16.8%
2026-07-24 17:08:17,089 | INFO | 02_preprocess_pupil | Session 202/721 | SWC_052 | 45ef6691-7b80-4a43-bd1a-85fc00851ae8 | smoothing pupil diameter
2026-07-24 17:08:31,960 | INFO | 02_preprocess_pupil | Session 202/721 | SWC_052 | 45ef6691-7b80-4a43-bd1a-85fc00851ae8 | still working | step=smoothing pupil diameter | session elapsed=2m 00s
2026-07-24 17:08:43,550 | INFO | 02_preprocess_pupil | Session 202/721 | SWC_052 | 45ef6691-7b80-4a43-bd1a-85fc00851ae8 | smoothing complete | missing=0.0%
2026-07-24 17:08:43,551 | INFO | 02_preprocess_pupil | Session 202/721 | SWC_052 | 45ef6691-7b80-4a43-bd1a-85fc00851ae8 | masking blink and velocity artifacts
2026-07-24 17:08:43,575 | INFO | 02_preprocess_pupil | Session 202/721 | SWC_052 | 45ef6691-7b80-4a43-bd1a-85fc00851ae8 | trace cleaning complete | cleaned missing=3.7% | artifact fraction=3.7%
2026-07-24 17:08:43,575 | INFO | 02_preprocess_pupil | Session 202/721 | SWC_052 | 45ef6691-7b80-4a43-bd1a-85fc00851ae8 | writing trace cache 45ef6691-7b80-4a43-bd1a-85fc00851ae8.npz
2026-07-24 17:08:43,782 | INFO | 02_preprocess_pupil | Session 202/721 | SWC_052 | 45ef6691-7b80-4a43-bd1a-85fc00851ae8 | trace cache written | size=5.1 MB
2026-07-24 17:08:43,784 | INFO | 02_preprocess_pupil | Session 202/721 | SWC_052 | 45ef6691-7b80-4a43-bd1a-85fc00851ae8 | extracting trial-level pupil features
2026-07-24 17:08:44,396 | INFO | 02_preprocess_pupil | Session 202/721 | SWC_052 | 45ef6691-7b80-4a43-bd1a-85fc00851ae8 | feature extraction complete | stimulus windows valid=86.0% | feedback windows valid=87.1%
2026-07-24 17:08:44,397 | INFO | 02_preprocess_pupil | Session 202/721 complete | status=success | source=one | usable=True | missing=3.7% | session time=2m 12s | cumulative trials=128926/472728 | usable=167 | rejected=12 | failed=23 | elapsed=1h 16m 36s | ETA=3h 16m 47s
2026-07-24 17:08:44,398 | INFO | 02_preprocess_pupil | Session 203/721 | ZM_2241 | 465c44bd-2e67-4112-977b-36e1ac7e3f8c | trials=484 | expected source=ONE | starting
2026-07-24 17:08:44,399 | INFO | 02_preprocess_pupil | Session 203/721 | ZM_2241 | 465c44bd-2e67-4112-977b-36e1ac7e3f8c | cache miss; fetching trace from ONE
2026-07-24 17:08:44,399 | INFO | 02_preprocess_pupil | Session 203/721 | ZM_2241 | 465c44bd-2e67-4112-977b-36e1ac7e3f8c | listing camera datasets
2026-07-24 17:08:47,741 | INFO | 02_preprocess_pupil | Session 203/721 | ZM_2241 | 465c44bd-2e67-4112-977b-36e1ac7e3f8c | camera dataset listing complete | matches=8
2026-07-24 17:08:47,741 | INFO | 02_preprocess_pupil | Session 203/721 | ZM_2241 | 465c44bd-2e67-4112-977b-36e1ac7e3f8c | loading DLC dataset alf/_ibl_leftCamera.dlc.pqt
2026-07-24 17:08:47,958 | INFO | 02_preprocess_pupil | Session 203/721 | ZM_2241 | 465c44bd-2e67-4112-977b-36e1ac7e3f8c | DLC loaded | rows=153455 | columns=33
2026-07-24 17:08:47,959 | INFO | 02_preprocess_pupil | Session 203/721 | ZM_2241 | 465c44bd-2e67-4112-977b-36e1ac7e3f8c | loading timestamp dataset alf/#2023-04-20#/_ibl_leftCamera.times.npy
2026-07-24 17:08:48,103 | INFO | 02_preprocess_pupil | Session 203/721 | ZM_2241 | 465c44bd-2e67-4112-977b-36e1ac7e3f8c | timestamps loaded | samples=153455 | duration=42m 35s
2026-07-24 17:08:48,103 | INFO | 02_preprocess_pupil | Session 203/721 | ZM_2241 | 465c44bd-2e67-4112-977b-36e1ac7e3f8c | thresholding DLC likelihoods
2026-07-24 17:08:48,126 | INFO | 02_preprocess_pupil | Session 203/721 | ZM_2241 | 465c44bd-2e67-4112-977b-36e1ac7e3f8c | estimating raw pupil diameter
2026-07-24 17:08:48,184 | INFO | 02_preprocess_pupil | Session 203/721 | ZM_2241 | 465c44bd-2e67-4112-977b-36e1ac7e3f8c | raw pupil diameter ready | samples=153455 | missing=8.3%
2026-07-24 17:08:48,184 | INFO | 02_preprocess_pupil | Session 203/721 | ZM_2241 | 465c44bd-2e67-4112-977b-36e1ac7e3f8c | smoothing pupil diameter
2026-07-24 17:09:04,589 | INFO | 02_preprocess_pupil | Session 203/721 | ZM_2241 | 465c44bd-2e67-4112-977b-36e1ac7e3f8c | smoothing complete | missing=2.3%
2026-07-24 17:09:04,589 | INFO | 02_preprocess_pupil | Session 203/721 | ZM_2241 | 465c44bd-2e67-4112-977b-36e1ac7e3f8c | masking blink and velocity artifacts
2026-07-24 17:09:04,602 | INFO | 02_preprocess_pupil | Session 203/721 | ZM_2241 | 465c44bd-2e67-4112-977b-36e1ac7e3f8c | trace cleaning complete | cleaned missing=6.3% | artifact fraction=6.3%
2026-07-24 17:09:04,603 | INFO | 02_preprocess_pupil | Session 203/721 | ZM_2241 | 465c44bd-2e67-4112-977b-36e1ac7e3f8c | writing trace cache 465c44bd-2e67-4112-977b-36e1ac7e3f8c.npz
2026-07-24 17:09:04,716 | INFO | 02_preprocess_pupil | Session 203/721 | ZM_2241 | 465c44bd-2e67-4112-977b-36e1ac7e3f8c | trace cache written | size=2.9 MB
2026-07-24 17:09:04,717 | INFO | 02_preprocess_pupil | Session 203/721 | ZM_2241 | 465c44bd-2e67-4112-977b-36e1ac7e3f8c | extracting trial-level pupil features
2026-07-24 17:09:04,996 | INFO | 02_preprocess_pupil | Session 203/721 | ZM_2241 | 465c44bd-2e67-4112-977b-36e1ac7e3f8c | feature extraction complete | stimulus windows valid=76.2% | feedback windows valid=81.6%
2026-07-24 17:09:04,996 | INFO | 02_preprocess_pupil | Session 203/721 complete | status=success | source=one | usable=True | missing=6.3% | session time=21s | cumulative trials=129410/472728 | usable=168 | rejected=12 | failed=23 | elapsed=1h 16m 56s | ETA=3h 16m 19s
2026-07-24 17:09:04,997 | INFO | 02_preprocess_pupil | Session 204/721 | CSHL045 | 46794e05-3f6a-4d35-afb3-9165091a5a74 | trials=807 | expected source=ONE | starting
2026-07-24 17:09:04,997 | INFO | 02_preprocess_pupil | Session 204/721 | CSHL045 | 46794e05-3f6a-4d35-afb3-9165091a5a74 | cache miss; fetching trace from ONE
2026-07-24 17:09:04,997 | INFO | 02_preprocess_pupil | Session 204/721 | CSHL045 | 46794e05-3f6a-4d35-afb3-9165091a5a74 | listing camera datasets
2026-07-24 17:09:07,185 | INFO | 02_preprocess_pupil | Session 204/721 | CSHL045 | 46794e05-3f6a-4d35-afb3-9165091a5a74 | camera dataset listing complete | matches=8
2026-07-24 17:09:07,185 | INFO | 02_preprocess_pupil | Session 204/721 | CSHL045 | 46794e05-3f6a-4d35-afb3-9165091a5a74 | loading DLC dataset alf/_ibl_leftCamera.dlc.pqt
2026-07-24 17:09:07,415 | INFO | 02_preprocess_pupil | Session 204/721 | CSHL045 | 46794e05-3f6a-4d35-afb3-9165091a5a74 | DLC loaded | rows=319703 | columns=33
2026-07-24 17:09:07,415 | INFO | 02_preprocess_pupil | Session 204/721 | CSHL045 | 46794e05-3f6a-4d35-afb3-9165091a5a74 | loading timestamp dataset alf/#2023-04-20#/_ibl_leftCamera.times.npy
2026-07-24 17:09:07,567 | INFO | 02_preprocess_pupil | Session 204/721 | CSHL045 | 46794e05-3f6a-4d35-afb3-9165091a5a74 | timestamps loaded | samples=319703 | duration=1h 28m 44s
2026-07-24 17:09:07,568 | INFO | 02_preprocess_pupil | Session 204/721 | CSHL045 | 46794e05-3f6a-4d35-afb3-9165091a5a74 | thresholding DLC likelihoods
2026-07-24 17:09:07,603 | INFO | 02_preprocess_pupil | Session 204/721 | CSHL045 | 46794e05-3f6a-4d35-afb3-9165091a5a74 | estimating raw pupil diameter
2026-07-24 17:09:07,720 | INFO | 02_preprocess_pupil | Session 204/721 | CSHL045 | 46794e05-3f6a-4d35-afb3-9165091a5a74 | raw pupil diameter ready | samples=319703 | missing=1.1%
2026-07-24 17:09:07,721 | INFO | 02_preprocess_pupil | Session 204/721 | CSHL045 | 46794e05-3f6a-4d35-afb3-9165091a5a74 | smoothing pupil diameter
2026-07-24 17:09:44,892 | INFO | 02_preprocess_pupil | Session 204/721 | CSHL045 | 46794e05-3f6a-4d35-afb3-9165091a5a74 | smoothing complete | missing=0.0%
2026-07-24 17:09:44,892 | INFO | 02_preprocess_pupil | Session 204/721 | CSHL045 | 46794e05-3f6a-4d35-afb3-9165091a5a74 | masking blink and velocity artifacts
2026-07-24 17:09:44,920 | INFO | 02_preprocess_pupil | Session 204/721 | CSHL045 | 46794e05-3f6a-4d35-afb3-9165091a5a74 | trace cleaning complete | cleaned missing=7.6% | artifact fraction=7.6%
2026-07-24 17:09:44,920 | INFO | 02_preprocess_pupil | Session 204/721 | CSHL045 | 46794e05-3f6a-4d35-afb3-9165091a5a74 | writing trace cache 46794e05-3f6a-4d35-afb3-9165091a5a74.npz
2026-07-24 17:09:45,152 | INFO | 02_preprocess_pupil | Session 204/721 | CSHL045 | 46794e05-3f6a-4d35-afb3-9165091a5a74 | trace cache written | size=5.6 MB
2026-07-24 17:09:45,154 | INFO | 02_preprocess_pupil | Session 204/721 | CSHL045 | 46794e05-3f6a-4d35-afb3-9165091a5a74 | extracting trial-level pupil features
2026-07-24 17:09:46,071 | INFO | 02_preprocess_pupil | Session 204/721 | CSHL045 | 46794e05-3f6a-4d35-afb3-9165091a5a74 | feature extraction complete | stimulus windows valid=77.9% | feedback windows valid=71.6%
2026-07-24 17:09:46,072 | INFO | 02_preprocess_pupil | Session 204/721 complete | status=success | source=one | usable=True | missing=7.6% | session time=41s | cumulative trials=130217/472728 | usable=169 | rejected=12 | failed=23 | elapsed=1h 17m 37s | ETA=3h 16m 43s
2026-07-24 17:09:46,072 | INFO | 02_preprocess_pupil | Session 205/721 | DY_014 | 4720c98a-a305-4fba-affb-bbfa00a724a4 | trials=608 | expected source=ONE | starting
2026-07-24 17:09:46,073 | INFO | 02_preprocess_pupil | Session 205/721 | DY_014 | 4720c98a-a305-4fba-affb-bbfa00a724a4 | cache miss; fetching trace from ONE
2026-07-24 17:09:46,073 | INFO | 02_preprocess_pupil | Session 205/721 | DY_014 | 4720c98a-a305-4fba-affb-bbfa00a724a4 | listing camera datasets
2026-07-24 17:09:49,545 | INFO | 02_preprocess_pupil | Session 205/721 | DY_014 | 4720c98a-a305-4fba-affb-bbfa00a724a4 | camera dataset listing complete | matches=8
2026-07-24 17:09:49,546 | INFO | 02_preprocess_pupil | Session 205/721 | DY_014 | 4720c98a-a305-4fba-affb-bbfa00a724a4 | loading DLC dataset alf/_ibl_leftCamera.dlc.pqt
2026-07-24 17:10:46,076 | INFO | 02_preprocess_pupil | Session 205/721 | DY_014 | 4720c98a-a305-4fba-affb-bbfa00a724a4 | still working | step=loading DLC dataset alf/_ibl_leftCamera.dlc.pqt | session elapsed=1m 00s
2026-07-24 17:11:12,047 | INFO | 02_preprocess_pupil | Session 205/721 | DY_014 | 4720c98a-a305-4fba-affb-bbfa00a724a4 | DLC loaded | rows=262416 | columns=33
2026-07-24 17:11:12,047 | INFO | 02_preprocess_pupil | Session 205/721 | DY_014 | 4720c98a-a305-4fba-affb-bbfa00a724a4 | loading timestamp dataset alf/#2023-04-20#/_ibl_leftCamera.times.npy
2026-07-24 17:11:15,037 | INFO | 02_preprocess_pupil | Session 205/721 | DY_014 | 4720c98a-a305-4fba-affb-bbfa00a724a4 | timestamps loaded | samples=262416 | duration=1h 12m 49s
2026-07-24 17:11:15,038 | INFO | 02_preprocess_pupil | Session 205/721 | DY_014 | 4720c98a-a305-4fba-affb-bbfa00a724a4 | thresholding DLC likelihoods
2026-07-24 17:11:15,070 | INFO | 02_preprocess_pupil | Session 205/721 | DY_014 | 4720c98a-a305-4fba-affb-bbfa00a724a4 | estimating raw pupil diameter
2026-07-24 17:11:15,188 | INFO | 02_preprocess_pupil | Session 205/721 | DY_014 | 4720c98a-a305-4fba-affb-bbfa00a724a4 | raw pupil diameter ready | samples=262416 | missing=1.0%
2026-07-24 17:11:15,188 | INFO | 02_preprocess_pupil | Session 205/721 | DY_014 | 4720c98a-a305-4fba-affb-bbfa00a724a4 | smoothing pupil diameter
2026-07-24 17:11:46,103 | INFO | 02_preprocess_pupil | Session 205/721 | DY_014 | 4720c98a-a305-4fba-affb-bbfa00a724a4 | still working | step=smoothing pupil diameter | session elapsed=2m 00s
2026-07-24 17:11:46,291 | INFO | 02_preprocess_pupil | Session 205/721 | DY_014 | 4720c98a-a305-4fba-affb-bbfa00a724a4 | smoothing complete | missing=0.1%
2026-07-24 17:11:46,291 | INFO | 02_preprocess_pupil | Session 205/721 | DY_014 | 4720c98a-a305-4fba-affb-bbfa00a724a4 | masking blink and velocity artifacts
2026-07-24 17:11:46,327 | INFO | 02_preprocess_pupil | Session 205/721 | DY_014 | 4720c98a-a305-4fba-affb-bbfa00a724a4 | trace cleaning complete | cleaned missing=3.7% | artifact fraction=3.7%
2026-07-24 17:11:46,329 | INFO | 02_preprocess_pupil | Session 205/721 | DY_014 | 4720c98a-a305-4fba-affb-bbfa00a724a4 | writing trace cache 4720c98a-a305-4fba-affb-bbfa00a724a4.npz
2026-07-24 17:11:46,551 | INFO | 02_preprocess_pupil | Session 205/721 | DY_014 | 4720c98a-a305-4fba-affb-bbfa00a724a4 | trace cache written | size=5.1 MB
2026-07-24 17:11:46,553 | INFO | 02_preprocess_pupil | Session 205/721 | DY_014 | 4720c98a-a305-4fba-affb-bbfa00a724a4 | extracting trial-level pupil features
2026-07-24 17:11:47,137 | INFO | 02_preprocess_pupil | Session 205/721 | DY_014 | 4720c98a-a305-4fba-affb-bbfa00a724a4 | feature extraction complete | stimulus windows valid=85.2% | feedback windows valid=85.0%
2026-07-24 17:11:47,138 | INFO | 02_preprocess_pupil | Session 205/721 complete | status=success | source=one | usable=True | missing=3.7% | session time=2m 01s | cumulative trials=130825/472728 | usable=170 | rejected=12 | failed=23 | elapsed=1h 19m 38s | ETA=3h 20m 27s
2026-07-24 17:11:47,138 | INFO | 02_preprocess_pupil | Session 206/721 | CSP033 | 48a307da-2966-46c1-bd73-b78f50901ff1 | trials=756 | expected source=ONE | starting
2026-07-24 17:11:47,139 | INFO | 02_preprocess_pupil | Session 206/721 | CSP033 | 48a307da-2966-46c1-bd73-b78f50901ff1 | cache miss; fetching trace from ONE
2026-07-24 17:11:47,139 | INFO | 02_preprocess_pupil | Session 206/721 | CSP033 | 48a307da-2966-46c1-bd73-b78f50901ff1 | listing camera datasets
2026-07-24 17:11:49,203 | INFO | 02_preprocess_pupil | Session 206/721 | CSP033 | 48a307da-2966-46c1-bd73-b78f50901ff1 | camera dataset listing complete | matches=5
2026-07-24 17:11:49,203 | INFO | 02_preprocess_pupil | Session 206/721 | CSP033 | 48a307da-2966-46c1-bd73-b78f50901ff1 | loading DLC dataset alf/_ibl_leftCamera.dlc.pqt
2026-07-24 17:11:49,474 | INFO | 02_preprocess_pupil | Session 206/721 | CSP033 | 48a307da-2966-46c1-bd73-b78f50901ff1 | DLC loaded | rows=314818 | columns=33
2026-07-24 17:11:49,475 | INFO | 02_preprocess_pupil | Session 206/721 | CSP033 | 48a307da-2966-46c1-bd73-b78f50901ff1 | loading timestamp dataset alf/_ibl_leftCamera.times.npy
2026-07-24 17:11:49,621 | INFO | 02_preprocess_pupil | Session 206/721 | CSP033 | 48a307da-2966-46c1-bd73-b78f50901ff1 | timestamps loaded | samples=314818 | duration=1h 27m 23s
2026-07-24 17:11:49,621 | INFO | 02_preprocess_pupil | Session 206/721 | CSP033 | 48a307da-2966-46c1-bd73-b78f50901ff1 | thresholding DLC likelihoods
2026-07-24 17:11:49,664 | INFO | 02_preprocess_pupil | Session 206/721 | CSP033 | 48a307da-2966-46c1-bd73-b78f50901ff1 | estimating raw pupil diameter
2026-07-24 17:11:49,845 | INFO | 02_preprocess_pupil | Session 206/721 | CSP033 | 48a307da-2966-46c1-bd73-b78f50901ff1 | raw pupil diameter ready | samples=314818 | missing=29.6%
2026-07-24 17:11:49,845 | INFO | 02_preprocess_pupil | Session 206/721 | CSP033 | 48a307da-2966-46c1-bd73-b78f50901ff1 | smoothing pupil diameter
2026-07-24 17:12:15,644 | INFO | 02_preprocess_pupil | Session 206/721 | CSP033 | 48a307da-2966-46c1-bd73-b78f50901ff1 | smoothing complete | missing=8.4%
2026-07-24 17:12:15,644 | INFO | 02_preprocess_pupil | Session 206/721 | CSP033 | 48a307da-2966-46c1-bd73-b78f50901ff1 | masking blink and velocity artifacts
2026-07-24 17:12:15,668 | INFO | 02_preprocess_pupil | Session 206/721 | CSP033 | 48a307da-2966-46c1-bd73-b78f50901ff1 | trace cleaning complete | cleaned missing=14.6% | artifact fraction=14.6%
2026-07-24 17:12:15,669 | INFO | 02_preprocess_pupil | Session 206/721 | CSP033 | 48a307da-2966-46c1-bd73-b78f50901ff1 | writing trace cache 48a307da-2966-46c1-bd73-b78f50901ff1.npz
2026-07-24 17:12:15,883 | INFO | 02_preprocess_pupil | Session 206/721 | CSP033 | 48a307da-2966-46c1-bd73-b78f50901ff1 | trace cache written | size=5.3 MB
2026-07-24 17:12:15,885 | INFO | 02_preprocess_pupil | Session 206/721 | CSP033 | 48a307da-2966-46c1-bd73-b78f50901ff1 | extracting trial-level pupil features
2026-07-24 17:12:16,672 | INFO | 02_preprocess_pupil | Session 206/721 | CSP033 | 48a307da-2966-46c1-bd73-b78f50901ff1 | feature extraction complete | stimulus windows valid=68.4% | feedback windows valid=69.8%
2026-07-24 17:12:16,673 | INFO | 02_preprocess_pupil | Session 206/721 complete | status=success | source=one | usable=True | missing=14.6% | session time=30s | cumulative trials=131581/472728 | usable=171 | rejected=12 | failed=23 | elapsed=1h 20m 08s | ETA=3h 20m 20s
2026-07-24 17:12:16,674 | INFO | 02_preprocess_pupil | Session 207/721 | NYU-41 | 48d85702-d05a-4220-bb05-3199331c453b | trials=665 | expected source=ONE | starting
2026-07-24 17:12:16,674 | INFO | 02_preprocess_pupil | Session 207/721 | NYU-41 | 48d85702-d05a-4220-bb05-3199331c453b | cache miss; fetching trace from ONE
2026-07-24 17:12:16,674 | INFO | 02_preprocess_pupil | Session 207/721 | NYU-41 | 48d85702-d05a-4220-bb05-3199331c453b | listing camera datasets
2026-07-24 17:12:18,813 | INFO | 02_preprocess_pupil | Session 207/721 | NYU-41 | 48d85702-d05a-4220-bb05-3199331c453b | camera dataset listing complete | matches=5
2026-07-24 17:12:18,813 | INFO | 02_preprocess_pupil | Session 207/721 | NYU-41 | 48d85702-d05a-4220-bb05-3199331c453b | loading DLC dataset alf/_ibl_leftCamera.dlc.pqt
2026-07-24 17:12:19,064 | INFO | 02_preprocess_pupil | Session 207/721 | NYU-41 | 48d85702-d05a-4220-bb05-3199331c453b | DLC loaded | rows=366840 | columns=33
2026-07-24 17:12:19,064 | INFO | 02_preprocess_pupil | Session 207/721 | NYU-41 | 48d85702-d05a-4220-bb05-3199331c453b | loading timestamp dataset alf/_ibl_leftCamera.times.npy
2026-07-24 17:12:19,206 | INFO | 02_preprocess_pupil | Session 207/721 | NYU-41 | 48d85702-d05a-4220-bb05-3199331c453b | timestamps loaded | samples=366840 | duration=1h 41m 50s
2026-07-24 17:12:19,207 | INFO | 02_preprocess_pupil | Session 207/721 | NYU-41 | 48d85702-d05a-4220-bb05-3199331c453b | thresholding DLC likelihoods
2026-07-24 17:12:19,260 | INFO | 02_preprocess_pupil | Session 207/721 | NYU-41 | 48d85702-d05a-4220-bb05-3199331c453b | estimating raw pupil diameter
2026-07-24 17:12:19,503 | INFO | 02_preprocess_pupil | Session 207/721 | NYU-41 | 48d85702-d05a-4220-bb05-3199331c453b | raw pupil diameter ready | samples=366840 | missing=37.6%
2026-07-24 17:12:19,503 | INFO | 02_preprocess_pupil | Session 207/721 | NYU-41 | 48d85702-d05a-4220-bb05-3199331c453b | smoothing pupil diameter
2026-07-24 17:12:45,989 | INFO | 02_preprocess_pupil | Session 207/721 | NYU-41 | 48d85702-d05a-4220-bb05-3199331c453b | smoothing complete | missing=0.0%
2026-07-24 17:12:45,989 | INFO | 02_preprocess_pupil | Session 207/721 | NYU-41 | 48d85702-d05a-4220-bb05-3199331c453b | masking blink and velocity artifacts
2026-07-24 17:12:46,022 | INFO | 02_preprocess_pupil | Session 207/721 | NYU-41 | 48d85702-d05a-4220-bb05-3199331c453b | trace cleaning complete | cleaned missing=10.9% | artifact fraction=10.9%
2026-07-24 17:12:46,023 | INFO | 02_preprocess_pupil | Session 207/721 | NYU-41 | 48d85702-d05a-4220-bb05-3199331c453b | writing trace cache 48d85702-d05a-4220-bb05-3199331c453b.npz
2026-07-24 17:12:46,278 | INFO | 02_preprocess_pupil | Session 207/721 | NYU-41 | 48d85702-d05a-4220-bb05-3199331c453b | trace cache written | size=6.0 MB
2026-07-24 17:12:46,280 | INFO | 02_preprocess_pupil | Session 207/721 | NYU-41 | 48d85702-d05a-4220-bb05-3199331c453b | extracting trial-level pupil features
2026-07-24 17:12:47,074 | INFO | 02_preprocess_pupil | Session 207/721 | NYU-41 | 48d85702-d05a-4220-bb05-3199331c453b | feature extraction complete | stimulus windows valid=63.5% | feedback windows valid=58.0%
2026-07-24 17:12:47,074 | INFO | 02_preprocess_pupil | Session 207/721 complete | status=success | source=one | usable=True | missing=10.9% | session time=30s | cumulative trials=132246/472728 | usable=172 | rejected=12 | failed=23 | elapsed=1h 20m 38s | ETA=3h 20m 14s
2026-07-24 17:12:47,075 | INFO | 02_preprocess_pupil | Session 208/721 | PL033 | 49250fba-801c-4867-a0a7-a1e19538cb61 | trials=678 | expected source=ONE | starting
2026-07-24 17:12:47,076 | INFO | 02_preprocess_pupil | Session 208/721 | PL033 | 49250fba-801c-4867-a0a7-a1e19538cb61 | cache miss; fetching trace from ONE
2026-07-24 17:12:47,076 | INFO | 02_preprocess_pupil | Session 208/721 | PL033 | 49250fba-801c-4867-a0a7-a1e19538cb61 | listing camera datasets
2026-07-24 17:12:49,761 | INFO | 02_preprocess_pupil | Session 208/721 | PL033 | 49250fba-801c-4867-a0a7-a1e19538cb61 | camera dataset listing complete | matches=8
2026-07-24 17:12:49,761 | INFO | 02_preprocess_pupil | Session 208/721 | PL033 | 49250fba-801c-4867-a0a7-a1e19538cb61 | loading DLC dataset alf/_ibl_leftCamera.dlc.pqt
2026-07-24 17:13:47,089 | INFO | 02_preprocess_pupil | Session 208/721 | PL033 | 49250fba-801c-4867-a0a7-a1e19538cb61 | still working | step=loading DLC dataset alf/_ibl_leftCamera.dlc.pqt | session elapsed=1m 00s
2026-07-24 17:14:08,579 | INFO | 02_preprocess_pupil | Session 208/721 | PL033 | 49250fba-801c-4867-a0a7-a1e19538cb61 | DLC loaded | rows=253984 | columns=33
2026-07-24 17:14:08,579 | INFO | 02_preprocess_pupil | Session 208/721 | PL033 | 49250fba-801c-4867-a0a7-a1e19538cb61 | loading timestamp dataset alf/_ibl_leftCamera.times.npy
2026-07-24 17:14:26,208 | INFO | 02_preprocess_pupil | Session 208/721 | PL033 | 49250fba-801c-4867-a0a7-a1e19538cb61 | timestamps loaded | samples=253984 | duration=1h 10m 30s
2026-07-24 17:14:26,208 | INFO | 02_preprocess_pupil | Session 208/721 | PL033 | 49250fba-801c-4867-a0a7-a1e19538cb61 | thresholding DLC likelihoods
2026-07-24 17:14:26,241 | INFO | 02_preprocess_pupil | Session 208/721 | PL033 | 49250fba-801c-4867-a0a7-a1e19538cb61 | estimating raw pupil diameter
2026-07-24 17:14:26,394 | INFO | 02_preprocess_pupil | Session 208/721 | PL033 | 49250fba-801c-4867-a0a7-a1e19538cb61 | raw pupil diameter ready | samples=253984 | missing=16.3%
2026-07-24 17:14:26,394 | INFO | 02_preprocess_pupil | Session 208/721 | PL033 | 49250fba-801c-4867-a0a7-a1e19538cb61 | smoothing pupil diameter
2026-07-24 17:14:47,118 | INFO | 02_preprocess_pupil | Session 208/721 | PL033 | 49250fba-801c-4867-a0a7-a1e19538cb61 | still working | step=smoothing pupil diameter | session elapsed=2m 00s
2026-07-24 17:14:51,231 | INFO | 02_preprocess_pupil | Session 208/721 | PL033 | 49250fba-801c-4867-a0a7-a1e19538cb61 | smoothing complete | missing=2.7%
2026-07-24 17:14:51,232 | INFO | 02_preprocess_pupil | Session 208/721 | PL033 | 49250fba-801c-4867-a0a7-a1e19538cb61 | masking blink and velocity artifacts
2026-07-24 17:14:51,253 | INFO | 02_preprocess_pupil | Session 208/721 | PL033 | 49250fba-801c-4867-a0a7-a1e19538cb61 | trace cleaning complete | cleaned missing=8.0% | artifact fraction=8.0%
2026-07-24 17:14:51,253 | INFO | 02_preprocess_pupil | Session 208/721 | PL033 | 49250fba-801c-4867-a0a7-a1e19538cb61 | writing trace cache 49250fba-801c-4867-a0a7-a1e19538cb61.npz
2026-07-24 17:14:51,453 | INFO | 02_preprocess_pupil | Session 208/721 | PL033 | 49250fba-801c-4867-a0a7-a1e19538cb61 | trace cache written | size=4.6 MB
2026-07-24 17:14:51,455 | INFO | 02_preprocess_pupil | Session 208/721 | PL033 | 49250fba-801c-4867-a0a7-a1e19538cb61 | extracting trial-level pupil features
2026-07-24 17:14:52,058 | INFO | 02_preprocess_pupil | Session 208/721 | PL033 | 49250fba-801c-4867-a0a7-a1e19538cb61 | feature extraction complete | stimulus windows valid=79.5% | feedback windows valid=69.9%
2026-07-24 17:14:52,058 | INFO | 02_preprocess_pupil | Session 208/721 complete | status=success | source=one | usable=True | missing=8.0% | session time=2m 05s | cumulative trials=132924/472728 | usable=173 | rejected=12 | failed=23 | elapsed=1h 22m 43s | ETA=3h 24m 01s
2026-07-24 17:14:52,059 | INFO | 02_preprocess_pupil | Session 209/721 | SWC_061 | 493170a6-fd94-4ee4-884f-cc018c17eeb9 | trials=686 | expected source=ONE | starting
2026-07-24 17:14:52,059 | INFO | 02_preprocess_pupil | Session 209/721 | SWC_061 | 493170a6-fd94-4ee4-884f-cc018c17eeb9 | cache miss; fetching trace from ONE
2026-07-24 17:14:52,059 | INFO | 02_preprocess_pupil | Session 209/721 | SWC_061 | 493170a6-fd94-4ee4-884f-cc018c17eeb9 | listing camera datasets
2026-07-24 17:14:56,529 | INFO | 02_preprocess_pupil | Session 209/721 | SWC_061 | 493170a6-fd94-4ee4-884f-cc018c17eeb9 | camera dataset listing complete | matches=8
2026-07-24 17:14:56,529 | INFO | 02_preprocess_pupil | Session 209/721 | SWC_061 | 493170a6-fd94-4ee4-884f-cc018c17eeb9 | loading DLC dataset alf/_ibl_leftCamera.dlc.pqt
2026-07-24 17:14:56,796 | INFO | 02_preprocess_pupil | Session 209/721 | SWC_061 | 493170a6-fd94-4ee4-884f-cc018c17eeb9 | DLC loaded | rows=291319 | columns=33
2026-07-24 17:14:56,796 | INFO | 02_preprocess_pupil | Session 209/721 | SWC_061 | 493170a6-fd94-4ee4-884f-cc018c17eeb9 | loading timestamp dataset alf/_ibl_leftCamera.times.npy
2026-07-24 17:14:56,945 | INFO | 02_preprocess_pupil | Session 209/721 | SWC_061 | 493170a6-fd94-4ee4-884f-cc018c17eeb9 | timestamps loaded | samples=291319 | duration=1h 21m 14s
2026-07-24 17:14:56,945 | INFO | 02_preprocess_pupil | Session 209/721 | SWC_061 | 493170a6-fd94-4ee4-884f-cc018c17eeb9 | thresholding DLC likelihoods
2026-07-24 17:14:56,984 | INFO | 02_preprocess_pupil | Session 209/721 | SWC_061 | 493170a6-fd94-4ee4-884f-cc018c17eeb9 | estimating raw pupil diameter
2026-07-24 17:14:57,153 | INFO | 02_preprocess_pupil | Session 209/721 | SWC_061 | 493170a6-fd94-4ee4-884f-cc018c17eeb9 | raw pupil diameter ready | samples=291319 | missing=26.1%
2026-07-24 17:14:57,154 | INFO | 02_preprocess_pupil | Session 209/721 | SWC_061 | 493170a6-fd94-4ee4-884f-cc018c17eeb9 | smoothing pupil diameter
2026-07-24 17:15:21,990 | INFO | 02_preprocess_pupil | Session 209/721 | SWC_061 | 493170a6-fd94-4ee4-884f-cc018c17eeb9 | smoothing complete | missing=3.0%
2026-07-24 17:15:21,991 | INFO | 02_preprocess_pupil | Session 209/721 | SWC_061 | 493170a6-fd94-4ee4-884f-cc018c17eeb9 | masking blink and velocity artifacts
2026-07-24 17:15:22,016 | INFO | 02_preprocess_pupil | Session 209/721 | SWC_061 | 493170a6-fd94-4ee4-884f-cc018c17eeb9 | trace cleaning complete | cleaned missing=16.9% | artifact fraction=16.9%
2026-07-24 17:15:22,017 | INFO | 02_preprocess_pupil | Session 209/721 | SWC_061 | 493170a6-fd94-4ee4-884f-cc018c17eeb9 | writing trace cache 493170a6-fd94-4ee4-884f-cc018c17eeb9.npz
2026-07-24 17:15:22,218 | INFO | 02_preprocess_pupil | Session 209/721 | SWC_061 | 493170a6-fd94-4ee4-884f-cc018c17eeb9 | trace cache written | size=4.9 MB
2026-07-24 17:15:22,219 | INFO | 02_preprocess_pupil | Session 209/721 | SWC_061 | 493170a6-fd94-4ee4-884f-cc018c17eeb9 | extracting trial-level pupil features
2026-07-24 17:15:22,869 | INFO | 02_preprocess_pupil | Session 209/721 | SWC_061 | 493170a6-fd94-4ee4-884f-cc018c17eeb9 | feature extraction complete | stimulus windows valid=48.8% | feedback windows valid=46.8%
2026-07-24 17:15:22,870 | INFO | 02_preprocess_pupil | Session 209/721 complete | status=success | source=one | usable=True | missing=16.9% | session time=31s | cumulative trials=133610/472728 | usable=174 | rejected=12 | failed=23 | elapsed=1h 23m 14s | ETA=3h 23m 54s
2026-07-24 17:15:22,870 | INFO | 02_preprocess_pupil | Session 210/721 | ibl_witten_13 | 49368f16-de69-4647-9a7a-761e94517821 | trials=544 | expected source=ONE | starting
2026-07-24 17:15:22,871 | INFO | 02_preprocess_pupil | Session 210/721 | ibl_witten_13 | 49368f16-de69-4647-9a7a-761e94517821 | cache miss; fetching trace from ONE
2026-07-24 17:15:22,871 | INFO | 02_preprocess_pupil | Session 210/721 | ibl_witten_13 | 49368f16-de69-4647-9a7a-761e94517821 | listing camera datasets
2026-07-24 17:15:25,657 | INFO | 02_preprocess_pupil | Session 210/721 | ibl_witten_13 | 49368f16-de69-4647-9a7a-761e94517821 | camera dataset listing complete | matches=8
2026-07-24 17:15:25,658 | INFO | 02_preprocess_pupil | Session 210/721 | ibl_witten_13 | 49368f16-de69-4647-9a7a-761e94517821 | loading DLC dataset alf/_ibl_leftCamera.dlc.pqt
2026-07-24 17:15:25,878 | INFO | 02_preprocess_pupil | Session 210/721 | ibl_witten_13 | 49368f16-de69-4647-9a7a-761e94517821 | DLC loaded | rows=256229 | columns=33
2026-07-24 17:15:25,878 | INFO | 02_preprocess_pupil | Session 210/721 | ibl_witten_13 | 49368f16-de69-4647-9a7a-761e94517821 | loading timestamp dataset alf/_ibl_leftCamera.times.npy
2026-07-24 17:15:26,029 | INFO | 02_preprocess_pupil | Session 210/721 | ibl_witten_13 | 49368f16-de69-4647-9a7a-761e94517821 | timestamps loaded | samples=256229 | duration=1h 11m 07s
2026-07-24 17:15:26,030 | INFO | 02_preprocess_pupil | Session 210/721 | ibl_witten_13 | 49368f16-de69-4647-9a7a-761e94517821 | thresholding DLC likelihoods
2026-07-24 17:15:26,076 | INFO | 02_preprocess_pupil | Session 210/721 | ibl_witten_13 | 49368f16-de69-4647-9a7a-761e94517821 | estimating raw pupil diameter
2026-07-24 17:15:26,295 | INFO | 02_preprocess_pupil | Session 210/721 | ibl_witten_13 | 49368f16-de69-4647-9a7a-761e94517821 | raw pupil diameter ready | samples=256229 | missing=75.2%
2026-07-24 17:15:26,295 | INFO | 02_preprocess_pupil | Session 210/721 | ibl_witten_13 | 49368f16-de69-4647-9a7a-761e94517821 | smoothing pupil diameter
2026-07-24 17:15:33,513 | INFO | 02_preprocess_pupil | Session 210/721 | ibl_witten_13 | 49368f16-de69-4647-9a7a-761e94517821 | smoothing complete | missing=42.1%
2026-07-24 17:15:33,513 | INFO | 02_preprocess_pupil | Session 210/721 | ibl_witten_13 | 49368f16-de69-4647-9a7a-761e94517821 | masking blink and velocity artifacts
2026-07-24 17:15:33,531 | INFO | 02_preprocess_pupil | Session 210/721 | ibl_witten_13 | 49368f16-de69-4647-9a7a-761e94517821 | trace cleaning complete | cleaned missing=57.9% | artifact fraction=57.9%
2026-07-24 17:15:33,531 | INFO | 02_preprocess_pupil | Session 210/721 | ibl_witten_13 | 49368f16-de69-4647-9a7a-761e94517821 | writing trace cache 49368f16-de69-4647-9a7a-761e94517821.npz
2026-07-24 17:15:33,641 | INFO | 02_preprocess_pupil | Session 210/721 | ibl_witten_13 | 49368f16-de69-4647-9a7a-761e94517821 | trace cache written | size=2.2 MB
2026-07-24 17:15:33,645 | INFO | 02_preprocess_pupil | Session 210/721 | ibl_witten_13 | 49368f16-de69-4647-9a7a-761e94517821 | trace rejected by cleaned-missingness QC | threshold=30.0%
2026-07-24 17:15:33,645 | INFO | 02_preprocess_pupil | Session 210/721 complete | status=rejected_missingness | source=one | usable=False | missing=57.9% | session time=11s | cumulative trials=134154/472728 | usable=174 | rejected=13 | failed=23 | elapsed=1h 23m 25s | ETA=3h 22m 58s
2026-07-24 17:15:33,646 | INFO | 02_preprocess_pupil | Session 211/721 | CSH_ZAD_019 | 49e0ab27-827a-4c91-bcaa-97eea27a1b8d | trials=884 | expected source=ONE | starting
2026-07-24 17:15:33,646 | INFO | 02_preprocess_pupil | Session 211/721 | CSH_ZAD_019 | 49e0ab27-827a-4c91-bcaa-97eea27a1b8d | cache miss; fetching trace from ONE
2026-07-24 17:15:33,646 | INFO | 02_preprocess_pupil | Session 211/721 | CSH_ZAD_019 | 49e0ab27-827a-4c91-bcaa-97eea27a1b8d | listing camera datasets
2026-07-24 17:15:36,575 | INFO | 02_preprocess_pupil | Session 211/721 | CSH_ZAD_019 | 49e0ab27-827a-4c91-bcaa-97eea27a1b8d | camera dataset listing complete | matches=7
2026-07-24 17:15:36,575 | INFO | 02_preprocess_pupil | Session 211/721 | CSH_ZAD_019 | 49e0ab27-827a-4c91-bcaa-97eea27a1b8d | loading DLC dataset alf/_ibl_leftCamera.dlc.pqt
2026-07-24 17:15:36,807 | INFO | 02_preprocess_pupil | Session 211/721 | CSH_ZAD_019 | 49e0ab27-827a-4c91-bcaa-97eea27a1b8d | DLC loaded | rows=327180 | columns=33
2026-07-24 17:15:36,808 | INFO | 02_preprocess_pupil | Session 211/721 | CSH_ZAD_019 | 49e0ab27-827a-4c91-bcaa-97eea27a1b8d | loading timestamp dataset alf/_ibl_leftCamera.times.npy
2026-07-24 17:15:36,952 | INFO | 02_preprocess_pupil | Session 211/721 | CSH_ZAD_019 | 49e0ab27-827a-4c91-bcaa-97eea27a1b8d | timestamps loaded | samples=327180 | duration=1h 30m 47s
2026-07-24 17:15:36,952 | INFO | 02_preprocess_pupil | Session 211/721 | CSH_ZAD_019 | 49e0ab27-827a-4c91-bcaa-97eea27a1b8d | thresholding DLC likelihoods
2026-07-24 17:15:37,012 | INFO | 02_preprocess_pupil | Session 211/721 | CSH_ZAD_019 | 49e0ab27-827a-4c91-bcaa-97eea27a1b8d | estimating raw pupil diameter
2026-07-24 17:15:37,351 | INFO | 02_preprocess_pupil | Session 211/721 | CSH_ZAD_019 | 49e0ab27-827a-4c91-bcaa-97eea27a1b8d | raw pupil diameter ready | samples=327180 | missing=100.0%
2026-07-24 17:15:37,352 | INFO | 02_preprocess_pupil | Session 211/721 | CSH_ZAD_019 | 49e0ab27-827a-4c91-bcaa-97eea27a1b8d | smoothing pupil diameter
2026-07-24 17:15:37,352 | WARNING | 02_preprocess_pupil | Session 211/721 failed | subject=CSH_ZAD_019 | eid=49e0ab27-827a-4c91-bcaa-97eea27a1b8d | session elapsed=4s | error=ValueError: Raw pupil diameter for left is too often NaN, cannot smooth.
2026-07-24 17:15:37,355 | INFO | 02_preprocess_pupil | Session 211/721 complete | status=failed | source=none | usable=False | missing=n/a | session time=4s | cumulative trials=135038/472728 | usable=174 | rejected=13 | failed=24 | elapsed=1h 23m 28s | ETA=3h 21m 46s
2026-07-24 17:15:37,355 | INFO | 02_preprocess_pupil | Session 212/721 | DY_020 | 4a45c8ba-db6f-4f11-9403-56e06a33dfa4 | trials=401 | expected source=ONE | starting
2026-07-24 17:15:37,356 | INFO | 02_preprocess_pupil | Session 212/721 | DY_020 | 4a45c8ba-db6f-4f11-9403-56e06a33dfa4 | cache miss; fetching trace from ONE
2026-07-24 17:15:37,356 | INFO | 02_preprocess_pupil | Session 212/721 | DY_020 | 4a45c8ba-db6f-4f11-9403-56e06a33dfa4 | listing camera datasets
2026-07-24 17:15:41,400 | INFO | 02_preprocess_pupil | Session 212/721 | DY_020 | 4a45c8ba-db6f-4f11-9403-56e06a33dfa4 | camera dataset listing complete | matches=10
2026-07-24 17:15:41,401 | INFO | 02_preprocess_pupil | Session 212/721 | DY_020 | 4a45c8ba-db6f-4f11-9403-56e06a33dfa4 | loading DLC dataset alf/_ibl_leftCamera.dlc.pqt
2026-07-24 17:16:37,358 | INFO | 02_preprocess_pupil | Session 212/721 | DY_020 | 4a45c8ba-db6f-4f11-9403-56e06a33dfa4 | still working | step=loading DLC dataset alf/_ibl_leftCamera.dlc.pqt | session elapsed=1m 00s
2026-07-24 17:17:22,722 | INFO | 02_preprocess_pupil | Session 212/721 | DY_020 | 4a45c8ba-db6f-4f11-9403-56e06a33dfa4 | DLC loaded | rows=285005 | columns=33
2026-07-24 17:17:22,723 | INFO | 02_preprocess_pupil | Session 212/721 | DY_020 | 4a45c8ba-db6f-4f11-9403-56e06a33dfa4 | loading timestamp dataset alf/_ibl_leftCamera.times.npy
2026-07-24 17:17:37,373 | INFO | 02_preprocess_pupil | Session 212/721 | DY_020 | 4a45c8ba-db6f-4f11-9403-56e06a33dfa4 | still working | step=loading timestamp dataset alf/_ibl_leftCamera.times.npy | session elapsed=2m 00s
2026-07-24 17:17:43,107 | INFO | 02_preprocess_pupil | Session 212/721 | DY_020 | 4a45c8ba-db6f-4f11-9403-56e06a33dfa4 | timestamps loaded | samples=285005 | duration=1h 19m 05s
2026-07-24 17:17:43,107 | INFO | 02_preprocess_pupil | Session 212/721 | DY_020 | 4a45c8ba-db6f-4f11-9403-56e06a33dfa4 | thresholding DLC likelihoods
2026-07-24 17:17:43,139 | INFO | 02_preprocess_pupil | Session 212/721 | DY_020 | 4a45c8ba-db6f-4f11-9403-56e06a33dfa4 | estimating raw pupil diameter
2026-07-24 17:17:43,248 | INFO | 02_preprocess_pupil | Session 212/721 | DY_020 | 4a45c8ba-db6f-4f11-9403-56e06a33dfa4 | raw pupil diameter ready | samples=285005 | missing=0.1%
2026-07-24 17:17:43,249 | INFO | 02_preprocess_pupil | Session 212/721 | DY_020 | 4a45c8ba-db6f-4f11-9403-56e06a33dfa4 | smoothing pupil diameter
2026-07-24 17:18:15,962 | INFO | 02_preprocess_pupil | Session 212/721 | DY_020 | 4a45c8ba-db6f-4f11-9403-56e06a33dfa4 | smoothing complete | missing=0.0%
2026-07-24 17:18:15,962 | INFO | 02_preprocess_pupil | Session 212/721 | DY_020 | 4a45c8ba-db6f-4f11-9403-56e06a33dfa4 | masking blink and velocity artifacts
2026-07-24 17:18:15,985 | INFO | 02_preprocess_pupil | Session 212/721 | DY_020 | 4a45c8ba-db6f-4f11-9403-56e06a33dfa4 | trace cleaning complete | cleaned missing=4.2% | artifact fraction=4.2%
2026-07-24 17:18:15,986 | INFO | 02_preprocess_pupil | Session 212/721 | DY_020 | 4a45c8ba-db6f-4f11-9403-56e06a33dfa4 | writing trace cache 4a45c8ba-db6f-4f11-9403-56e06a33dfa4.npz
2026-07-24 17:18:16,213 | INFO | 02_preprocess_pupil | Session 212/721 | DY_020 | 4a45c8ba-db6f-4f11-9403-56e06a33dfa4 | trace cache written | size=5.5 MB
2026-07-24 17:18:16,215 | INFO | 02_preprocess_pupil | Session 212/721 | DY_020 | 4a45c8ba-db6f-4f11-9403-56e06a33dfa4 | extracting trial-level pupil features
2026-07-24 17:18:16,592 | INFO | 02_preprocess_pupil | Session 212/721 | DY_020 | 4a45c8ba-db6f-4f11-9403-56e06a33dfa4 | feature extraction complete | stimulus windows valid=85.5% | feedback windows valid=87.5%
2026-07-24 17:18:16,593 | INFO | 02_preprocess_pupil | Session 212/721 complete | status=success | source=one | usable=True | missing=4.2% | session time=2m 39s | cumulative trials=135439/472728 | usable=175 | rejected=13 | failed=24 | elapsed=1h 26m 08s | ETA=3h 26m 47s
2026-07-24 17:18:16,594 | INFO | 02_preprocess_pupil | Session 213/721 | SH017 | 4a5c5a5f-3829-4026-9201-ea38c8ef65dd | trials=625 | expected source=ONE | starting
2026-07-24 17:18:16,595 | INFO | 02_preprocess_pupil | Session 213/721 | SH017 | 4a5c5a5f-3829-4026-9201-ea38c8ef65dd | cache miss; fetching trace from ONE
2026-07-24 17:18:16,595 | INFO | 02_preprocess_pupil | Session 213/721 | SH017 | 4a5c5a5f-3829-4026-9201-ea38c8ef65dd | listing camera datasets
2026-07-24 17:18:18,935 | INFO | 02_preprocess_pupil | Session 213/721 | SH017 | 4a5c5a5f-3829-4026-9201-ea38c8ef65dd | camera dataset listing complete | matches=4
2026-07-24 17:18:18,935 | INFO | 02_preprocess_pupil | Session 213/721 | SH017 | 4a5c5a5f-3829-4026-9201-ea38c8ef65dd | loading DLC dataset alf/_ibl_leftCamera.dlc.pqt
2026-07-24 17:18:19,233 | INFO | 02_preprocess_pupil | Session 213/721 | SH017 | 4a5c5a5f-3829-4026-9201-ea38c8ef65dd | DLC loaded | rows=414203 | columns=33
2026-07-24 17:18:19,233 | INFO | 02_preprocess_pupil | Session 213/721 | SH017 | 4a5c5a5f-3829-4026-9201-ea38c8ef65dd | loading timestamp dataset alf/_ibl_leftCamera.times.npy
2026-07-24 17:18:19,370 | INFO | 02_preprocess_pupil | Session 213/721 | SH017 | 4a5c5a5f-3829-4026-9201-ea38c8ef65dd | timestamps loaded | samples=414203 | duration=1h 54m 56s
2026-07-24 17:18:19,370 | INFO | 02_preprocess_pupil | Session 213/721 | SH017 | 4a5c5a5f-3829-4026-9201-ea38c8ef65dd | thresholding DLC likelihoods
2026-07-24 17:18:19,445 | INFO | 02_preprocess_pupil | Session 213/721 | SH017 | 4a5c5a5f-3829-4026-9201-ea38c8ef65dd | estimating raw pupil diameter
2026-07-24 17:18:19,875 | INFO | 02_preprocess_pupil | Session 213/721 | SH017 | 4a5c5a5f-3829-4026-9201-ea38c8ef65dd | raw pupil diameter ready | samples=414203 | missing=98.7%
2026-07-24 17:18:19,875 | INFO | 02_preprocess_pupil | Session 213/721 | SH017 | 4a5c5a5f-3829-4026-9201-ea38c8ef65dd | smoothing pupil diameter
2026-07-24 17:18:19,876 | WARNING | 02_preprocess_pupil | Session 213/721 failed | subject=SH017 | eid=4a5c5a5f-3829-4026-9201-ea38c8ef65dd | session elapsed=3s | error=ValueError: Raw pupil diameter for left is too often NaN, cannot smooth.
2026-07-24 17:18:19,879 | INFO | 02_preprocess_pupil | Session 213/721 complete | status=failed | source=none | usable=False | missing=n/a | session time=3s | cumulative trials=136064/472728 | usable=175 | rejected=13 | failed=25 | elapsed=1h 26m 11s | ETA=3h 25m 33s
2026-07-24 17:18:19,879 | INFO | 02_preprocess_pupil | Session 214/721 | ZFM-01936 | 4aa1d525-5c7d-4c50-a147-ec53a9014812 | trials=564 | expected source=ONE | starting
2026-07-24 17:18:19,880 | INFO | 02_preprocess_pupil | Session 214/721 | ZFM-01936 | 4aa1d525-5c7d-4c50-a147-ec53a9014812 | cache miss; fetching trace from ONE
2026-07-24 17:18:19,880 | INFO | 02_preprocess_pupil | Session 214/721 | ZFM-01936 | 4aa1d525-5c7d-4c50-a147-ec53a9014812 | listing camera datasets
2026-07-24 17:18:22,172 | INFO | 02_preprocess_pupil | Session 214/721 | ZFM-01936 | 4aa1d525-5c7d-4c50-a147-ec53a9014812 | camera dataset listing complete | matches=8
2026-07-24 17:18:22,172 | INFO | 02_preprocess_pupil | Session 214/721 | ZFM-01936 | 4aa1d525-5c7d-4c50-a147-ec53a9014812 | loading DLC dataset alf/_ibl_leftCamera.dlc.pqt
2026-07-24 17:18:22,363 | INFO | 02_preprocess_pupil | Session 214/721 | ZFM-01936 | 4aa1d525-5c7d-4c50-a147-ec53a9014812 | DLC loaded | rows=252174 | columns=33
2026-07-24 17:18:22,364 | INFO | 02_preprocess_pupil | Session 214/721 | ZFM-01936 | 4aa1d525-5c7d-4c50-a147-ec53a9014812 | loading timestamp dataset alf/_ibl_leftCamera.times.npy
2026-07-24 17:18:22,481 | INFO | 02_preprocess_pupil | Session 214/721 | ZFM-01936 | 4aa1d525-5c7d-4c50-a147-ec53a9014812 | timestamps loaded | samples=252174 | duration=1h 09m 57s
2026-07-24 17:18:22,481 | INFO | 02_preprocess_pupil | Session 214/721 | ZFM-01936 | 4aa1d525-5c7d-4c50-a147-ec53a9014812 | thresholding DLC likelihoods
2026-07-24 17:18:22,507 | INFO | 02_preprocess_pupil | Session 214/721 | ZFM-01936 | 4aa1d525-5c7d-4c50-a147-ec53a9014812 | estimating raw pupil diameter
2026-07-24 17:18:22,585 | INFO | 02_preprocess_pupil | Session 214/721 | ZFM-01936 | 4aa1d525-5c7d-4c50-a147-ec53a9014812 | raw pupil diameter ready | samples=252174 | missing=0.2%
2026-07-24 17:18:22,585 | INFO | 02_preprocess_pupil | Session 214/721 | ZFM-01936 | 4aa1d525-5c7d-4c50-a147-ec53a9014812 | smoothing pupil diameter
2026-07-24 17:18:51,466 | INFO | 02_preprocess_pupil | Session 214/721 | ZFM-01936 | 4aa1d525-5c7d-4c50-a147-ec53a9014812 | smoothing complete | missing=0.0%
2026-07-24 17:18:51,467 | INFO | 02_preprocess_pupil | Session 214/721 | ZFM-01936 | 4aa1d525-5c7d-4c50-a147-ec53a9014812 | masking blink and velocity artifacts
2026-07-24 17:18:51,487 | INFO | 02_preprocess_pupil | Session 214/721 | ZFM-01936 | 4aa1d525-5c7d-4c50-a147-ec53a9014812 | trace cleaning complete | cleaned missing=3.4% | artifact fraction=3.4%
2026-07-24 17:18:51,487 | INFO | 02_preprocess_pupil | Session 214/721 | ZFM-01936 | 4aa1d525-5c7d-4c50-a147-ec53a9014812 | writing trace cache 4aa1d525-5c7d-4c50-a147-ec53a9014812.npz
2026-07-24 17:18:51,679 | INFO | 02_preprocess_pupil | Session 214/721 | ZFM-01936 | 4aa1d525-5c7d-4c50-a147-ec53a9014812 | trace cache written | size=4.9 MB
2026-07-24 17:18:51,681 | INFO | 02_preprocess_pupil | Session 214/721 | ZFM-01936 | 4aa1d525-5c7d-4c50-a147-ec53a9014812 | extracting trial-level pupil features
2026-07-24 17:18:52,176 | INFO | 02_preprocess_pupil | Session 214/721 | ZFM-01936 | 4aa1d525-5c7d-4c50-a147-ec53a9014812 | feature extraction complete | stimulus windows valid=80.5% | feedback windows valid=81.4%
2026-07-24 17:18:52,177 | INFO | 02_preprocess_pupil | Session 214/721 complete | status=success | source=one | usable=True | missing=3.4% | session time=32s | cumulative trials=136628/472728 | usable=176 | rejected=13 | failed=25 | elapsed=1h 26m 43s | ETA=3h 25m 27s
2026-07-24 17:18:52,177 | INFO | 02_preprocess_pupil | Session 215/721 | CSHL052 | 4b00df29-3769-43be-bb40-128b1cba6d35 | trials=812 | expected source=ONE | starting
2026-07-24 17:18:52,178 | INFO | 02_preprocess_pupil | Session 215/721 | CSHL052 | 4b00df29-3769-43be-bb40-128b1cba6d35 | cache miss; fetching trace from ONE
2026-07-24 17:18:52,178 | INFO | 02_preprocess_pupil | Session 215/721 | CSHL052 | 4b00df29-3769-43be-bb40-128b1cba6d35 | listing camera datasets
2026-07-24 17:18:56,004 | INFO | 02_preprocess_pupil | Session 215/721 | CSHL052 | 4b00df29-3769-43be-bb40-128b1cba6d35 | camera dataset listing complete | matches=10
2026-07-24 17:18:56,004 | INFO | 02_preprocess_pupil | Session 215/721 | CSHL052 | 4b00df29-3769-43be-bb40-128b1cba6d35 | loading DLC dataset alf/_ibl_leftCamera.dlc.pqt
2026-07-24 17:18:56,256 | INFO | 02_preprocess_pupil | Session 215/721 | CSHL052 | 4b00df29-3769-43be-bb40-128b1cba6d35 | DLC loaded | rows=272115 | columns=33
2026-07-24 17:18:56,256 | INFO | 02_preprocess_pupil | Session 215/721 | CSHL052 | 4b00df29-3769-43be-bb40-128b1cba6d35 | loading timestamp dataset alf/#2023-04-20#/_ibl_leftCamera.times.npy
2026-07-24 17:18:56,402 | INFO | 02_preprocess_pupil | Session 215/721 | CSHL052 | 4b00df29-3769-43be-bb40-128b1cba6d35 | timestamps loaded | samples=272115 | duration=1h 14m 26s
2026-07-24 17:18:56,402 | INFO | 02_preprocess_pupil | Session 215/721 | CSHL052 | 4b00df29-3769-43be-bb40-128b1cba6d35 | thresholding DLC likelihoods
2026-07-24 17:18:56,432 | INFO | 02_preprocess_pupil | Session 215/721 | CSHL052 | 4b00df29-3769-43be-bb40-128b1cba6d35 | estimating raw pupil diameter
2026-07-24 17:18:56,516 | INFO | 02_preprocess_pupil | Session 215/721 | CSHL052 | 4b00df29-3769-43be-bb40-128b1cba6d35 | raw pupil diameter ready | samples=272115 | missing=0.1%
2026-07-24 17:18:56,516 | INFO | 02_preprocess_pupil | Session 215/721 | CSHL052 | 4b00df29-3769-43be-bb40-128b1cba6d35 | smoothing pupil diameter
2026-07-24 17:19:27,281 | INFO | 02_preprocess_pupil | Session 215/721 | CSHL052 | 4b00df29-3769-43be-bb40-128b1cba6d35 | smoothing complete | missing=0.0%
2026-07-24 17:19:27,282 | INFO | 02_preprocess_pupil | Session 215/721 | CSHL052 | 4b00df29-3769-43be-bb40-128b1cba6d35 | masking blink and velocity artifacts
2026-07-24 17:19:27,303 | INFO | 02_preprocess_pupil | Session 215/721 | CSHL052 | 4b00df29-3769-43be-bb40-128b1cba6d35 | trace cleaning complete | cleaned missing=5.0% | artifact fraction=5.0%
2026-07-24 17:19:27,304 | INFO | 02_preprocess_pupil | Session 215/721 | CSHL052 | 4b00df29-3769-43be-bb40-128b1cba6d35 | writing trace cache 4b00df29-3769-43be-bb40-128b1cba6d35.npz
2026-07-24 17:19:27,528 | INFO | 02_preprocess_pupil | Session 215/721 | CSHL052 | 4b00df29-3769-43be-bb40-128b1cba6d35 | trace cache written | size=4.7 MB
2026-07-24 17:19:27,529 | INFO | 02_preprocess_pupil | Session 215/721 | CSHL052 | 4b00df29-3769-43be-bb40-128b1cba6d35 | extracting trial-level pupil features
2026-07-24 17:19:28,248 | INFO | 02_preprocess_pupil | Session 215/721 | CSHL052 | 4b00df29-3769-43be-bb40-128b1cba6d35 | feature extraction complete | stimulus windows valid=92.7% | feedback windows valid=94.3%
2026-07-24 17:19:28,249 | INFO | 02_preprocess_pupil | Session 215/721 complete | status=success | source=one | usable=True | missing=5.0% | session time=36s | cumulative trials=137440/472728 | usable=177 | rejected=13 | failed=25 | elapsed=1h 27m 19s | ETA=3h 25m 31s
2026-07-24 17:19:28,250 | INFO | 02_preprocess_pupil | Session 216/721 | CSHL049 | 4b7fbad4-f6de-43b4-9b15-c7c7ef44db4b | trials=842 | expected source=cache | starting
2026-07-24 17:19:28,251 | INFO | 02_preprocess_pupil | Session 216/721 | CSHL049 | 4b7fbad4-f6de-43b4-9b15-c7c7ef44db4b | loading cached trace 4b7fbad4-f6de-43b4-9b15-c7c7ef44db4b.npz | size=5.6 MB
2026-07-24 17:19:28,281 | INFO | 02_preprocess_pupil | Session 216/721 | CSHL049 | 4b7fbad4-f6de-43b4-9b15-c7c7ef44db4b | cached trace loaded | samples=311606 | cleaned missing=3.3%
2026-07-24 17:19:28,283 | INFO | 02_preprocess_pupil | Session 216/721 | CSHL049 | 4b7fbad4-f6de-43b4-9b15-c7c7ef44db4b | extracting trial-level pupil features
2026-07-24 17:19:29,135 | INFO | 02_preprocess_pupil | Session 216/721 | CSHL049 | 4b7fbad4-f6de-43b4-9b15-c7c7ef44db4b | feature extraction complete | stimulus windows valid=91.2% | feedback windows valid=91.7%
2026-07-24 17:19:29,136 | INFO | 02_preprocess_pupil | Session 216/721 complete | status=success | source=cache | usable=True | missing=3.3% | session time=1s | cumulative trials=138282/472728 | usable=178 | rejected=13 | failed=25 | elapsed=1h 27m 20s | ETA=3h 24m 12s
2026-07-24 17:19:29,137 | INFO | 02_preprocess_pupil | Session 217/721 | CSK-im-001 | 4b8c22d7-a4d2-4924-84b0-76ec242a2f3b | trials=525 | expected source=ONE | starting
2026-07-24 17:19:29,138 | INFO | 02_preprocess_pupil | Session 217/721 | CSK-im-001 | 4b8c22d7-a4d2-4924-84b0-76ec242a2f3b | cache miss; fetching trace from ONE
2026-07-24 17:19:29,138 | INFO | 02_preprocess_pupil | Session 217/721 | CSK-im-001 | 4b8c22d7-a4d2-4924-84b0-76ec242a2f3b | listing camera datasets
2026-07-24 17:19:30,159 | INFO | 02_preprocess_pupil | Session 217/721 | CSK-im-001 | 4b8c22d7-a4d2-4924-84b0-76ec242a2f3b | camera dataset listing complete | matches=5
2026-07-24 17:19:30,160 | INFO | 02_preprocess_pupil | Session 217/721 | CSK-im-001 | 4b8c22d7-a4d2-4924-84b0-76ec242a2f3b | loading DLC dataset alf/_ibl_leftCamera.dlc.pqt
2026-07-24 17:19:30,337 | INFO | 02_preprocess_pupil | Session 217/721 | CSK-im-001 | 4b8c22d7-a4d2-4924-84b0-76ec242a2f3b | DLC loaded | rows=159389 | columns=33
2026-07-24 17:19:30,337 | INFO | 02_preprocess_pupil | Session 217/721 | CSK-im-001 | 4b8c22d7-a4d2-4924-84b0-76ec242a2f3b | loading timestamp dataset alf/_ibl_leftCamera.times.npy
2026-07-24 17:19:30,465 | INFO | 02_preprocess_pupil | Session 217/721 | CSK-im-001 | 4b8c22d7-a4d2-4924-84b0-76ec242a2f3b | timestamps loaded | samples=159389 | duration=44m 14s
2026-07-24 17:19:30,465 | INFO | 02_preprocess_pupil | Session 217/721 | CSK-im-001 | 4b8c22d7-a4d2-4924-84b0-76ec242a2f3b | thresholding DLC likelihoods
2026-07-24 17:19:30,490 | INFO | 02_preprocess_pupil | Session 217/721 | CSK-im-001 | 4b8c22d7-a4d2-4924-84b0-76ec242a2f3b | estimating raw pupil diameter
2026-07-24 17:19:30,561 | INFO | 02_preprocess_pupil | Session 217/721 | CSK-im-001 | 4b8c22d7-a4d2-4924-84b0-76ec242a2f3b | raw pupil diameter ready | samples=159389 | missing=18.6%
2026-07-24 17:19:30,561 | INFO | 02_preprocess_pupil | Session 217/721 | CSK-im-001 | 4b8c22d7-a4d2-4924-84b0-76ec242a2f3b | smoothing pupil diameter
2026-07-24 17:19:45,279 | INFO | 02_preprocess_pupil | Session 217/721 | CSK-im-001 | 4b8c22d7-a4d2-4924-84b0-76ec242a2f3b | smoothing complete | missing=0.5%
2026-07-24 17:19:45,279 | INFO | 02_preprocess_pupil | Session 217/721 | CSK-im-001 | 4b8c22d7-a4d2-4924-84b0-76ec242a2f3b | masking blink and velocity artifacts
2026-07-24 17:19:45,292 | INFO | 02_preprocess_pupil | Session 217/721 | CSK-im-001 | 4b8c22d7-a4d2-4924-84b0-76ec242a2f3b | trace cleaning complete | cleaned missing=22.1% | artifact fraction=22.1%
2026-07-24 17:19:45,292 | INFO | 02_preprocess_pupil | Session 217/721 | CSK-im-001 | 4b8c22d7-a4d2-4924-84b0-76ec242a2f3b | writing trace cache 4b8c22d7-a4d2-4924-84b0-76ec242a2f3b.npz
2026-07-24 17:19:45,425 | INFO | 02_preprocess_pupil | Session 217/721 | CSK-im-001 | 4b8c22d7-a4d2-4924-84b0-76ec242a2f3b | trace cache written | size=2.7 MB
2026-07-24 17:19:45,426 | INFO | 02_preprocess_pupil | Session 217/721 | CSK-im-001 | 4b8c22d7-a4d2-4924-84b0-76ec242a2f3b | extracting trial-level pupil features
2026-07-24 17:19:45,718 | INFO | 02_preprocess_pupil | Session 217/721 | CSK-im-001 | 4b8c22d7-a4d2-4924-84b0-76ec242a2f3b | feature extraction complete | stimulus windows valid=51.0% | feedback windows valid=43.4%
2026-07-24 17:19:45,718 | INFO | 02_preprocess_pupil | Session 217/721 complete | status=success | source=one | usable=True | missing=22.1% | session time=17s | cumulative trials=138807/472728 | usable=179 | rejected=13 | failed=25 | elapsed=1h 27m 37s | ETA=3h 23m 29s
2026-07-24 17:19:45,719 | INFO | 02_preprocess_pupil | Session 218/721 | NYU-43 | 4c3542e6-295c-4aa7-a5a9-efe8b89191d7 | trials=610 | expected source=ONE | starting
2026-07-24 17:19:45,720 | INFO | 02_preprocess_pupil | Session 218/721 | NYU-43 | 4c3542e6-295c-4aa7-a5a9-efe8b89191d7 | cache miss; fetching trace from ONE
2026-07-24 17:19:45,720 | INFO | 02_preprocess_pupil | Session 218/721 | NYU-43 | 4c3542e6-295c-4aa7-a5a9-efe8b89191d7 | listing camera datasets
2026-07-24 17:19:47,923 | INFO | 02_preprocess_pupil | Session 218/721 | NYU-43 | 4c3542e6-295c-4aa7-a5a9-efe8b89191d7 | camera dataset listing complete | matches=5
2026-07-24 17:19:47,924 | INFO | 02_preprocess_pupil | Session 218/721 | NYU-43 | 4c3542e6-295c-4aa7-a5a9-efe8b89191d7 | loading DLC dataset alf/_ibl_leftCamera.dlc.pqt
2026-07-24 17:19:48,154 | INFO | 02_preprocess_pupil | Session 218/721 | NYU-43 | 4c3542e6-295c-4aa7-a5a9-efe8b89191d7 | DLC loaded | rows=338165 | columns=33
2026-07-24 17:19:48,154 | INFO | 02_preprocess_pupil | Session 218/721 | NYU-43 | 4c3542e6-295c-4aa7-a5a9-efe8b89191d7 | loading timestamp dataset alf/_ibl_leftCamera.times.npy
2026-07-24 17:19:48,299 | INFO | 02_preprocess_pupil | Session 218/721 | NYU-43 | 4c3542e6-295c-4aa7-a5a9-efe8b89191d7 | timestamps loaded | samples=338165 | duration=1h 33m 52s
2026-07-24 17:19:48,300 | INFO | 02_preprocess_pupil | Session 218/721 | NYU-43 | 4c3542e6-295c-4aa7-a5a9-efe8b89191d7 | thresholding DLC likelihoods
2026-07-24 17:19:48,351 | INFO | 02_preprocess_pupil | Session 218/721 | NYU-43 | 4c3542e6-295c-4aa7-a5a9-efe8b89191d7 | estimating raw pupil diameter
2026-07-24 17:19:48,486 | INFO | 02_preprocess_pupil | Session 218/721 | NYU-43 | 4c3542e6-295c-4aa7-a5a9-efe8b89191d7 | raw pupil diameter ready | samples=338165 | missing=12.5%
2026-07-24 17:19:48,486 | INFO | 02_preprocess_pupil | Session 218/721 | NYU-43 | 4c3542e6-295c-4aa7-a5a9-efe8b89191d7 | smoothing pupil diameter
2026-07-24 17:20:22,057 | INFO | 02_preprocess_pupil | Session 218/721 | NYU-43 | 4c3542e6-295c-4aa7-a5a9-efe8b89191d7 | smoothing complete | missing=3.8%
2026-07-24 17:20:22,057 | INFO | 02_preprocess_pupil | Session 218/721 | NYU-43 | 4c3542e6-295c-4aa7-a5a9-efe8b89191d7 | masking blink and velocity artifacts
2026-07-24 17:20:22,088 | INFO | 02_preprocess_pupil | Session 218/721 | NYU-43 | 4c3542e6-295c-4aa7-a5a9-efe8b89191d7 | trace cleaning complete | cleaned missing=10.3% | artifact fraction=10.3%
2026-07-24 17:20:22,088 | INFO | 02_preprocess_pupil | Session 218/721 | NYU-43 | 4c3542e6-295c-4aa7-a5a9-efe8b89191d7 | writing trace cache 4c3542e6-295c-4aa7-a5a9-efe8b89191d7.npz
2026-07-24 17:20:22,333 | INFO | 02_preprocess_pupil | Session 218/721 | NYU-43 | 4c3542e6-295c-4aa7-a5a9-efe8b89191d7 | trace cache written | size=6.1 MB
2026-07-24 17:20:22,335 | INFO | 02_preprocess_pupil | Session 218/721 | NYU-43 | 4c3542e6-295c-4aa7-a5a9-efe8b89191d7 | extracting trial-level pupil features
2026-07-24 17:20:23,003 | INFO | 02_preprocess_pupil | Session 218/721 | NYU-43 | 4c3542e6-295c-4aa7-a5a9-efe8b89191d7 | feature extraction complete | stimulus windows valid=74.4% | feedback windows valid=63.8%
2026-07-24 17:20:23,003 | INFO | 02_preprocess_pupil | Session 218/721 complete | status=success | source=one | usable=True | missing=10.3% | session time=37s | cumulative trials=139417/472728 | usable=180 | rejected=13 | failed=25 | elapsed=1h 28m 14s | ETA=3h 23m 35s
2026-07-24 17:20:23,004 | INFO | 02_preprocess_pupil | Session 219/721 | ZFM-04811 | 4e24001d-de3e-4737-b20c-97a4b252c8cd | trials=697 | expected source=ONE | starting
2026-07-24 17:20:23,005 | INFO | 02_preprocess_pupil | Session 219/721 | ZFM-04811 | 4e24001d-de3e-4737-b20c-97a4b252c8cd | cache miss; fetching trace from ONE
2026-07-24 17:20:23,005 | INFO | 02_preprocess_pupil | Session 219/721 | ZFM-04811 | 4e24001d-de3e-4737-b20c-97a4b252c8cd | listing camera datasets
2026-07-24 17:20:23,872 | INFO | 02_preprocess_pupil | Session 219/721 | ZFM-04811 | 4e24001d-de3e-4737-b20c-97a4b252c8cd | camera dataset listing complete | matches=5
2026-07-24 17:20:23,872 | INFO | 02_preprocess_pupil | Session 219/721 | ZFM-04811 | 4e24001d-de3e-4737-b20c-97a4b252c8cd | loading DLC dataset alf/_ibl_leftCamera.dlc.pqt
2026-07-24 17:21:23,016 | INFO | 02_preprocess_pupil | Session 219/721 | ZFM-04811 | 4e24001d-de3e-4737-b20c-97a4b252c8cd | still working | step=loading DLC dataset alf/_ibl_leftCamera.dlc.pqt | session elapsed=1m 00s
2026-07-24 17:22:03,035 | INFO | 02_preprocess_pupil | Session 219/721 | ZFM-04811 | 4e24001d-de3e-4737-b20c-97a4b252c8cd | DLC loaded | rows=248503 | columns=33
2026-07-24 17:22:03,036 | INFO | 02_preprocess_pupil | Session 219/721 | ZFM-04811 | 4e24001d-de3e-4737-b20c-97a4b252c8cd | loading timestamp dataset alf/_ibl_leftCamera.times.npy
2026-07-24 17:22:23,026 | INFO | 02_preprocess_pupil | Session 219/721 | ZFM-04811 | 4e24001d-de3e-4737-b20c-97a4b252c8cd | still working | step=loading timestamp dataset alf/_ibl_leftCamera.times.npy | session elapsed=2m 00s
2026-07-24 17:22:24,291 | INFO | 02_preprocess_pupil | Session 219/721 | ZFM-04811 | 4e24001d-de3e-4737-b20c-97a4b252c8cd | timestamps loaded | samples=248503 | duration=1h 08m 55s
2026-07-24 17:22:24,292 | INFO | 02_preprocess_pupil | Session 219/721 | ZFM-04811 | 4e24001d-de3e-4737-b20c-97a4b252c8cd | thresholding DLC likelihoods
2026-07-24 17:22:24,322 | INFO | 02_preprocess_pupil | Session 219/721 | ZFM-04811 | 4e24001d-de3e-4737-b20c-97a4b252c8cd | estimating raw pupil diameter
2026-07-24 17:22:24,438 | INFO | 02_preprocess_pupil | Session 219/721 | ZFM-04811 | 4e24001d-de3e-4737-b20c-97a4b252c8cd | raw pupil diameter ready | samples=248503 | missing=9.2%
2026-07-24 17:22:24,439 | INFO | 02_preprocess_pupil | Session 219/721 | ZFM-04811 | 4e24001d-de3e-4737-b20c-97a4b252c8cd | smoothing pupil diameter
2026-07-24 17:22:50,268 | INFO | 02_preprocess_pupil | Session 219/721 | ZFM-04811 | 4e24001d-de3e-4737-b20c-97a4b252c8cd | smoothing complete | missing=1.7%
2026-07-24 17:22:50,268 | INFO | 02_preprocess_pupil | Session 219/721 | ZFM-04811 | 4e24001d-de3e-4737-b20c-97a4b252c8cd | masking blink and velocity artifacts
2026-07-24 17:22:50,289 | INFO | 02_preprocess_pupil | Session 219/721 | ZFM-04811 | 4e24001d-de3e-4737-b20c-97a4b252c8cd | trace cleaning complete | cleaned missing=9.7% | artifact fraction=9.7%
2026-07-24 17:22:50,290 | INFO | 02_preprocess_pupil | Session 219/721 | ZFM-04811 | 4e24001d-de3e-4737-b20c-97a4b252c8cd | writing trace cache 4e24001d-de3e-4737-b20c-97a4b252c8cd.npz
2026-07-24 17:22:50,463 | INFO | 02_preprocess_pupil | Session 219/721 | ZFM-04811 | 4e24001d-de3e-4737-b20c-97a4b252c8cd | trace cache written | size=4.2 MB
2026-07-24 17:22:50,464 | INFO | 02_preprocess_pupil | Session 219/721 | ZFM-04811 | 4e24001d-de3e-4737-b20c-97a4b252c8cd | extracting trial-level pupil features
2026-07-24 17:22:51,032 | INFO | 02_preprocess_pupil | Session 219/721 | ZFM-04811 | 4e24001d-de3e-4737-b20c-97a4b252c8cd | feature extraction complete | stimulus windows valid=70.4% | feedback windows valid=73.2%
2026-07-24 17:22:51,032 | INFO | 02_preprocess_pupil | Session 219/721 complete | status=success | source=one | usable=True | missing=9.7% | session time=2m 28s | cumulative trials=140114/472728 | usable=181 | rejected=13 | failed=25 | elapsed=1h 30m 42s | ETA=3h 27m 55s
2026-07-24 17:22:51,033 | INFO | 02_preprocess_pupil | Session 220/721 | NR_0029 | 4e560423-5caf-4cda-8511-d1ab4cd2bf7d | trials=575 | expected source=ONE | starting
2026-07-24 17:22:51,034 | INFO | 02_preprocess_pupil | Session 220/721 | NR_0029 | 4e560423-5caf-4cda-8511-d1ab4cd2bf7d | cache miss; fetching trace from ONE
2026-07-24 17:22:51,034 | INFO | 02_preprocess_pupil | Session 220/721 | NR_0029 | 4e560423-5caf-4cda-8511-d1ab4cd2bf7d | listing camera datasets
2026-07-24 17:22:54,290 | INFO | 02_preprocess_pupil | Session 220/721 | NR_0029 | 4e560423-5caf-4cda-8511-d1ab4cd2bf7d | camera dataset listing complete | matches=8
2026-07-24 17:22:54,290 | INFO | 02_preprocess_pupil | Session 220/721 | NR_0029 | 4e560423-5caf-4cda-8511-d1ab4cd2bf7d | loading DLC dataset alf/_ibl_leftCamera.dlc.pqt
2026-07-24 17:23:51,038 | INFO | 02_preprocess_pupil | Session 220/721 | NR_0029 | 4e560423-5caf-4cda-8511-d1ab4cd2bf7d | still working | step=loading DLC dataset alf/_ibl_leftCamera.dlc.pqt | session elapsed=1m 00s
2026-07-24 17:24:45,561 | INFO | 02_preprocess_pupil | Session 220/721 | NR_0029 | 4e560423-5caf-4cda-8511-d1ab4cd2bf7d | DLC loaded | rows=269928 | columns=33
2026-07-24 17:24:45,562 | INFO | 02_preprocess_pupil | Session 220/721 | NR_0029 | 4e560423-5caf-4cda-8511-d1ab4cd2bf7d | loading timestamp dataset alf/_ibl_leftCamera.times.npy
2026-07-24 17:24:47,838 | INFO | 02_preprocess_pupil | Session 220/721 | NR_0029 | 4e560423-5caf-4cda-8511-d1ab4cd2bf7d | timestamps loaded | samples=269928 | duration=1h 14m 54s
2026-07-24 17:24:47,838 | INFO | 02_preprocess_pupil | Session 220/721 | NR_0029 | 4e560423-5caf-4cda-8511-d1ab4cd2bf7d | thresholding DLC likelihoods
2026-07-24 17:24:47,876 | INFO | 02_preprocess_pupil | Session 220/721 | NR_0029 | 4e560423-5caf-4cda-8511-d1ab4cd2bf7d | estimating raw pupil diameter
2026-07-24 17:24:48,004 | INFO | 02_preprocess_pupil | Session 220/721 | NR_0029 | 4e560423-5caf-4cda-8511-d1ab4cd2bf7d | raw pupil diameter ready | samples=269928 | missing=13.2%
2026-07-24 17:24:48,004 | INFO | 02_preprocess_pupil | Session 220/721 | NR_0029 | 4e560423-5caf-4cda-8511-d1ab4cd2bf7d | smoothing pupil diameter
2026-07-24 17:24:51,066 | INFO | 02_preprocess_pupil | Session 220/721 | NR_0029 | 4e560423-5caf-4cda-8511-d1ab4cd2bf7d | still working | step=smoothing pupil diameter | session elapsed=2m 00s
2026-07-24 17:25:14,906 | INFO | 02_preprocess_pupil | Session 220/721 | NR_0029 | 4e560423-5caf-4cda-8511-d1ab4cd2bf7d | smoothing complete | missing=2.8%
2026-07-24 17:25:14,906 | INFO | 02_preprocess_pupil | Session 220/721 | NR_0029 | 4e560423-5caf-4cda-8511-d1ab4cd2bf7d | masking blink and velocity artifacts
2026-07-24 17:25:14,931 | INFO | 02_preprocess_pupil | Session 220/721 | NR_0029 | 4e560423-5caf-4cda-8511-d1ab4cd2bf7d | trace cleaning complete | cleaned missing=9.8% | artifact fraction=9.8%
2026-07-24 17:25:14,932 | INFO | 02_preprocess_pupil | Session 220/721 | NR_0029 | 4e560423-5caf-4cda-8511-d1ab4cd2bf7d | writing trace cache 4e560423-5caf-4cda-8511-d1ab4cd2bf7d.npz
2026-07-24 17:25:15,129 | INFO | 02_preprocess_pupil | Session 220/721 | NR_0029 | 4e560423-5caf-4cda-8511-d1ab4cd2bf7d | trace cache written | size=4.9 MB
2026-07-24 17:25:15,130 | INFO | 02_preprocess_pupil | Session 220/721 | NR_0029 | 4e560423-5caf-4cda-8511-d1ab4cd2bf7d | extracting trial-level pupil features
2026-07-24 17:25:15,632 | INFO | 02_preprocess_pupil | Session 220/721 | NR_0029 | 4e560423-5caf-4cda-8511-d1ab4cd2bf7d | feature extraction complete | stimulus windows valid=69.7% | feedback windows valid=60.3%
2026-07-24 17:25:15,633 | INFO | 02_preprocess_pupil | Session 220/721 complete | status=success | source=one | usable=True | missing=9.8% | session time=2m 25s | cumulative trials=140689/472728 | usable=182 | rejected=13 | failed=25 | elapsed=1h 33m 07s | ETA=3h 32m 03s
2026-07-24 17:25:15,634 | INFO | 02_preprocess_pupil | Session 221/721 | SWC_043 | 4ecb5d24-f5cc-402c-be28-9d0f7cb14b3a | trials=529 | expected source=ONE | starting
2026-07-24 17:25:15,634 | INFO | 02_preprocess_pupil | Session 221/721 | SWC_043 | 4ecb5d24-f5cc-402c-be28-9d0f7cb14b3a | cache miss; fetching trace from ONE
2026-07-24 17:25:15,634 | INFO | 02_preprocess_pupil | Session 221/721 | SWC_043 | 4ecb5d24-f5cc-402c-be28-9d0f7cb14b3a | listing camera datasets
2026-07-24 17:25:19,522 | INFO | 02_preprocess_pupil | Session 221/721 | SWC_043 | 4ecb5d24-f5cc-402c-be28-9d0f7cb14b3a | camera dataset listing complete | matches=10
2026-07-24 17:25:19,522 | INFO | 02_preprocess_pupil | Session 221/721 | SWC_043 | 4ecb5d24-f5cc-402c-be28-9d0f7cb14b3a | loading DLC dataset alf/#2022-01-31#/_ibl_leftCamera.dlc.pqt
2026-07-24 17:25:19,761 | INFO | 02_preprocess_pupil | Session 221/721 | SWC_043 | 4ecb5d24-f5cc-402c-be28-9d0f7cb14b3a | DLC loaded | rows=240287 | columns=33
2026-07-24 17:25:19,761 | INFO | 02_preprocess_pupil | Session 221/721 | SWC_043 | 4ecb5d24-f5cc-402c-be28-9d0f7cb14b3a | loading timestamp dataset alf/_ibl_leftCamera.times.npy
2026-07-24 17:25:19,902 | INFO | 02_preprocess_pupil | Session 221/721 | SWC_043 | 4ecb5d24-f5cc-402c-be28-9d0f7cb14b3a | timestamps loaded | samples=240287 | duration=1h 07m 00s
2026-07-24 17:25:19,902 | INFO | 02_preprocess_pupil | Session 221/721 | SWC_043 | 4ecb5d24-f5cc-402c-be28-9d0f7cb14b3a | thresholding DLC likelihoods
2026-07-24 17:25:19,929 | INFO | 02_preprocess_pupil | Session 221/721 | SWC_043 | 4ecb5d24-f5cc-402c-be28-9d0f7cb14b3a | estimating raw pupil diameter
2026-07-24 17:25:19,997 | INFO | 02_preprocess_pupil | Session 221/721 | SWC_043 | 4ecb5d24-f5cc-402c-be28-9d0f7cb14b3a | raw pupil diameter ready | samples=240287 | missing=0.1%
2026-07-24 17:25:19,997 | INFO | 02_preprocess_pupil | Session 221/721 | SWC_043 | 4ecb5d24-f5cc-402c-be28-9d0f7cb14b3a | smoothing pupil diameter
2026-07-24 17:25:47,824 | INFO | 02_preprocess_pupil | Session 221/721 | SWC_043 | 4ecb5d24-f5cc-402c-be28-9d0f7cb14b3a | smoothing complete | missing=0.0%
2026-07-24 17:25:47,824 | INFO | 02_preprocess_pupil | Session 221/721 | SWC_043 | 4ecb5d24-f5cc-402c-be28-9d0f7cb14b3a | masking blink and velocity artifacts
2026-07-24 17:25:47,843 | INFO | 02_preprocess_pupil | Session 221/721 | SWC_043 | 4ecb5d24-f5cc-402c-be28-9d0f7cb14b3a | trace cleaning complete | cleaned missing=3.5% | artifact fraction=3.5%
2026-07-24 17:25:47,843 | INFO | 02_preprocess_pupil | Session 221/721 | SWC_043 | 4ecb5d24-f5cc-402c-be28-9d0f7cb14b3a | writing trace cache 4ecb5d24-f5cc-402c-be28-9d0f7cb14b3a.npz
2026-07-24 17:25:48,039 | INFO | 02_preprocess_pupil | Session 221/721 | SWC_043 | 4ecb5d24-f5cc-402c-be28-9d0f7cb14b3a | trace cache written | size=4.6 MB
2026-07-24 17:25:48,041 | INFO | 02_preprocess_pupil | Session 221/721 | SWC_043 | 4ecb5d24-f5cc-402c-be28-9d0f7cb14b3a | extracting trial-level pupil features
2026-07-24 17:25:48,461 | INFO | 02_preprocess_pupil | Session 221/721 | SWC_043 | 4ecb5d24-f5cc-402c-be28-9d0f7cb14b3a | feature extraction complete | stimulus windows valid=87.7% | feedback windows valid=89.0%
2026-07-24 17:25:48,462 | INFO | 02_preprocess_pupil | Session 221/721 complete | status=success | source=one | usable=True | missing=3.5% | session time=33s | cumulative trials=141218/472728 | usable=183 | rejected=13 | failed=25 | elapsed=1h 33m 40s | ETA=3h 31m 54s
2026-07-24 17:25:48,462 | INFO | 02_preprocess_pupil | Session 222/721 | ibl_witten_18 | 4ef13091-1bc8-4f32-9619-107bdf48540c | trials=861 | expected source=ONE | starting
2026-07-24 17:25:48,463 | INFO | 02_preprocess_pupil | Session 222/721 | ibl_witten_18 | 4ef13091-1bc8-4f32-9619-107bdf48540c | cache miss; fetching trace from ONE
2026-07-24 17:25:48,463 | INFO | 02_preprocess_pupil | Session 222/721 | ibl_witten_18 | 4ef13091-1bc8-4f32-9619-107bdf48540c | listing camera datasets
2026-07-24 17:25:51,315 | INFO | 02_preprocess_pupil | Session 222/721 | ibl_witten_18 | 4ef13091-1bc8-4f32-9619-107bdf48540c | camera dataset listing complete | matches=8
2026-07-24 17:25:51,315 | INFO | 02_preprocess_pupil | Session 222/721 | ibl_witten_18 | 4ef13091-1bc8-4f32-9619-107bdf48540c | loading DLC dataset alf/_ibl_leftCamera.dlc.pqt
2026-07-24 17:25:51,571 | INFO | 02_preprocess_pupil | Session 222/721 | ibl_witten_18 | 4ef13091-1bc8-4f32-9619-107bdf48540c | DLC loaded | rows=298505 | columns=33
2026-07-24 17:25:51,571 | INFO | 02_preprocess_pupil | Session 222/721 | ibl_witten_18 | 4ef13091-1bc8-4f32-9619-107bdf48540c | loading timestamp dataset alf/_ibl_leftCamera.times.npy
2026-07-24 17:25:51,728 | INFO | 02_preprocess_pupil | Session 222/721 | ibl_witten_18 | 4ef13091-1bc8-4f32-9619-107bdf48540c | timestamps loaded | samples=298505 | duration=1h 22m 52s
2026-07-24 17:25:51,728 | INFO | 02_preprocess_pupil | Session 222/721 | ibl_witten_18 | 4ef13091-1bc8-4f32-9619-107bdf48540c | thresholding DLC likelihoods
2026-07-24 17:25:51,777 | INFO | 02_preprocess_pupil | Session 222/721 | ibl_witten_18 | 4ef13091-1bc8-4f32-9619-107bdf48540c | estimating raw pupil diameter
2026-07-24 17:25:52,089 | INFO | 02_preprocess_pupil | Session 222/721 | ibl_witten_18 | 4ef13091-1bc8-4f32-9619-107bdf48540c | raw pupil diameter ready | samples=298505 | missing=95.3%
2026-07-24 17:25:52,089 | INFO | 02_preprocess_pupil | Session 222/721 | ibl_witten_18 | 4ef13091-1bc8-4f32-9619-107bdf48540c | smoothing pupil diameter
2026-07-24 17:25:52,092 | WARNING | 02_preprocess_pupil | Session 222/721 failed | subject=ibl_witten_18 | eid=4ef13091-1bc8-4f32-9619-107bdf48540c | session elapsed=4s | error=ValueError: Raw pupil diameter for left is too often NaN, cannot smooth.
2026-07-24 17:25:52,097 | INFO | 02_preprocess_pupil | Session 222/721 complete | status=failed | source=none | usable=False | missing=n/a | session time=4s | cumulative trials=142079/472728 | usable=183 | rejected=13 | failed=26 | elapsed=1h 33m 43s | ETA=3h 30m 40s
2026-07-24 17:25:52,099 | INFO | 02_preprocess_pupil | Session 223/721 | DY_010 | 4fa70097-8101-4f10-b585-db39429c5ed0 | trials=485 | expected source=ONE | starting
2026-07-24 17:25:52,100 | INFO | 02_preprocess_pupil | Session 223/721 | DY_010 | 4fa70097-8101-4f10-b585-db39429c5ed0 | cache miss; fetching trace from ONE
2026-07-24 17:25:52,100 | INFO | 02_preprocess_pupil | Session 223/721 | DY_010 | 4fa70097-8101-4f10-b585-db39429c5ed0 | listing camera datasets
2026-07-24 17:25:54,298 | INFO | 02_preprocess_pupil | Session 223/721 | DY_010 | 4fa70097-8101-4f10-b585-db39429c5ed0 | camera dataset listing complete | matches=8
2026-07-24 17:25:54,298 | INFO | 02_preprocess_pupil | Session 223/721 | DY_010 | 4fa70097-8101-4f10-b585-db39429c5ed0 | loading DLC dataset alf/_ibl_leftCamera.dlc.pqt
2026-07-24 17:26:52,103 | INFO | 02_preprocess_pupil | Session 223/721 | DY_010 | 4fa70097-8101-4f10-b585-db39429c5ed0 | still working | step=loading DLC dataset alf/_ibl_leftCamera.dlc.pqt | session elapsed=1m 00s
2026-07-24 17:27:22,817 | INFO | 02_preprocess_pupil | Session 223/721 | DY_010 | 4fa70097-8101-4f10-b585-db39429c5ed0 | DLC loaded | rows=142603 | columns=33
2026-07-24 17:27:22,817 | INFO | 02_preprocess_pupil | Session 223/721 | DY_010 | 4fa70097-8101-4f10-b585-db39429c5ed0 | loading timestamp dataset alf/#2023-04-20#/_ibl_leftCamera.times.npy
2026-07-24 17:27:32,148 | INFO | 02_preprocess_pupil | Session 223/721 | DY_010 | 4fa70097-8101-4f10-b585-db39429c5ed0 | timestamps loaded | samples=142603 | duration=39m 34s
2026-07-24 17:27:32,148 | INFO | 02_preprocess_pupil | Session 223/721 | DY_010 | 4fa70097-8101-4f10-b585-db39429c5ed0 | thresholding DLC likelihoods
2026-07-24 17:27:32,171 | INFO | 02_preprocess_pupil | Session 223/721 | DY_010 | 4fa70097-8101-4f10-b585-db39429c5ed0 | estimating raw pupil diameter
2026-07-24 17:27:32,250 | INFO | 02_preprocess_pupil | Session 223/721 | DY_010 | 4fa70097-8101-4f10-b585-db39429c5ed0 | raw pupil diameter ready | samples=142603 | missing=22.6%
2026-07-24 17:27:32,250 | INFO | 02_preprocess_pupil | Session 223/721 | DY_010 | 4fa70097-8101-4f10-b585-db39429c5ed0 | smoothing pupil diameter
2026-07-24 17:27:44,936 | INFO | 02_preprocess_pupil | Session 223/721 | DY_010 | 4fa70097-8101-4f10-b585-db39429c5ed0 | smoothing complete | missing=0.1%
2026-07-24 17:27:44,937 | INFO | 02_preprocess_pupil | Session 223/721 | DY_010 | 4fa70097-8101-4f10-b585-db39429c5ed0 | masking blink and velocity artifacts
2026-07-24 17:27:44,950 | INFO | 02_preprocess_pupil | Session 223/721 | DY_010 | 4fa70097-8101-4f10-b585-db39429c5ed0 | trace cleaning complete | cleaned missing=5.7% | artifact fraction=5.7%
2026-07-24 17:27:44,951 | INFO | 02_preprocess_pupil | Session 223/721 | DY_010 | 4fa70097-8101-4f10-b585-db39429c5ed0 | writing trace cache 4fa70097-8101-4f10-b585-db39429c5ed0.npz
2026-07-24 17:27:45,057 | INFO | 02_preprocess_pupil | Session 223/721 | DY_010 | 4fa70097-8101-4f10-b585-db39429c5ed0 | trace cache written | size=2.5 MB
2026-07-24 17:27:45,059 | INFO | 02_preprocess_pupil | Session 223/721 | DY_010 | 4fa70097-8101-4f10-b585-db39429c5ed0 | extracting trial-level pupil features
2026-07-24 17:27:45,323 | INFO | 02_preprocess_pupil | Session 223/721 | DY_010 | 4fa70097-8101-4f10-b585-db39429c5ed0 | feature extraction complete | stimulus windows valid=77.3% | feedback windows valid=75.5%
2026-07-24 17:27:45,324 | INFO | 02_preprocess_pupil | Session 223/721 complete | status=success | source=one | usable=True | missing=5.7% | session time=1m 53s | cumulative trials=142564/472728 | usable=184 | rejected=13 | failed=26 | elapsed=1h 35m 36s | ETA=3h 33m 31s
2026-07-24 17:27:45,324 | INFO | 02_preprocess_pupil | Session 224/721 | PL030 | 500a71dd-8768-4211-a1fe-1fafc9fcbf29 | trials=408 | expected source=ONE | starting
2026-07-24 17:27:45,325 | INFO | 02_preprocess_pupil | Session 224/721 | PL030 | 500a71dd-8768-4211-a1fe-1fafc9fcbf29 | cache miss; fetching trace from ONE
2026-07-24 17:27:45,325 | INFO | 02_preprocess_pupil | Session 224/721 | PL030 | 500a71dd-8768-4211-a1fe-1fafc9fcbf29 | listing camera datasets
2026-07-24 17:27:47,493 | INFO | 02_preprocess_pupil | Session 224/721 | PL030 | 500a71dd-8768-4211-a1fe-1fafc9fcbf29 | camera dataset listing complete | matches=8
2026-07-24 17:27:47,493 | INFO | 02_preprocess_pupil | Session 224/721 | PL030 | 500a71dd-8768-4211-a1fe-1fafc9fcbf29 | loading DLC dataset alf/_ibl_leftCamera.dlc.pqt
2026-07-24 17:27:47,720 | INFO | 02_preprocess_pupil | Session 224/721 | PL030 | 500a71dd-8768-4211-a1fe-1fafc9fcbf29 | DLC loaded | rows=168026 | columns=33
2026-07-24 17:27:47,720 | INFO | 02_preprocess_pupil | Session 224/721 | PL030 | 500a71dd-8768-4211-a1fe-1fafc9fcbf29 | loading timestamp dataset alf/_ibl_leftCamera.times.npy
2026-07-24 17:27:47,861 | INFO | 02_preprocess_pupil | Session 224/721 | PL030 | 500a71dd-8768-4211-a1fe-1fafc9fcbf29 | timestamps loaded | samples=168026 | duration=46m 38s
2026-07-24 17:27:47,861 | INFO | 02_preprocess_pupil | Session 224/721 | PL030 | 500a71dd-8768-4211-a1fe-1fafc9fcbf29 | thresholding DLC likelihoods
2026-07-24 17:27:47,894 | INFO | 02_preprocess_pupil | Session 224/721 | PL030 | 500a71dd-8768-4211-a1fe-1fafc9fcbf29 | estimating raw pupil diameter
2026-07-24 17:27:47,962 | INFO | 02_preprocess_pupil | Session 224/721 | PL030 | 500a71dd-8768-4211-a1fe-1fafc9fcbf29 | raw pupil diameter ready | samples=168026 | missing=12.3%
2026-07-24 17:27:47,962 | INFO | 02_preprocess_pupil | Session 224/721 | PL030 | 500a71dd-8768-4211-a1fe-1fafc9fcbf29 | smoothing pupil diameter
2026-07-24 17:28:05,060 | INFO | 02_preprocess_pupil | Session 224/721 | PL030 | 500a71dd-8768-4211-a1fe-1fafc9fcbf29 | smoothing complete | missing=2.3%
2026-07-24 17:28:05,061 | INFO | 02_preprocess_pupil | Session 224/721 | PL030 | 500a71dd-8768-4211-a1fe-1fafc9fcbf29 | masking blink and velocity artifacts
2026-07-24 17:28:05,074 | INFO | 02_preprocess_pupil | Session 224/721 | PL030 | 500a71dd-8768-4211-a1fe-1fafc9fcbf29 | trace cleaning complete | cleaned missing=7.8% | artifact fraction=7.8%
2026-07-24 17:28:05,075 | INFO | 02_preprocess_pupil | Session 224/721 | PL030 | 500a71dd-8768-4211-a1fe-1fafc9fcbf29 | writing trace cache 500a71dd-8768-4211-a1fe-1fafc9fcbf29.npz
2026-07-24 17:28:05,194 | INFO | 02_preprocess_pupil | Session 224/721 | PL030 | 500a71dd-8768-4211-a1fe-1fafc9fcbf29 | trace cache written | size=3.1 MB
2026-07-24 17:28:05,196 | INFO | 02_preprocess_pupil | Session 224/721 | PL030 | 500a71dd-8768-4211-a1fe-1fafc9fcbf29 | extracting trial-level pupil features
2026-07-24 17:28:05,451 | INFO | 02_preprocess_pupil | Session 224/721 | PL030 | 500a71dd-8768-4211-a1fe-1fafc9fcbf29 | feature extraction complete | stimulus windows valid=82.1% | feedback windows valid=85.3%
2026-07-24 17:28:05,452 | INFO | 02_preprocess_pupil | Session 224/721 complete | status=success | source=one | usable=True | missing=7.8% | session time=20s | cumulative trials=142972/472728 | usable=185 | rejected=13 | failed=26 | elapsed=1h 35m 57s | ETA=3h 32m 52s
2026-07-24 17:28:05,453 | INFO | 02_preprocess_pupil | Session 225/721 | FMR032 | 51016b5a-8103-49a0-ad87-af767937cac3 | trials=745 | expected source=ONE | starting
2026-07-24 17:28:05,453 | INFO | 02_preprocess_pupil | Session 225/721 | FMR032 | 51016b5a-8103-49a0-ad87-af767937cac3 | cache miss; fetching trace from ONE
2026-07-24 17:28:05,454 | INFO | 02_preprocess_pupil | Session 225/721 | FMR032 | 51016b5a-8103-49a0-ad87-af767937cac3 | listing camera datasets
2026-07-24 17:28:08,102 | INFO | 02_preprocess_pupil | Session 225/721 | FMR032 | 51016b5a-8103-49a0-ad87-af767937cac3 | camera dataset listing complete | matches=5
2026-07-24 17:28:08,102 | INFO | 02_preprocess_pupil | Session 225/721 | FMR032 | 51016b5a-8103-49a0-ad87-af767937cac3 | loading DLC dataset alf/_ibl_leftCamera.dlc.pqt
2026-07-24 17:28:08,354 | INFO | 02_preprocess_pupil | Session 225/721 | FMR032 | 51016b5a-8103-49a0-ad87-af767937cac3 | DLC loaded | rows=297731 | columns=33
2026-07-24 17:28:08,354 | INFO | 02_preprocess_pupil | Session 225/721 | FMR032 | 51016b5a-8103-49a0-ad87-af767937cac3 | loading timestamp dataset alf/_ibl_leftCamera.times.npy
2026-07-24 17:28:08,501 | INFO | 02_preprocess_pupil | Session 225/721 | FMR032 | 51016b5a-8103-49a0-ad87-af767937cac3 | timestamps loaded | samples=297731 | duration=1h 22m 39s
2026-07-24 17:28:08,502 | INFO | 02_preprocess_pupil | Session 225/721 | FMR032 | 51016b5a-8103-49a0-ad87-af767937cac3 | thresholding DLC likelihoods
2026-07-24 17:28:08,539 | INFO | 02_preprocess_pupil | Session 225/721 | FMR032 | 51016b5a-8103-49a0-ad87-af767937cac3 | estimating raw pupil diameter
2026-07-24 17:28:08,717 | INFO | 02_preprocess_pupil | Session 225/721 | FMR032 | 51016b5a-8103-49a0-ad87-af767937cac3 | raw pupil diameter ready | samples=297731 | missing=27.2%
2026-07-24 17:28:08,717 | INFO | 02_preprocess_pupil | Session 225/721 | FMR032 | 51016b5a-8103-49a0-ad87-af767937cac3 | smoothing pupil diameter
2026-07-24 17:28:33,696 | INFO | 02_preprocess_pupil | Session 225/721 | FMR032 | 51016b5a-8103-49a0-ad87-af767937cac3 | smoothing complete | missing=2.6%
2026-07-24 17:28:33,696 | INFO | 02_preprocess_pupil | Session 225/721 | FMR032 | 51016b5a-8103-49a0-ad87-af767937cac3 | masking blink and velocity artifacts
2026-07-24 17:28:33,721 | INFO | 02_preprocess_pupil | Session 225/721 | FMR032 | 51016b5a-8103-49a0-ad87-af767937cac3 | trace cleaning complete | cleaned missing=14.3% | artifact fraction=14.3%
2026-07-24 17:28:33,722 | INFO | 02_preprocess_pupil | Session 225/721 | FMR032 | 51016b5a-8103-49a0-ad87-af767937cac3 | writing trace cache 51016b5a-8103-49a0-ad87-af767937cac3.npz
2026-07-24 17:28:33,927 | INFO | 02_preprocess_pupil | Session 225/721 | FMR032 | 51016b5a-8103-49a0-ad87-af767937cac3 | trace cache written | size=5.1 MB
2026-07-24 17:28:33,929 | INFO | 02_preprocess_pupil | Session 225/721 | FMR032 | 51016b5a-8103-49a0-ad87-af767937cac3 | extracting trial-level pupil features
2026-07-24 17:28:35,070 | INFO | 02_preprocess_pupil | Session 225/721 | FMR032 | 51016b5a-8103-49a0-ad87-af767937cac3 | feature extraction complete | stimulus windows valid=57.9% | feedback windows valid=56.8%
2026-07-24 17:28:35,072 | INFO | 02_preprocess_pupil | Session 225/721 complete | status=success | source=one | usable=True | missing=14.3% | session time=30s | cumulative trials=143717/472728 | usable=186 | rejected=13 | failed=26 | elapsed=1h 36m 26s | ETA=3h 32m 35s
2026-07-24 17:28:35,073 | INFO | 02_preprocess_pupil | Session 226/721 | ZM_2240 | 510b1a50-825d-44ce-86f6-9678f5396e02 | trials=1075 | expected source=ONE | starting
2026-07-24 17:28:35,074 | INFO | 02_preprocess_pupil | Session 226/721 | ZM_2240 | 510b1a50-825d-44ce-86f6-9678f5396e02 | cache miss; fetching trace from ONE
2026-07-24 17:28:35,075 | INFO | 02_preprocess_pupil | Session 226/721 | ZM_2240 | 510b1a50-825d-44ce-86f6-9678f5396e02 | listing camera datasets
2026-07-24 17:28:36,750 | INFO | 02_preprocess_pupil | Session 226/721 | ZM_2240 | 510b1a50-825d-44ce-86f6-9678f5396e02 | camera dataset listing complete | matches=8
2026-07-24 17:28:36,751 | INFO | 02_preprocess_pupil | Session 226/721 | ZM_2240 | 510b1a50-825d-44ce-86f6-9678f5396e02 | loading DLC dataset alf/_ibl_leftCamera.dlc.pqt
2026-07-24 17:28:37,127 | INFO | 02_preprocess_pupil | Session 226/721 | ZM_2240 | 510b1a50-825d-44ce-86f6-9678f5396e02 | DLC loaded | rows=289069 | columns=33
2026-07-24 17:28:37,127 | INFO | 02_preprocess_pupil | Session 226/721 | ZM_2240 | 510b1a50-825d-44ce-86f6-9678f5396e02 | loading timestamp dataset alf/#2023-04-20#/_ibl_leftCamera.times.npy
2026-07-24 17:28:37,400 | INFO | 02_preprocess_pupil | Session 226/721 | ZM_2240 | 510b1a50-825d-44ce-86f6-9678f5396e02 | timestamps loaded | samples=289069 | duration=1h 20m 12s
2026-07-24 17:28:37,401 | INFO | 02_preprocess_pupil | Session 226/721 | ZM_2240 | 510b1a50-825d-44ce-86f6-9678f5396e02 | thresholding DLC likelihoods
2026-07-24 17:28:37,448 | INFO | 02_preprocess_pupil | Session 226/721 | ZM_2240 | 510b1a50-825d-44ce-86f6-9678f5396e02 | estimating raw pupil diameter
2026-07-24 17:28:37,599 | INFO | 02_preprocess_pupil | Session 226/721 | ZM_2240 | 510b1a50-825d-44ce-86f6-9678f5396e02 | raw pupil diameter ready | samples=289069 | missing=0.8%
2026-07-24 17:28:37,600 | INFO | 02_preprocess_pupil | Session 226/721 | ZM_2240 | 510b1a50-825d-44ce-86f6-9678f5396e02 | smoothing pupil diameter
2026-07-24 17:29:32,598 | INFO | 02_preprocess_pupil | Session 226/721 | ZM_2240 | 510b1a50-825d-44ce-86f6-9678f5396e02 | smoothing complete | missing=0.0%
2026-07-24 17:29:32,599 | INFO | 02_preprocess_pupil | Session 226/721 | ZM_2240 | 510b1a50-825d-44ce-86f6-9678f5396e02 | masking blink and velocity artifacts
2026-07-24 17:29:32,636 | INFO | 02_preprocess_pupil | Session 226/721 | ZM_2240 | 510b1a50-825d-44ce-86f6-9678f5396e02 | trace cleaning complete | cleaned missing=1.2% | artifact fraction=1.2%
2026-07-24 17:29:32,637 | INFO | 02_preprocess_pupil | Session 226/721 | ZM_2240 | 510b1a50-825d-44ce-86f6-9678f5396e02 | writing trace cache 510b1a50-825d-44ce-86f6-9678f5396e02.npz
2026-07-24 17:29:32,994 | INFO | 02_preprocess_pupil | Session 226/721 | ZM_2240 | 510b1a50-825d-44ce-86f6-9678f5396e02 | trace cache written | size=5.6 MB
2026-07-24 17:29:32,996 | INFO | 02_preprocess_pupil | Session 226/721 | ZM_2240 | 510b1a50-825d-44ce-86f6-9678f5396e02 | extracting trial-level pupil features
2026-07-24 17:29:34,927 | INFO | 02_preprocess_pupil | Session 226/721 | ZM_2240 | 510b1a50-825d-44ce-86f6-9678f5396e02 | feature extraction complete | stimulus windows valid=96.3% | feedback windows valid=97.4%
2026-07-24 17:29:34,928 | INFO | 02_preprocess_pupil | Session 226/721 complete | status=success | source=one | usable=True | missing=1.2% | session time=1m 00s | cumulative trials=144792/472728 | usable=187 | rejected=13 | failed=26 | elapsed=1h 37m 26s | ETA=3h 33m 24s
2026-07-24 17:29:34,929 | INFO | 02_preprocess_pupil | Session 227/721 | ibl_witten_13 | 5139ce2c-7d52-44bf-8129-692d61dd6403 | trials=1026 | expected source=ONE | starting
2026-07-24 17:29:34,930 | INFO | 02_preprocess_pupil | Session 227/721 | ibl_witten_13 | 5139ce2c-7d52-44bf-8129-692d61dd6403 | cache miss; fetching trace from ONE
2026-07-24 17:29:34,931 | INFO | 02_preprocess_pupil | Session 227/721 | ibl_witten_13 | 5139ce2c-7d52-44bf-8129-692d61dd6403 | listing camera datasets
2026-07-24 17:29:37,126 | INFO | 02_preprocess_pupil | Session 227/721 | ibl_witten_13 | 5139ce2c-7d52-44bf-8129-692d61dd6403 | camera dataset listing complete | matches=8
2026-07-24 17:29:37,127 | INFO | 02_preprocess_pupil | Session 227/721 | ibl_witten_13 | 5139ce2c-7d52-44bf-8129-692d61dd6403 | loading DLC dataset alf/_ibl_leftCamera.dlc.pqt
2026-07-24 17:29:37,492 | INFO | 02_preprocess_pupil | Session 227/721 | ibl_witten_13 | 5139ce2c-7d52-44bf-8129-692d61dd6403 | DLC loaded | rows=314736 | columns=33
2026-07-24 17:29:37,492 | INFO | 02_preprocess_pupil | Session 227/721 | ibl_witten_13 | 5139ce2c-7d52-44bf-8129-692d61dd6403 | loading timestamp dataset alf/_ibl_leftCamera.times.npy
2026-07-24 17:29:37,635 | INFO | 02_preprocess_pupil | Session 227/721 | ibl_witten_13 | 5139ce2c-7d52-44bf-8129-692d61dd6403 | timestamps loaded | samples=314736 | duration=1h 27m 22s
2026-07-24 17:29:37,636 | INFO | 02_preprocess_pupil | Session 227/721 | ibl_witten_13 | 5139ce2c-7d52-44bf-8129-692d61dd6403 | thresholding DLC likelihoods
2026-07-24 17:29:37,701 | INFO | 02_preprocess_pupil | Session 227/721 | ibl_witten_13 | 5139ce2c-7d52-44bf-8129-692d61dd6403 | estimating raw pupil diameter
2026-07-24 17:29:37,868 | INFO | 02_preprocess_pupil | Session 227/721 | ibl_witten_13 | 5139ce2c-7d52-44bf-8129-692d61dd6403 | raw pupil diameter ready | samples=314736 | missing=0.9%
2026-07-24 17:29:37,869 | INFO | 02_preprocess_pupil | Session 227/721 | ibl_witten_13 | 5139ce2c-7d52-44bf-8129-692d61dd6403 | smoothing pupil diameter
2026-07-24 17:30:34,960 | INFO | 02_preprocess_pupil | Session 227/721 | ibl_witten_13 | 5139ce2c-7d52-44bf-8129-692d61dd6403 | still working | step=smoothing pupil diameter | session elapsed=1m 00s
2026-07-24 17:30:36,808 | INFO | 02_preprocess_pupil | Session 227/721 | ibl_witten_13 | 5139ce2c-7d52-44bf-8129-692d61dd6403 | smoothing complete | missing=0.0%
2026-07-24 17:30:36,808 | INFO | 02_preprocess_pupil | Session 227/721 | ibl_witten_13 | 5139ce2c-7d52-44bf-8129-692d61dd6403 | masking blink and velocity artifacts
2026-07-24 17:30:36,850 | INFO | 02_preprocess_pupil | Session 227/721 | ibl_witten_13 | 5139ce2c-7d52-44bf-8129-692d61dd6403 | trace cleaning complete | cleaned missing=5.8% | artifact fraction=5.8%
2026-07-24 17:30:36,851 | INFO | 02_preprocess_pupil | Session 227/721 | ibl_witten_13 | 5139ce2c-7d52-44bf-8129-692d61dd6403 | writing trace cache 5139ce2c-7d52-44bf-8129-692d61dd6403.npz
2026-07-24 17:30:37,201 | INFO | 02_preprocess_pupil | Session 227/721 | ibl_witten_13 | 5139ce2c-7d52-44bf-8129-692d61dd6403 | trace cache written | size=5.4 MB
2026-07-24 17:30:37,204 | INFO | 02_preprocess_pupil | Session 227/721 | ibl_witten_13 | 5139ce2c-7d52-44bf-8129-692d61dd6403 | extracting trial-level pupil features
2026-07-24 17:30:39,156 | INFO | 02_preprocess_pupil | Session 227/721 | ibl_witten_13 | 5139ce2c-7d52-44bf-8129-692d61dd6403 | feature extraction complete | stimulus windows valid=74.6% | feedback windows valid=79.2%
2026-07-24 17:30:39,157 | INFO | 02_preprocess_pupil | Session 227/721 complete | status=success | source=one | usable=True | missing=5.8% | session time=1m 04s | cumulative trials=145818/472728 | usable=188 | rejected=13 | failed=26 | elapsed=1h 38m 30s | ETA=3h 34m 22s
2026-07-24 17:30:39,158 | INFO | 02_preprocess_pupil | Session 228/721 | NYU-40 | 5157810e-0fff-4bcf-b19d-32d4e39c7dfc | trials=434 | expected source=ONE | starting
2026-07-24 17:30:39,159 | INFO | 02_preprocess_pupil | Session 228/721 | NYU-40 | 5157810e-0fff-4bcf-b19d-32d4e39c7dfc | cache miss; fetching trace from ONE
2026-07-24 17:30:39,160 | INFO | 02_preprocess_pupil | Session 228/721 | NYU-40 | 5157810e-0fff-4bcf-b19d-32d4e39c7dfc | listing camera datasets
2026-07-24 17:30:41,532 | INFO | 02_preprocess_pupil | Session 228/721 | NYU-40 | 5157810e-0fff-4bcf-b19d-32d4e39c7dfc | camera dataset listing complete | matches=8
2026-07-24 17:30:41,532 | INFO | 02_preprocess_pupil | Session 228/721 | NYU-40 | 5157810e-0fff-4bcf-b19d-32d4e39c7dfc | loading DLC dataset alf/_ibl_leftCamera.dlc.pqt
2026-07-24 17:30:41,854 | INFO | 02_preprocess_pupil | Session 228/721 | NYU-40 | 5157810e-0fff-4bcf-b19d-32d4e39c7dfc | DLC loaded | rows=226007 | columns=33
2026-07-24 17:30:41,854 | INFO | 02_preprocess_pupil | Session 228/721 | NYU-40 | 5157810e-0fff-4bcf-b19d-32d4e39c7dfc | loading timestamp dataset alf/_ibl_leftCamera.times.npy
2026-07-24 17:30:42,010 | INFO | 02_preprocess_pupil | Session 228/721 | NYU-40 | 5157810e-0fff-4bcf-b19d-32d4e39c7dfc | timestamps loaded | samples=226007 | duration=1h 02m 44s
2026-07-24 17:30:42,011 | INFO | 02_preprocess_pupil | Session 228/721 | NYU-40 | 5157810e-0fff-4bcf-b19d-32d4e39c7dfc | thresholding DLC likelihoods
2026-07-24 17:30:42,067 | INFO | 02_preprocess_pupil | Session 228/721 | NYU-40 | 5157810e-0fff-4bcf-b19d-32d4e39c7dfc | estimating raw pupil diameter
2026-07-24 17:30:42,275 | INFO | 02_preprocess_pupil | Session 228/721 | NYU-40 | 5157810e-0fff-4bcf-b19d-32d4e39c7dfc | raw pupil diameter ready | samples=226007 | missing=31.2%
2026-07-24 17:30:42,275 | INFO | 02_preprocess_pupil | Session 228/721 | NYU-40 | 5157810e-0fff-4bcf-b19d-32d4e39c7dfc | smoothing pupil diameter
2026-07-24 17:31:11,409 | INFO | 02_preprocess_pupil | Session 228/721 | NYU-40 | 5157810e-0fff-4bcf-b19d-32d4e39c7dfc | smoothing complete | missing=0.0%
2026-07-24 17:31:11,410 | INFO | 02_preprocess_pupil | Session 228/721 | NYU-40 | 5157810e-0fff-4bcf-b19d-32d4e39c7dfc | masking blink and velocity artifacts
2026-07-24 17:31:11,436 | INFO | 02_preprocess_pupil | Session 228/721 | NYU-40 | 5157810e-0fff-4bcf-b19d-32d4e39c7dfc | trace cleaning complete | cleaned missing=13.0% | artifact fraction=13.0%
2026-07-24 17:31:11,437 | INFO | 02_preprocess_pupil | Session 228/721 | NYU-40 | 5157810e-0fff-4bcf-b19d-32d4e39c7dfc | writing trace cache 5157810e-0fff-4bcf-b19d-32d4e39c7dfc.npz
2026-07-24 17:31:11,739 | INFO | 02_preprocess_pupil | Session 228/721 | NYU-40 | 5157810e-0fff-4bcf-b19d-32d4e39c7dfc | trace cache written | size=3.8 MB
2026-07-24 17:31:11,742 | INFO | 02_preprocess_pupil | Session 228/721 | NYU-40 | 5157810e-0fff-4bcf-b19d-32d4e39c7dfc | extracting trial-level pupil features
2026-07-24 17:31:12,358 | INFO | 02_preprocess_pupil | Session 228/721 | NYU-40 | 5157810e-0fff-4bcf-b19d-32d4e39c7dfc | feature extraction complete | stimulus windows valid=69.4% | feedback windows valid=66.4%
2026-07-24 17:31:12,359 | INFO | 02_preprocess_pupil | Session 228/721 complete | status=success | source=one | usable=True | missing=13.0% | session time=33s | cumulative trials=146252/472728 | usable=189 | rejected=13 | failed=26 | elapsed=1h 39m 03s | ETA=3h 34m 12s
2026-07-24 17:31:12,360 | INFO | 02_preprocess_pupil | Session 229/721 | NYU-45 | 51e53aff-1d5d-4182-a684-aba783d50ae5 | trials=505 | expected source=ONE | starting
2026-07-24 17:31:12,361 | INFO | 02_preprocess_pupil | Session 229/721 | NYU-45 | 51e53aff-1d5d-4182-a684-aba783d50ae5 | cache miss; fetching trace from ONE
2026-07-24 17:31:12,362 | INFO | 02_preprocess_pupil | Session 229/721 | NYU-45 | 51e53aff-1d5d-4182-a684-aba783d50ae5 | listing camera datasets
2026-07-24 17:31:15,161 | INFO | 02_preprocess_pupil | Session 229/721 | NYU-45 | 51e53aff-1d5d-4182-a684-aba783d50ae5 | camera dataset listing complete | matches=9
2026-07-24 17:31:15,164 | INFO | 02_preprocess_pupil | Session 229/721 | NYU-45 | 51e53aff-1d5d-4182-a684-aba783d50ae5 | loading DLC dataset alf/_ibl_leftCamera.dlc.pqt
2026-07-24 17:31:15,476 | INFO | 02_preprocess_pupil | Session 229/721 | NYU-45 | 51e53aff-1d5d-4182-a684-aba783d50ae5 | DLC loaded | rows=235595 | columns=33
2026-07-24 17:31:15,477 | INFO | 02_preprocess_pupil | Session 229/721 | NYU-45 | 51e53aff-1d5d-4182-a684-aba783d50ae5 | loading timestamp dataset alf/_ibl_leftCamera.times.npy
2026-07-24 17:31:15,649 | INFO | 02_preprocess_pupil | Session 229/721 | NYU-45 | 51e53aff-1d5d-4182-a684-aba783d50ae5 | timestamps loaded | samples=235595 | duration=1h 05m 24s
2026-07-24 17:31:15,650 | INFO | 02_preprocess_pupil | Session 229/721 | NYU-45 | 51e53aff-1d5d-4182-a684-aba783d50ae5 | thresholding DLC likelihoods
2026-07-24 17:31:15,710 | INFO | 02_preprocess_pupil | Session 229/721 | NYU-45 | 51e53aff-1d5d-4182-a684-aba783d50ae5 | estimating raw pupil diameter
2026-07-24 17:31:15,854 | INFO | 02_preprocess_pupil | Session 229/721 | NYU-45 | 51e53aff-1d5d-4182-a684-aba783d50ae5 | raw pupil diameter ready | samples=235595 | missing=7.8%
2026-07-24 17:31:15,855 | INFO | 02_preprocess_pupil | Session 229/721 | NYU-45 | 51e53aff-1d5d-4182-a684-aba783d50ae5 | smoothing pupil diameter
2026-07-24 17:31:56,841 | INFO | 02_preprocess_pupil | Session 229/721 | NYU-45 | 51e53aff-1d5d-4182-a684-aba783d50ae5 | smoothing complete | missing=0.0%
2026-07-24 17:31:56,842 | INFO | 02_preprocess_pupil | Session 229/721 | NYU-45 | 51e53aff-1d5d-4182-a684-aba783d50ae5 | masking blink and velocity artifacts
2026-07-24 17:31:56,872 | INFO | 02_preprocess_pupil | Session 229/721 | NYU-45 | 51e53aff-1d5d-4182-a684-aba783d50ae5 | trace cleaning complete | cleaned missing=28.5% | artifact fraction=28.5%
2026-07-24 17:31:56,873 | INFO | 02_preprocess_pupil | Session 229/721 | NYU-45 | 51e53aff-1d5d-4182-a684-aba783d50ae5 | writing trace cache 51e53aff-1d5d-4182-a684-aba783d50ae5.npz
2026-07-24 17:31:57,118 | INFO | 02_preprocess_pupil | Session 229/721 | NYU-45 | 51e53aff-1d5d-4182-a684-aba783d50ae5 | trace cache written | size=4.1 MB
2026-07-24 17:31:57,120 | INFO | 02_preprocess_pupil | Session 229/721 | NYU-45 | 51e53aff-1d5d-4182-a684-aba783d50ae5 | extracting trial-level pupil features
2026-07-24 17:31:57,836 | INFO | 02_preprocess_pupil | Session 229/721 | NYU-45 | 51e53aff-1d5d-4182-a684-aba783d50ae5 | feature extraction complete | stimulus windows valid=48.7% | feedback windows valid=36.4%
2026-07-24 17:31:57,838 | INFO | 02_preprocess_pupil | Session 229/721 complete | status=success | source=one | usable=True | missing=28.5% | session time=45s | cumulative trials=146757/472728 | usable=190 | rejected=13 | failed=26 | elapsed=1h 39m 49s | ETA=3h 34m 27s
2026-07-24 17:31:57,839 | INFO | 02_preprocess_pupil | Session 230/721 | SH022 | 52f792b3-3fb1-4264-9f71-f88ab94bbc3b | trials=603 | expected source=ONE | starting
2026-07-24 17:31:57,839 | INFO | 02_preprocess_pupil | Session 230/721 | SH022 | 52f792b3-3fb1-4264-9f71-f88ab94bbc3b | cache miss; fetching trace from ONE
2026-07-24 17:31:57,840 | INFO | 02_preprocess_pupil | Session 230/721 | SH022 | 52f792b3-3fb1-4264-9f71-f88ab94bbc3b | listing camera datasets
2026-07-24 17:31:59,255 | INFO | 02_preprocess_pupil | Session 230/721 | SH022 | 52f792b3-3fb1-4264-9f71-f88ab94bbc3b | camera dataset listing complete | matches=4
2026-07-24 17:31:59,256 | INFO | 02_preprocess_pupil | Session 230/721 | SH022 | 52f792b3-3fb1-4264-9f71-f88ab94bbc3b | loading DLC dataset alf/_ibl_leftCamera.dlc.pqt
2026-07-24 17:31:59,542 | INFO | 02_preprocess_pupil | Session 230/721 | SH022 | 52f792b3-3fb1-4264-9f71-f88ab94bbc3b | DLC loaded | rows=214167 | columns=33
2026-07-24 17:31:59,543 | INFO | 02_preprocess_pupil | Session 230/721 | SH022 | 52f792b3-3fb1-4264-9f71-f88ab94bbc3b | loading timestamp dataset alf/_ibl_leftCamera.times.npy
2026-07-24 17:31:59,702 | INFO | 02_preprocess_pupil | Session 230/721 | SH022 | 52f792b3-3fb1-4264-9f71-f88ab94bbc3b | timestamps loaded | samples=214167 | duration=59m 27s
2026-07-24 17:31:59,702 | INFO | 02_preprocess_pupil | Session 230/721 | SH022 | 52f792b3-3fb1-4264-9f71-f88ab94bbc3b | thresholding DLC likelihoods
2026-07-24 17:31:59,765 | INFO | 02_preprocess_pupil | Session 230/721 | SH022 | 52f792b3-3fb1-4264-9f71-f88ab94bbc3b | estimating raw pupil diameter
2026-07-24 17:32:00,071 | INFO | 02_preprocess_pupil | Session 230/721 | SH022 | 52f792b3-3fb1-4264-9f71-f88ab94bbc3b | raw pupil diameter ready | samples=214167 | missing=76.6%
2026-07-24 17:32:00,072 | INFO | 02_preprocess_pupil | Session 230/721 | SH022 | 52f792b3-3fb1-4264-9f71-f88ab94bbc3b | smoothing pupil diameter
2026-07-24 17:32:09,675 | INFO | 02_preprocess_pupil | Session 230/721 | SH022 | 52f792b3-3fb1-4264-9f71-f88ab94bbc3b | smoothing complete | missing=0.0%
2026-07-24 17:32:09,676 | INFO | 02_preprocess_pupil | Session 230/721 | SH022 | 52f792b3-3fb1-4264-9f71-f88ab94bbc3b | masking blink and velocity artifacts
2026-07-24 17:32:09,702 | INFO | 02_preprocess_pupil | Session 230/721 | SH022 | 52f792b3-3fb1-4264-9f71-f88ab94bbc3b | trace cleaning complete | cleaned missing=22.1% | artifact fraction=22.1%
2026-07-24 17:32:09,703 | INFO | 02_preprocess_pupil | Session 230/721 | SH022 | 52f792b3-3fb1-4264-9f71-f88ab94bbc3b | writing trace cache 52f792b3-3fb1-4264-9f71-f88ab94bbc3b.npz
2026-07-24 17:32:09,877 | INFO | 02_preprocess_pupil | Session 230/721 | SH022 | 52f792b3-3fb1-4264-9f71-f88ab94bbc3b | trace cache written | size=2.8 MB
2026-07-24 17:32:09,879 | INFO | 02_preprocess_pupil | Session 230/721 | SH022 | 52f792b3-3fb1-4264-9f71-f88ab94bbc3b | extracting trial-level pupil features
2026-07-24 17:32:10,672 | INFO | 02_preprocess_pupil | Session 230/721 | SH022 | 52f792b3-3fb1-4264-9f71-f88ab94bbc3b | feature extraction complete | stimulus windows valid=42.1% | feedback windows valid=32.8%
2026-07-24 17:32:10,673 | INFO | 02_preprocess_pupil | Session 230/721 complete | status=success | source=one | usable=True | missing=22.1% | session time=13s | cumulative trials=147360/472728 | usable=191 | rejected=13 | failed=26 | elapsed=1h 40m 02s | ETA=3h 33m 33s
2026-07-24 17:32:10,674 | INFO | 02_preprocess_pupil | Session 231/721 | DY_016 | 5339812f-8b91-40ba-9d8f-a559563cc46b | trials=438 | expected source=ONE | starting
2026-07-24 17:32:10,675 | INFO | 02_preprocess_pupil | Session 231/721 | DY_016 | 5339812f-8b91-40ba-9d8f-a559563cc46b | cache miss; fetching trace from ONE
2026-07-24 17:32:10,677 | INFO | 02_preprocess_pupil | Session 231/721 | DY_016 | 5339812f-8b91-40ba-9d8f-a559563cc46b | listing camera datasets
2026-07-24 17:32:12,993 | INFO | 02_preprocess_pupil | Session 231/721 | DY_016 | 5339812f-8b91-40ba-9d8f-a559563cc46b | camera dataset listing complete | matches=9
2026-07-24 17:32:12,993 | INFO | 02_preprocess_pupil | Session 231/721 | DY_016 | 5339812f-8b91-40ba-9d8f-a559563cc46b | loading DLC dataset alf/_ibl_leftCamera.dlc.pqt
2026-07-24 17:32:19,732 | INFO | 02_preprocess_pupil | Session 231/721 | DY_016 | 5339812f-8b91-40ba-9d8f-a559563cc46b | DLC loaded | rows=248400 | columns=33
2026-07-24 17:32:19,733 | INFO | 02_preprocess_pupil | Session 231/721 | DY_016 | 5339812f-8b91-40ba-9d8f-a559563cc46b | loading timestamp dataset alf/_ibl_leftCamera.times.npy
2026-07-24 17:32:21,270 | INFO | 02_preprocess_pupil | Session 231/721 | DY_016 | 5339812f-8b91-40ba-9d8f-a559563cc46b | timestamps loaded | samples=248400 | duration=1h 08m 55s
2026-07-24 17:32:21,270 | INFO | 02_preprocess_pupil | Session 231/721 | DY_016 | 5339812f-8b91-40ba-9d8f-a559563cc46b | thresholding DLC likelihoods
2026-07-24 17:32:21,314 | INFO | 02_preprocess_pupil | Session 231/721 | DY_016 | 5339812f-8b91-40ba-9d8f-a559563cc46b | estimating raw pupil diameter
2026-07-24 17:32:21,491 | INFO | 02_preprocess_pupil | Session 231/721 | DY_016 | 5339812f-8b91-40ba-9d8f-a559563cc46b | raw pupil diameter ready | samples=248400 | missing=15.6%
2026-07-24 17:32:21,491 | INFO | 02_preprocess_pupil | Session 231/721 | DY_016 | 5339812f-8b91-40ba-9d8f-a559563cc46b | smoothing pupil diameter
2026-07-24 17:33:01,546 | INFO | 02_preprocess_pupil | Session 231/721 | DY_016 | 5339812f-8b91-40ba-9d8f-a559563cc46b | smoothing complete | missing=2.6%
2026-07-24 17:33:01,546 | INFO | 02_preprocess_pupil | Session 231/721 | DY_016 | 5339812f-8b91-40ba-9d8f-a559563cc46b | masking blink and velocity artifacts
2026-07-24 17:33:01,576 | INFO | 02_preprocess_pupil | Session 231/721 | DY_016 | 5339812f-8b91-40ba-9d8f-a559563cc46b | trace cleaning complete | cleaned missing=7.6% | artifact fraction=7.6%
2026-07-24 17:33:01,577 | INFO | 02_preprocess_pupil | Session 231/721 | DY_016 | 5339812f-8b91-40ba-9d8f-a559563cc46b | writing trace cache 5339812f-8b91-40ba-9d8f-a559563cc46b.npz
2026-07-24 17:33:01,817 | INFO | 02_preprocess_pupil | Session 231/721 | DY_016 | 5339812f-8b91-40ba-9d8f-a559563cc46b | trace cache written | size=4.5 MB
2026-07-24 17:33:01,819 | INFO | 02_preprocess_pupil | Session 231/721 | DY_016 | 5339812f-8b91-40ba-9d8f-a559563cc46b | extracting trial-level pupil features
2026-07-24 17:33:02,498 | INFO | 02_preprocess_pupil | Session 231/721 | DY_016 | 5339812f-8b91-40ba-9d8f-a559563cc46b | feature extraction complete | stimulus windows valid=75.1% | feedback windows valid=73.5%
2026-07-24 17:33:02,499 | INFO | 02_preprocess_pupil | Session 231/721 complete | status=success | source=one | usable=True | missing=7.6% | session time=52s | cumulative trials=147798/472728 | usable=192 | rejected=13 | failed=26 | elapsed=1h 40m 54s | ETA=3h 34m 01s
2026-07-24 17:33:02,500 | INFO | 02_preprocess_pupil | Session 232/721 | ZM_1898 | 53738f95-bd08-4d9d-9133-483fdb19e8da | trials=596 | expected source=ONE | starting
2026-07-24 17:33:02,501 | INFO | 02_preprocess_pupil | Session 232/721 | ZM_1898 | 53738f95-bd08-4d9d-9133-483fdb19e8da | cache miss; fetching trace from ONE
2026-07-24 17:33:02,501 | INFO | 02_preprocess_pupil | Session 232/721 | ZM_1898 | 53738f95-bd08-4d9d-9133-483fdb19e8da | listing camera datasets
2026-07-24 17:33:04,181 | INFO | 02_preprocess_pupil | Session 232/721 | ZM_1898 | 53738f95-bd08-4d9d-9133-483fdb19e8da | camera dataset listing complete | matches=8
2026-07-24 17:33:04,182 | INFO | 02_preprocess_pupil | Session 232/721 | ZM_1898 | 53738f95-bd08-4d9d-9133-483fdb19e8da | loading DLC dataset alf/_ibl_leftCamera.dlc.pqt
2026-07-24 17:33:04,440 | INFO | 02_preprocess_pupil | Session 232/721 | ZM_1898 | 53738f95-bd08-4d9d-9133-483fdb19e8da | DLC loaded | rows=164464 | columns=33
2026-07-24 17:33:04,440 | INFO | 02_preprocess_pupil | Session 232/721 | ZM_1898 | 53738f95-bd08-4d9d-9133-483fdb19e8da | loading timestamp dataset alf/#2023-04-20#/_ibl_leftCamera.times.npy
2026-07-24 17:33:04,617 | INFO | 02_preprocess_pupil | Session 232/721 | ZM_1898 | 53738f95-bd08-4d9d-9133-483fdb19e8da | timestamps loaded | samples=164464 | duration=45m 36s
2026-07-24 17:33:04,617 | INFO | 02_preprocess_pupil | Session 232/721 | ZM_1898 | 53738f95-bd08-4d9d-9133-483fdb19e8da | thresholding DLC likelihoods
2026-07-24 17:33:04,652 | INFO | 02_preprocess_pupil | Session 232/721 | ZM_1898 | 53738f95-bd08-4d9d-9133-483fdb19e8da | estimating raw pupil diameter
2026-07-24 17:33:04,788 | INFO | 02_preprocess_pupil | Session 232/721 | ZM_1898 | 53738f95-bd08-4d9d-9133-483fdb19e8da | raw pupil diameter ready | samples=164464 | missing=27.3%
2026-07-24 17:33:04,789 | INFO | 02_preprocess_pupil | Session 232/721 | ZM_1898 | 53738f95-bd08-4d9d-9133-483fdb19e8da | smoothing pupil diameter
2026-07-24 17:33:27,482 | INFO | 02_preprocess_pupil | Session 232/721 | ZM_1898 | 53738f95-bd08-4d9d-9133-483fdb19e8da | smoothing complete | missing=8.7%
2026-07-24 17:33:27,482 | INFO | 02_preprocess_pupil | Session 232/721 | ZM_1898 | 53738f95-bd08-4d9d-9133-483fdb19e8da | masking blink and velocity artifacts
2026-07-24 17:33:27,498 | INFO | 02_preprocess_pupil | Session 232/721 | ZM_1898 | 53738f95-bd08-4d9d-9133-483fdb19e8da | trace cleaning complete | cleaned missing=14.4% | artifact fraction=14.4%
2026-07-24 17:33:27,500 | INFO | 02_preprocess_pupil | Session 232/721 | ZM_1898 | 53738f95-bd08-4d9d-9133-483fdb19e8da | writing trace cache 53738f95-bd08-4d9d-9133-483fdb19e8da.npz
2026-07-24 17:33:27,724 | INFO | 02_preprocess_pupil | Session 232/721 | ZM_1898 | 53738f95-bd08-4d9d-9133-483fdb19e8da | trace cache written | size=2.5 MB
2026-07-24 17:33:27,726 | INFO | 02_preprocess_pupil | Session 232/721 | ZM_1898 | 53738f95-bd08-4d9d-9133-483fdb19e8da | extracting trial-level pupil features
2026-07-24 17:33:28,305 | INFO | 02_preprocess_pupil | Session 232/721 | ZM_1898 | 53738f95-bd08-4d9d-9133-483fdb19e8da | feature extraction complete | stimulus windows valid=74.7% | feedback windows valid=67.3%
2026-07-24 17:33:28,306 | INFO | 02_preprocess_pupil | Session 232/721 complete | status=success | source=one | usable=True | missing=14.4% | session time=26s | cumulative trials=148394/472728 | usable=193 | rejected=13 | failed=26 | elapsed=1h 41m 19s | ETA=3h 33m 34s
2026-07-24 17:33:28,307 | INFO | 02_preprocess_pupil | Session 233/721 | NYU-45 | 537677fe-1e24-4755-948c-fa4a4e8ecce5 | trials=474 | expected source=ONE | starting
2026-07-24 17:33:28,308 | INFO | 02_preprocess_pupil | Session 233/721 | NYU-45 | 537677fe-1e24-4755-948c-fa4a4e8ecce5 | cache miss; fetching trace from ONE
2026-07-24 17:33:28,308 | INFO | 02_preprocess_pupil | Session 233/721 | NYU-45 | 537677fe-1e24-4755-948c-fa4a4e8ecce5 | listing camera datasets
2026-07-24 17:33:30,653 | INFO | 02_preprocess_pupil | Session 233/721 | NYU-45 | 537677fe-1e24-4755-948c-fa4a4e8ecce5 | camera dataset listing complete | matches=8
2026-07-24 17:33:30,653 | INFO | 02_preprocess_pupil | Session 233/721 | NYU-45 | 537677fe-1e24-4755-948c-fa4a4e8ecce5 | loading DLC dataset alf/_ibl_leftCamera.dlc.pqt
2026-07-24 17:33:30,945 | INFO | 02_preprocess_pupil | Session 233/721 | NYU-45 | 537677fe-1e24-4755-948c-fa4a4e8ecce5 | DLC loaded | rows=242125 | columns=33
2026-07-24 17:33:30,945 | INFO | 02_preprocess_pupil | Session 233/721 | NYU-45 | 537677fe-1e24-4755-948c-fa4a4e8ecce5 | loading timestamp dataset alf/_ibl_leftCamera.times.npy
2026-07-24 17:33:31,137 | INFO | 02_preprocess_pupil | Session 233/721 | NYU-45 | 537677fe-1e24-4755-948c-fa4a4e8ecce5 | timestamps loaded | samples=242125 | duration=1h 07m 12s
2026-07-24 17:33:31,138 | INFO | 02_preprocess_pupil | Session 233/721 | NYU-45 | 537677fe-1e24-4755-948c-fa4a4e8ecce5 | thresholding DLC likelihoods
2026-07-24 17:33:31,184 | INFO | 02_preprocess_pupil | Session 233/721 | NYU-45 | 537677fe-1e24-4755-948c-fa4a4e8ecce5 | estimating raw pupil diameter
2026-07-24 17:33:31,313 | INFO | 02_preprocess_pupil | Session 233/721 | NYU-45 | 537677fe-1e24-4755-948c-fa4a4e8ecce5 | raw pupil diameter ready | samples=242125 | missing=2.3%
2026-07-24 17:33:31,314 | INFO | 02_preprocess_pupil | Session 233/721 | NYU-45 | 537677fe-1e24-4755-948c-fa4a4e8ecce5 | smoothing pupil diameter
2026-07-24 17:34:16,404 | INFO | 02_preprocess_pupil | Session 233/721 | NYU-45 | 537677fe-1e24-4755-948c-fa4a4e8ecce5 | smoothing complete | missing=0.1%
2026-07-24 17:34:16,405 | INFO | 02_preprocess_pupil | Session 233/721 | NYU-45 | 537677fe-1e24-4755-948c-fa4a4e8ecce5 | masking blink and velocity artifacts
2026-07-24 17:34:16,433 | INFO | 02_preprocess_pupil | Session 233/721 | NYU-45 | 537677fe-1e24-4755-948c-fa4a4e8ecce5 | trace cleaning complete | cleaned missing=10.9% | artifact fraction=10.9%
2026-07-24 17:34:16,434 | INFO | 02_preprocess_pupil | Session 233/721 | NYU-45 | 537677fe-1e24-4755-948c-fa4a4e8ecce5 | writing trace cache 537677fe-1e24-4755-948c-fa4a4e8ecce5.npz
2026-07-24 17:34:16,730 | INFO | 02_preprocess_pupil | Session 233/721 | NYU-45 | 537677fe-1e24-4755-948c-fa4a4e8ecce5 | trace cache written | size=4.5 MB
2026-07-24 17:34:16,732 | INFO | 02_preprocess_pupil | Session 233/721 | NYU-45 | 537677fe-1e24-4755-948c-fa4a4e8ecce5 | extracting trial-level pupil features
2026-07-24 17:34:17,458 | INFO | 02_preprocess_pupil | Session 233/721 | NYU-45 | 537677fe-1e24-4755-948c-fa4a4e8ecce5 | feature extraction complete | stimulus windows valid=77.8% | feedback windows valid=78.9%
2026-07-24 17:34:17,459 | INFO | 02_preprocess_pupil | Session 233/721 complete | status=success | source=one | usable=True | missing=10.9% | session time=49s | cumulative trials=148868/472728 | usable=194 | rejected=13 | failed=26 | elapsed=1h 42m 09s | ETA=3h 33m 56s
2026-07-24 17:34:17,461 | INFO | 02_preprocess_pupil | Session 234/721 | ZFM-02601 | 53771a15-33be-4a62-a779-a8c609b742e2 | trials=137 | expected source=ONE | starting
2026-07-24 17:34:17,462 | INFO | 02_preprocess_pupil | Session 234/721 | ZFM-02601 | 53771a15-33be-4a62-a779-a8c609b742e2 | cache miss; fetching trace from ONE
2026-07-24 17:34:17,462 | INFO | 02_preprocess_pupil | Session 234/721 | ZFM-02601 | 53771a15-33be-4a62-a779-a8c609b742e2 | listing camera datasets
2026-07-24 17:34:18,976 | INFO | 02_preprocess_pupil | Session 234/721 | ZFM-02601 | 53771a15-33be-4a62-a779-a8c609b742e2 | camera dataset listing complete | matches=4
2026-07-24 17:34:18,977 | INFO | 02_preprocess_pupil | Session 234/721 | ZFM-02601 | 53771a15-33be-4a62-a779-a8c609b742e2 | loading DLC dataset alf/_ibl_leftCamera.dlc.pqt
2026-07-24 17:34:19,253 | INFO | 02_preprocess_pupil | Session 234/721 | ZFM-02601 | 53771a15-33be-4a62-a779-a8c609b742e2 | DLC loaded | rows=185688 | columns=33
2026-07-24 17:34:19,254 | INFO | 02_preprocess_pupil | Session 234/721 | ZFM-02601 | 53771a15-33be-4a62-a779-a8c609b742e2 | loading timestamp dataset alf/_ibl_leftCamera.times.npy
2026-07-24 17:34:19,444 | INFO | 02_preprocess_pupil | Session 234/721 | ZFM-02601 | 53771a15-33be-4a62-a779-a8c609b742e2 | timestamps loaded | samples=185688 | duration=51m 30s
2026-07-24 17:34:19,444 | INFO | 02_preprocess_pupil | Session 234/721 | ZFM-02601 | 53771a15-33be-4a62-a779-a8c609b742e2 | thresholding DLC likelihoods
2026-07-24 17:34:19,480 | INFO | 02_preprocess_pupil | Session 234/721 | ZFM-02601 | 53771a15-33be-4a62-a779-a8c609b742e2 | estimating raw pupil diameter
2026-07-24 17:34:19,593 | INFO | 02_preprocess_pupil | Session 234/721 | ZFM-02601 | 53771a15-33be-4a62-a779-a8c609b742e2 | raw pupil diameter ready | samples=185688 | missing=5.0%
2026-07-24 17:34:19,593 | INFO | 02_preprocess_pupil | Session 234/721 | ZFM-02601 | 53771a15-33be-4a62-a779-a8c609b742e2 | smoothing pupil diameter
2026-07-24 17:34:54,413 | INFO | 02_preprocess_pupil | Session 234/721 | ZFM-02601 | 53771a15-33be-4a62-a779-a8c609b742e2 | smoothing complete | missing=1.7%
2026-07-24 17:34:54,414 | INFO | 02_preprocess_pupil | Session 234/721 | ZFM-02601 | 53771a15-33be-4a62-a779-a8c609b742e2 | masking blink and velocity artifacts
2026-07-24 17:34:54,439 | INFO | 02_preprocess_pupil | Session 234/721 | ZFM-02601 | 53771a15-33be-4a62-a779-a8c609b742e2 | trace cleaning complete | cleaned missing=6.4% | artifact fraction=6.4%
2026-07-24 17:34:54,440 | INFO | 02_preprocess_pupil | Session 234/721 | ZFM-02601 | 53771a15-33be-4a62-a779-a8c609b742e2 | writing trace cache 53771a15-33be-4a62-a779-a8c609b742e2.npz
2026-07-24 17:34:54,668 | INFO | 02_preprocess_pupil | Session 234/721 | ZFM-02601 | 53771a15-33be-4a62-a779-a8c609b742e2 | trace cache written | size=3.5 MB
2026-07-24 17:34:54,671 | INFO | 02_preprocess_pupil | Session 234/721 | ZFM-02601 | 53771a15-33be-4a62-a779-a8c609b742e2 | extracting trial-level pupil features
2026-07-24 17:34:54,857 | INFO | 02_preprocess_pupil | Session 234/721 | ZFM-02601 | 53771a15-33be-4a62-a779-a8c609b742e2 | feature extraction complete | stimulus windows valid=93.4% | feedback windows valid=93.4%
2026-07-24 17:34:54,858 | INFO | 02_preprocess_pupil | Session 234/721 complete | status=success | source=one | usable=True | missing=6.4% | session time=37s | cumulative trials=149005/472728 | usable=195 | rejected=13 | failed=26 | elapsed=1h 42m 46s | ETA=3h 33m 53s
2026-07-24 17:34:54,859 | INFO | 02_preprocess_pupil | Session 235/721 | CSHL052 | 5386aba9-9b97-4557-abcd-abc2da66b863 | trials=1011 | expected source=ONE | starting
2026-07-24 17:34:54,860 | INFO | 02_preprocess_pupil | Session 235/721 | CSHL052 | 5386aba9-9b97-4557-abcd-abc2da66b863 | cache miss; fetching trace from ONE
2026-07-24 17:34:54,860 | INFO | 02_preprocess_pupil | Session 235/721 | CSHL052 | 5386aba9-9b97-4557-abcd-abc2da66b863 | listing camera datasets
2026-07-24 17:34:56,444 | INFO | 02_preprocess_pupil | Session 235/721 | CSHL052 | 5386aba9-9b97-4557-abcd-abc2da66b863 | camera dataset listing complete | matches=8
2026-07-24 17:34:56,445 | INFO | 02_preprocess_pupil | Session 235/721 | CSHL052 | 5386aba9-9b97-4557-abcd-abc2da66b863 | loading DLC dataset alf/_ibl_leftCamera.dlc.pqt
2026-07-24 17:34:56,795 | INFO | 02_preprocess_pupil | Session 235/721 | CSHL052 | 5386aba9-9b97-4557-abcd-abc2da66b863 | DLC loaded | rows=335806 | columns=33
2026-07-24 17:34:56,796 | INFO | 02_preprocess_pupil | Session 235/721 | CSHL052 | 5386aba9-9b97-4557-abcd-abc2da66b863 | loading timestamp dataset alf/#2023-04-20#/_ibl_leftCamera.times.npy
2026-07-24 17:34:56,997 | INFO | 02_preprocess_pupil | Session 235/721 | CSHL052 | 5386aba9-9b97-4557-abcd-abc2da66b863 | timestamps loaded | samples=335806 | duration=1h 33m 13s
2026-07-24 17:34:56,998 | INFO | 02_preprocess_pupil | Session 235/721 | CSHL052 | 5386aba9-9b97-4557-abcd-abc2da66b863 | thresholding DLC likelihoods
2026-07-24 17:34:57,052 | INFO | 02_preprocess_pupil | Session 235/721 | CSHL052 | 5386aba9-9b97-4557-abcd-abc2da66b863 | estimating raw pupil diameter
2026-07-24 17:34:57,225 | INFO | 02_preprocess_pupil | Session 235/721 | CSHL052 | 5386aba9-9b97-4557-abcd-abc2da66b863 | raw pupil diameter ready | samples=335806 | missing=0.0%
2026-07-24 17:34:57,225 | INFO | 02_preprocess_pupil | Session 235/721 | CSHL052 | 5386aba9-9b97-4557-abcd-abc2da66b863 | smoothing pupil diameter
2026-07-24 17:35:54,878 | INFO | 02_preprocess_pupil | Session 235/721 | CSHL052 | 5386aba9-9b97-4557-abcd-abc2da66b863 | still working | step=smoothing pupil diameter | session elapsed=1m 00s
2026-07-24 17:36:03,471 | INFO | 02_preprocess_pupil | Session 235/721 | CSHL052 | 5386aba9-9b97-4557-abcd-abc2da66b863 | smoothing complete | missing=0.0%
2026-07-24 17:36:03,471 | INFO | 02_preprocess_pupil | Session 235/721 | CSHL052 | 5386aba9-9b97-4557-abcd-abc2da66b863 | masking blink and velocity artifacts
2026-07-24 17:36:03,517 | INFO | 02_preprocess_pupil | Session 235/721 | CSHL052 | 5386aba9-9b97-4557-abcd-abc2da66b863 | trace cleaning complete | cleaned missing=6.9% | artifact fraction=6.9%
2026-07-24 17:36:03,518 | INFO | 02_preprocess_pupil | Session 235/721 | CSHL052 | 5386aba9-9b97-4557-abcd-abc2da66b863 | writing trace cache 5386aba9-9b97-4557-abcd-abc2da66b863.npz
2026-07-24 17:36:04,006 | INFO | 02_preprocess_pupil | Session 235/721 | CSHL052 | 5386aba9-9b97-4557-abcd-abc2da66b863 | trace cache written | size=5.9 MB
2026-07-24 17:36:04,009 | INFO | 02_preprocess_pupil | Session 235/721 | CSHL052 | 5386aba9-9b97-4557-abcd-abc2da66b863 | extracting trial-level pupil features
2026-07-24 17:36:06,172 | INFO | 02_preprocess_pupil | Session 235/721 | CSHL052 | 5386aba9-9b97-4557-abcd-abc2da66b863 | feature extraction complete | stimulus windows valid=91.5% | feedback windows valid=90.3%
2026-07-24 17:36:06,173 | INFO | 02_preprocess_pupil | Session 235/721 complete | status=success | source=one | usable=True | missing=6.9% | session time=1m 11s | cumulative trials=150016/472728 | usable=196 | rejected=13 | failed=26 | elapsed=1h 43m 57s | ETA=3h 34m 59s
2026-07-24 17:36:06,174 | INFO | 02_preprocess_pupil | Session 236/721 | ZFM-04811 | 54014195-8d46-4a06-a291-4761d1c98f10 | trials=540 | expected source=ONE | starting
2026-07-24 17:36:06,175 | INFO | 02_preprocess_pupil | Session 236/721 | ZFM-04811 | 54014195-8d46-4a06-a291-4761d1c98f10 | cache miss; fetching trace from ONE
2026-07-24 17:36:06,175 | INFO | 02_preprocess_pupil | Session 236/721 | ZFM-04811 | 54014195-8d46-4a06-a291-4761d1c98f10 | listing camera datasets
2026-07-24 17:36:07,639 | INFO | 02_preprocess_pupil | Session 236/721 | ZFM-04811 | 54014195-8d46-4a06-a291-4761d1c98f10 | camera dataset listing complete | matches=4
2026-07-24 17:36:07,639 | INFO | 02_preprocess_pupil | Session 236/721 | ZFM-04811 | 54014195-8d46-4a06-a291-4761d1c98f10 | loading DLC dataset alf/_ibl_leftCamera.dlc.pqt
2026-07-24 17:36:07,943 | INFO | 02_preprocess_pupil | Session 236/721 | ZFM-04811 | 54014195-8d46-4a06-a291-4761d1c98f10 | DLC loaded | rows=232572 | columns=33
2026-07-24 17:36:07,944 | INFO | 02_preprocess_pupil | Session 236/721 | ZFM-04811 | 54014195-8d46-4a06-a291-4761d1c98f10 | loading timestamp dataset alf/_ibl_leftCamera.times.npy
2026-07-24 17:36:08,135 | INFO | 02_preprocess_pupil | Session 236/721 | ZFM-04811 | 54014195-8d46-4a06-a291-4761d1c98f10 | timestamps loaded | samples=232572 | duration=1h 04m 29s
2026-07-24 17:36:08,136 | INFO | 02_preprocess_pupil | Session 236/721 | ZFM-04811 | 54014195-8d46-4a06-a291-4761d1c98f10 | thresholding DLC likelihoods
2026-07-24 17:36:08,182 | INFO | 02_preprocess_pupil | Session 236/721 | ZFM-04811 | 54014195-8d46-4a06-a291-4761d1c98f10 | estimating raw pupil diameter
2026-07-24 17:36:08,343 | INFO | 02_preprocess_pupil | Session 236/721 | ZFM-04811 | 54014195-8d46-4a06-a291-4761d1c98f10 | raw pupil diameter ready | samples=232572 | missing=13.5%
2026-07-24 17:36:08,343 | INFO | 02_preprocess_pupil | Session 236/721 | ZFM-04811 | 54014195-8d46-4a06-a291-4761d1c98f10 | smoothing pupil diameter
2026-07-24 17:36:48,200 | INFO | 02_preprocess_pupil | Session 236/721 | ZFM-04811 | 54014195-8d46-4a06-a291-4761d1c98f10 | smoothing complete | missing=0.0%
2026-07-24 17:36:48,201 | INFO | 02_preprocess_pupil | Session 236/721 | ZFM-04811 | 54014195-8d46-4a06-a291-4761d1c98f10 | masking blink and velocity artifacts
2026-07-24 17:36:48,232 | INFO | 02_preprocess_pupil | Session 236/721 | ZFM-04811 | 54014195-8d46-4a06-a291-4761d1c98f10 | trace cleaning complete | cleaned missing=8.1% | artifact fraction=8.1%
2026-07-24 17:36:48,232 | INFO | 02_preprocess_pupil | Session 236/721 | ZFM-04811 | 54014195-8d46-4a06-a291-4761d1c98f10 | writing trace cache 54014195-8d46-4a06-a291-4761d1c98f10.npz
2026-07-24 17:36:48,497 | INFO | 02_preprocess_pupil | Session 236/721 | ZFM-04811 | 54014195-8d46-4a06-a291-4761d1c98f10 | trace cache written | size=4.2 MB
2026-07-24 17:36:48,499 | INFO | 02_preprocess_pupil | Session 236/721 | ZFM-04811 | 54014195-8d46-4a06-a291-4761d1c98f10 | extracting trial-level pupil features
2026-07-24 17:36:49,329 | INFO | 02_preprocess_pupil | Session 236/721 | ZFM-04811 | 54014195-8d46-4a06-a291-4761d1c98f10 | feature extraction complete | stimulus windows valid=66.9% | feedback windows valid=65.4%
2026-07-24 17:36:49,330 | INFO | 02_preprocess_pupil | Session 236/721 complete | status=success | source=one | usable=True | missing=8.1% | session time=43s | cumulative trials=150556/472728 | usable=197 | rejected=13 | failed=26 | elapsed=1h 44m 40s | ETA=3h 35m 07s
2026-07-24 17:36:49,331 | INFO | 02_preprocess_pupil | Session 237/721 | DY_018 | 54238fd6-d2d0-4408-b1a9-d19d24fd29ce | trials=623 | expected source=ONE | starting
2026-07-24 17:36:49,332 | INFO | 02_preprocess_pupil | Session 237/721 | DY_018 | 54238fd6-d2d0-4408-b1a9-d19d24fd29ce | cache miss; fetching trace from ONE
2026-07-24 17:36:49,332 | INFO | 02_preprocess_pupil | Session 237/721 | DY_018 | 54238fd6-d2d0-4408-b1a9-d19d24fd29ce | listing camera datasets
2026-07-24 17:36:51,898 | INFO | 02_preprocess_pupil | Session 237/721 | DY_018 | 54238fd6-d2d0-4408-b1a9-d19d24fd29ce | camera dataset listing complete | matches=10
2026-07-24 17:36:51,899 | INFO | 02_preprocess_pupil | Session 237/721 | DY_018 | 54238fd6-d2d0-4408-b1a9-d19d24fd29ce | loading DLC dataset alf/_ibl_leftCamera.dlc.pqt
2026-07-24 17:36:52,231 | INFO | 02_preprocess_pupil | Session 237/721 | DY_018 | 54238fd6-d2d0-4408-b1a9-d19d24fd29ce | DLC loaded | rows=254361 | columns=33
2026-07-24 17:36:52,232 | INFO | 02_preprocess_pupil | Session 237/721 | DY_018 | 54238fd6-d2d0-4408-b1a9-d19d24fd29ce | loading timestamp dataset alf/_ibl_leftCamera.times.npy
2026-07-24 17:36:52,451 | INFO | 02_preprocess_pupil | Session 237/721 | DY_018 | 54238fd6-d2d0-4408-b1a9-d19d24fd29ce | timestamps loaded | samples=254361 | duration=1h 10m 35s
2026-07-24 17:36:52,452 | INFO | 02_preprocess_pupil | Session 237/721 | DY_018 | 54238fd6-d2d0-4408-b1a9-d19d24fd29ce | thresholding DLC likelihoods
2026-07-24 17:36:52,493 | INFO | 02_preprocess_pupil | Session 237/721 | DY_018 | 54238fd6-d2d0-4408-b1a9-d19d24fd29ce | estimating raw pupil diameter
2026-07-24 17:36:52,645 | INFO | 02_preprocess_pupil | Session 237/721 | DY_018 | 54238fd6-d2d0-4408-b1a9-d19d24fd29ce | raw pupil diameter ready | samples=254361 | missing=0.0%
2026-07-24 17:36:52,646 | INFO | 02_preprocess_pupil | Session 237/721 | DY_018 | 54238fd6-d2d0-4408-b1a9-d19d24fd29ce | smoothing pupil diameter
2026-07-24 17:37:42,424 | INFO | 02_preprocess_pupil | Session 237/721 | DY_018 | 54238fd6-d2d0-4408-b1a9-d19d24fd29ce | smoothing complete | missing=0.0%
2026-07-24 17:37:42,425 | INFO | 02_preprocess_pupil | Session 237/721 | DY_018 | 54238fd6-d2d0-4408-b1a9-d19d24fd29ce | masking blink and velocity artifacts
2026-07-24 17:37:42,455 | INFO | 02_preprocess_pupil | Session 237/721 | DY_018 | 54238fd6-d2d0-4408-b1a9-d19d24fd29ce | trace cleaning complete | cleaned missing=1.6% | artifact fraction=1.6%
2026-07-24 17:37:42,456 | INFO | 02_preprocess_pupil | Session 237/721 | DY_018 | 54238fd6-d2d0-4408-b1a9-d19d24fd29ce | writing trace cache 54238fd6-d2d0-4408-b1a9-d19d24fd29ce.npz
2026-07-24 17:37:42,768 | INFO | 02_preprocess_pupil | Session 237/721 | DY_018 | 54238fd6-d2d0-4408-b1a9-d19d24fd29ce | trace cache written | size=4.9 MB
2026-07-24 17:37:42,770 | INFO | 02_preprocess_pupil | Session 237/721 | DY_018 | 54238fd6-d2d0-4408-b1a9-d19d24fd29ce | extracting trial-level pupil features
2026-07-24 17:37:43,848 | INFO | 02_preprocess_pupil | Session 237/721 | DY_018 | 54238fd6-d2d0-4408-b1a9-d19d24fd29ce | feature extraction complete | stimulus windows valid=89.2% | feedback windows valid=96.8%
2026-07-24 17:37:43,849 | INFO | 02_preprocess_pupil | Session 237/721 complete | status=success | source=one | usable=True | missing=1.6% | session time=55s | cumulative trials=151179/472728 | usable=198 | rejected=13 | failed=26 | elapsed=1h 45m 35s | ETA=3h 35m 37s
2026-07-24 17:37:43,850 | INFO | 02_preprocess_pupil | Session 238/721 | PL035 | 5437ec1f-6535-470c-80b8-4c8806ee085d | trials=512 | expected source=ONE | starting
2026-07-24 17:37:43,851 | INFO | 02_preprocess_pupil | Session 238/721 | PL035 | 5437ec1f-6535-470c-80b8-4c8806ee085d | cache miss; fetching trace from ONE
2026-07-24 17:37:43,852 | INFO | 02_preprocess_pupil | Session 238/721 | PL035 | 5437ec1f-6535-470c-80b8-4c8806ee085d | listing camera datasets
2026-07-24 17:37:45,627 | INFO | 02_preprocess_pupil | Session 238/721 | PL035 | 5437ec1f-6535-470c-80b8-4c8806ee085d | camera dataset listing complete | matches=8
2026-07-24 17:37:45,627 | INFO | 02_preprocess_pupil | Session 238/721 | PL035 | 5437ec1f-6535-470c-80b8-4c8806ee085d | loading DLC dataset alf/_ibl_leftCamera.dlc.pqt
2026-07-24 17:37:45,930 | INFO | 02_preprocess_pupil | Session 238/721 | PL035 | 5437ec1f-6535-470c-80b8-4c8806ee085d | DLC loaded | rows=240106 | columns=33
2026-07-24 17:37:45,930 | INFO | 02_preprocess_pupil | Session 238/721 | PL035 | 5437ec1f-6535-470c-80b8-4c8806ee085d | loading timestamp dataset alf/_ibl_leftCamera.times.npy
2026-07-24 17:37:46,068 | INFO | 02_preprocess_pupil | Session 238/721 | PL035 | 5437ec1f-6535-470c-80b8-4c8806ee085d | timestamps loaded | samples=240106 | duration=1h 06m 39s
2026-07-24 17:37:46,068 | INFO | 02_preprocess_pupil | Session 238/721 | PL035 | 5437ec1f-6535-470c-80b8-4c8806ee085d | thresholding DLC likelihoods
2026-07-24 17:37:46,124 | INFO | 02_preprocess_pupil | Session 238/721 | PL035 | 5437ec1f-6535-470c-80b8-4c8806ee085d | estimating raw pupil diameter
2026-07-24 17:37:46,351 | INFO | 02_preprocess_pupil | Session 238/721 | PL035 | 5437ec1f-6535-470c-80b8-4c8806ee085d | raw pupil diameter ready | samples=240106 | missing=33.3%
2026-07-24 17:37:46,352 | INFO | 02_preprocess_pupil | Session 238/721 | PL035 | 5437ec1f-6535-470c-80b8-4c8806ee085d | smoothing pupil diameter
2026-07-24 17:38:17,610 | INFO | 02_preprocess_pupil | Session 238/721 | PL035 | 5437ec1f-6535-470c-80b8-4c8806ee085d | smoothing complete | missing=0.0%
2026-07-24 17:38:17,611 | INFO | 02_preprocess_pupil | Session 238/721 | PL035 | 5437ec1f-6535-470c-80b8-4c8806ee085d | masking blink and velocity artifacts
2026-07-24 17:38:17,644 | INFO | 02_preprocess_pupil | Session 238/721 | PL035 | 5437ec1f-6535-470c-80b8-4c8806ee085d | trace cleaning complete | cleaned missing=7.3% | artifact fraction=7.3%
2026-07-24 17:38:17,645 | INFO | 02_preprocess_pupil | Session 238/721 | PL035 | 5437ec1f-6535-470c-80b8-4c8806ee085d | writing trace cache 5437ec1f-6535-470c-80b8-4c8806ee085d.npz
2026-07-24 17:38:17,914 | INFO | 02_preprocess_pupil | Session 238/721 | PL035 | 5437ec1f-6535-470c-80b8-4c8806ee085d | trace cache written | size=4.1 MB
2026-07-24 17:38:17,916 | INFO | 02_preprocess_pupil | Session 238/721 | PL035 | 5437ec1f-6535-470c-80b8-4c8806ee085d | extracting trial-level pupil features
2026-07-24 17:38:18,675 | INFO | 02_preprocess_pupil | Session 238/721 | PL035 | 5437ec1f-6535-470c-80b8-4c8806ee085d | feature extraction complete | stimulus windows valid=66.8% | feedback windows valid=72.7%
2026-07-24 17:38:18,676 | INFO | 02_preprocess_pupil | Session 238/721 complete | status=success | source=one | usable=True | missing=7.3% | session time=35s | cumulative trials=151691/472728 | usable=199 | rejected=13 | failed=26 | elapsed=1h 46m 10s | ETA=3h 35m 27s
2026-07-24 17:38:18,677 | INFO | 02_preprocess_pupil | Session 239/721 | UCLA033 | 5455a21c-1be7-4cae-ae8e-8853a8d5f55e | trials=634 | expected source=ONE | starting
2026-07-24 17:38:18,678 | INFO | 02_preprocess_pupil | Session 239/721 | UCLA033 | 5455a21c-1be7-4cae-ae8e-8853a8d5f55e | cache miss; fetching trace from ONE
2026-07-24 17:38:18,679 | INFO | 02_preprocess_pupil | Session 239/721 | UCLA033 | 5455a21c-1be7-4cae-ae8e-8853a8d5f55e | listing camera datasets
2026-07-24 17:38:20,305 | INFO | 02_preprocess_pupil | Session 239/721 | UCLA033 | 5455a21c-1be7-4cae-ae8e-8853a8d5f55e | camera dataset listing complete | matches=8
2026-07-24 17:38:20,305 | INFO | 02_preprocess_pupil | Session 239/721 | UCLA033 | 5455a21c-1be7-4cae-ae8e-8853a8d5f55e | loading DLC dataset alf/_ibl_leftCamera.dlc.pqt
2026-07-24 17:38:20,665 | INFO | 02_preprocess_pupil | Session 239/721 | UCLA033 | 5455a21c-1be7-4cae-ae8e-8853a8d5f55e | DLC loaded | rows=273235 | columns=33
2026-07-24 17:38:20,665 | INFO | 02_preprocess_pupil | Session 239/721 | UCLA033 | 5455a21c-1be7-4cae-ae8e-8853a8d5f55e | loading timestamp dataset alf/#2023-04-20#/_ibl_leftCamera.times.npy
2026-07-24 17:38:20,871 | INFO | 02_preprocess_pupil | Session 239/721 | UCLA033 | 5455a21c-1be7-4cae-ae8e-8853a8d5f55e | timestamps loaded | samples=273235 | duration=1h 14m 44s
2026-07-24 17:38:20,872 | INFO | 02_preprocess_pupil | Session 239/721 | UCLA033 | 5455a21c-1be7-4cae-ae8e-8853a8d5f55e | thresholding DLC likelihoods
2026-07-24 17:38:20,935 | INFO | 02_preprocess_pupil | Session 239/721 | UCLA033 | 5455a21c-1be7-4cae-ae8e-8853a8d5f55e | estimating raw pupil diameter
2026-07-24 17:38:21,131 | INFO | 02_preprocess_pupil | Session 239/721 | UCLA033 | 5455a21c-1be7-4cae-ae8e-8853a8d5f55e | raw pupil diameter ready | samples=273235 | missing=15.1%
2026-07-24 17:38:21,132 | INFO | 02_preprocess_pupil | Session 239/721 | UCLA033 | 5455a21c-1be7-4cae-ae8e-8853a8d5f55e | smoothing pupil diameter
2026-07-24 17:39:06,366 | INFO | 02_preprocess_pupil | Session 239/721 | UCLA033 | 5455a21c-1be7-4cae-ae8e-8853a8d5f55e | smoothing complete | missing=3.7%
2026-07-24 17:39:06,367 | INFO | 02_preprocess_pupil | Session 239/721 | UCLA033 | 5455a21c-1be7-4cae-ae8e-8853a8d5f55e | masking blink and velocity artifacts
2026-07-24 17:39:06,400 | INFO | 02_preprocess_pupil | Session 239/721 | UCLA033 | 5455a21c-1be7-4cae-ae8e-8853a8d5f55e | trace cleaning complete | cleaned missing=18.8% | artifact fraction=18.8%
2026-07-24 17:39:06,402 | INFO | 02_preprocess_pupil | Session 239/721 | UCLA033 | 5455a21c-1be7-4cae-ae8e-8853a8d5f55e | writing trace cache 5455a21c-1be7-4cae-ae8e-8853a8d5f55e.npz
2026-07-24 17:39:06,705 | INFO | 02_preprocess_pupil | Session 239/721 | UCLA033 | 5455a21c-1be7-4cae-ae8e-8853a8d5f55e | trace cache written | size=4.7 MB
2026-07-24 17:39:06,708 | INFO | 02_preprocess_pupil | Session 239/721 | UCLA033 | 5455a21c-1be7-4cae-ae8e-8853a8d5f55e | extracting trial-level pupil features
2026-07-24 17:39:07,766 | INFO | 02_preprocess_pupil | Session 239/721 | UCLA033 | 5455a21c-1be7-4cae-ae8e-8853a8d5f55e | feature extraction complete | stimulus windows valid=59.8% | feedback windows valid=54.4%
2026-07-24 17:39:07,767 | INFO | 02_preprocess_pupil | Session 239/721 complete | status=success | source=one | usable=True | missing=18.8% | session time=49s | cumulative trials=152325/472728 | usable=200 | rejected=13 | failed=26 | elapsed=1h 46m 59s | ETA=3h 35m 45s
2026-07-24 17:39:07,768 | INFO | 02_preprocess_pupil | Session 240/721 | CSH_ZAD_025 | 549caacc-3bd7-40f1-913d-e94141816547 | trials=407 | expected source=ONE | starting
2026-07-24 17:39:07,769 | INFO | 02_preprocess_pupil | Session 240/721 | CSH_ZAD_025 | 549caacc-3bd7-40f1-913d-e94141816547 | cache miss; fetching trace from ONE
2026-07-24 17:39:07,770 | INFO | 02_preprocess_pupil | Session 240/721 | CSH_ZAD_025 | 549caacc-3bd7-40f1-913d-e94141816547 | listing camera datasets
2026-07-24 17:39:10,128 | INFO | 02_preprocess_pupil | Session 240/721 | CSH_ZAD_025 | 549caacc-3bd7-40f1-913d-e94141816547 | camera dataset listing complete | matches=8
2026-07-24 17:39:10,128 | INFO | 02_preprocess_pupil | Session 240/721 | CSH_ZAD_025 | 549caacc-3bd7-40f1-913d-e94141816547 | loading DLC dataset alf/_ibl_leftCamera.dlc.pqt
2026-07-24 17:39:18,232 | INFO | 02_preprocess_pupil | Session 240/721 | CSH_ZAD_025 | 549caacc-3bd7-40f1-913d-e94141816547 | DLC loaded | rows=308331 | columns=33
2026-07-24 17:39:18,232 | INFO | 02_preprocess_pupil | Session 240/721 | CSH_ZAD_025 | 549caacc-3bd7-40f1-913d-e94141816547 | loading timestamp dataset alf/#2023-04-20#/_ibl_leftCamera.times.npy
2026-07-24 17:39:19,861 | INFO | 02_preprocess_pupil | Session 240/721 | CSH_ZAD_025 | 549caacc-3bd7-40f1-913d-e94141816547 | timestamps loaded | samples=308331 | duration=1h 25m 36s
2026-07-24 17:39:19,862 | INFO | 02_preprocess_pupil | Session 240/721 | CSH_ZAD_025 | 549caacc-3bd7-40f1-913d-e94141816547 | thresholding DLC likelihoods
2026-07-24 17:39:19,956 | INFO | 02_preprocess_pupil | Session 240/721 | CSH_ZAD_025 | 549caacc-3bd7-40f1-913d-e94141816547 | estimating raw pupil diameter
2026-07-24 17:39:20,477 | INFO | 02_preprocess_pupil | Session 240/721 | CSH_ZAD_025 | 549caacc-3bd7-40f1-913d-e94141816547 | raw pupil diameter ready | samples=308331 | missing=98.1%
2026-07-24 17:39:20,478 | INFO | 02_preprocess_pupil | Session 240/721 | CSH_ZAD_025 | 549caacc-3bd7-40f1-913d-e94141816547 | smoothing pupil diameter
2026-07-24 17:39:20,478 | WARNING | 02_preprocess_pupil | Session 240/721 failed | subject=CSH_ZAD_025 | eid=549caacc-3bd7-40f1-913d-e94141816547 | session elapsed=13s | error=ValueError: Raw pupil diameter for left is too often NaN, cannot smooth.
2026-07-24 17:39:20,483 | INFO | 02_preprocess_pupil | Session 240/721 complete | status=failed | source=none | usable=False | missing=n/a | session time=13s | cumulative trials=152732/472728 | usable=200 | rejected=13 | failed=27 | elapsed=1h 47m 12s | ETA=3h 34m 50s
2026-07-24 17:39:20,485 | INFO | 02_preprocess_pupil | Session 241/721 | ZFM-02600 | 54c8eada-31d4-4c8d-bcc6-a76097b5ed17 | trials=720 | expected source=ONE | starting
2026-07-24 17:39:20,486 | INFO | 02_preprocess_pupil | Session 241/721 | ZFM-02600 | 54c8eada-31d4-4c8d-bcc6-a76097b5ed17 | cache miss; fetching trace from ONE
2026-07-24 17:39:20,486 | INFO | 02_preprocess_pupil | Session 241/721 | ZFM-02600 | 54c8eada-31d4-4c8d-bcc6-a76097b5ed17 | listing camera datasets
2026-07-24 17:39:21,130 | INFO | 02_preprocess_pupil | Session 241/721 | ZFM-02600 | 54c8eada-31d4-4c8d-bcc6-a76097b5ed17 | camera dataset listing complete | matches=5
2026-07-24 17:39:21,130 | INFO | 02_preprocess_pupil | Session 241/721 | ZFM-02600 | 54c8eada-31d4-4c8d-bcc6-a76097b5ed17 | loading DLC dataset alf/_ibl_leftCamera.dlc.pqt
2026-07-24 17:39:27,521 | INFO | 02_preprocess_pupil | Session 241/721 | ZFM-02600 | 54c8eada-31d4-4c8d-bcc6-a76097b5ed17 | DLC loaded | rows=198736 | columns=33
2026-07-24 17:39:27,522 | INFO | 02_preprocess_pupil | Session 241/721 | ZFM-02600 | 54c8eada-31d4-4c8d-bcc6-a76097b5ed17 | loading timestamp dataset alf/_ibl_leftCamera.times.npy
2026-07-24 17:39:29,198 | INFO | 02_preprocess_pupil | Session 241/721 | ZFM-02600 | 54c8eada-31d4-4c8d-bcc6-a76097b5ed17 | timestamps loaded | samples=198736 | duration=55m 07s
2026-07-24 17:39:29,199 | INFO | 02_preprocess_pupil | Session 241/721 | ZFM-02600 | 54c8eada-31d4-4c8d-bcc6-a76097b5ed17 | thresholding DLC likelihoods
2026-07-24 17:39:29,261 | INFO | 02_preprocess_pupil | Session 241/721 | ZFM-02600 | 54c8eada-31d4-4c8d-bcc6-a76097b5ed17 | estimating raw pupil diameter
2026-07-24 17:39:29,410 | INFO | 02_preprocess_pupil | Session 241/721 | ZFM-02600 | 54c8eada-31d4-4c8d-bcc6-a76097b5ed17 | raw pupil diameter ready | samples=198736 | missing=21.8%
2026-07-24 17:39:29,410 | INFO | 02_preprocess_pupil | Session 241/721 | ZFM-02600 | 54c8eada-31d4-4c8d-bcc6-a76097b5ed17 | smoothing pupil diameter
